0,1,0,31
0,4,0,2
0,7,0,16
0,8,0,3
0,12,0,18
0,14,0,11
0,17,0,28
0,19,0,27
0,20,0,10
0,22,0,12
0,26,0,34
0,28,0,11
0,30,0,45
0,31,0,27
0,36,0,18
0,37,0,49
0,38,0,45
0,41,0,33
0,42,0,39
0,43,0,41
0,48,0,27
0,49,0,34
0,50,0,45
1,1,0,41
1,4,0,12
1,7,0,15
1,8,0,3
1,12,0,17
1,14,0,10
1,17,0,29
1,19,0,27
1,20,0,20
1,22,0,2
1,26,0,33
1,28,0,11
1,30,0,45
1,31,0,27
1,36,0,18
1,38,0,45
1,41,0,34
1,42,0,29
1,43,0,31
1,48,0,27
1,49,0,24
1,50,0,44
1,51,0,34
2,4,0,13
2,7,0,14
2,8,0,3
2,12,0,27
2,14,0,20
2,17,0,19
2,19,0,27
2,20,0,30
2,22,0,1
2,26,0,23
2,28,0,11
2,30,0,45
2,31,0,27
2,36,0,18
2,38,0,45
2,41,0,24
2,42,0,28
2,43,0,31
2,48,0,27
2,49,0,24
2,50,0,44
2,51,0,44
2,52,0,11
3,4,0,23
3,7,0,13
3,8,0,3
3,12,0,26
3,14,0,20
3,17,0,19
3,19,0,27
3,20,0,40
3,22,0,0
3,26,0,24
3,28,0,11
3,30,0,45
3,31,0,27
3,36,0,18
3,38,0,45
3,41,0,24
3,42,0,38
3,43,0,31
3,48,0,27
3,49,0,24
3,50,0,44
3,51,0,44
3,52,0,11
3,53,0,24
4,4,0,24
4,7,0,12
4,8,0,3
4,12,0,26
4,14,0,20
4,17,0,19
4,19,0,27
4,20,0,40
4,22,0,10
4,26,0,14
4,28,0,11
4,30,0,45
4,31,0,27
4,36,0,18
4,38,0,45
4,41,0,24
4,42,0,39
4,43,0,31
4,48,0,27
4,49,0,24
4,50,0,44
4,51,0,44
4,52,0,11
4,53,0,25
4,54,0,12
5,4,0,25
5,7,0,22
5,8,0,3
5,12,0,26
5,14,0,20
5,17,0,19
5,19,0,27
5,20,0,40
5,22,0,10
5,26,0,13
5,28,0,11
5,30,0,45
5,31,0,27
5,36,0,18
5,38,0,45
5,41,0,24
5,42,0,39
5,43,0,31
5,48,0,27
5,49,0,24
5,50,0,44
5,51,0,44
5,52,0,11
5,53,0,25
5,54,0,13
5,55,0,47
6,4,0,15
6,7,0,22
6,8,0,3
6,12,0,26
6,14,0,20
6,17,0,19
6,19,0,27
6,20,0,40
6,22,0,10
6,26,0,3
6,28,0,11
6,30,0,45
6,31,0,27
6,36,0,18
6,38,0,45
6,41,0,24
6,42,0,39
6,43,0,31
6,48,0,27
6,49,0,24
6,50,0,44
6,51,0,44
6,52,0,11
6,53,0,25
6,54,0,23
6,55,0,37
6,59,0,47
7,4,0,14
7,7,0,22
7,8,0,3
7,12,0,26
7,14,0,20
7,17,0,19
7,19,0,27
7,20,0,40
7,22,0,10
7,26,0,3
7,28,0,11
7,30,0,45
7,31,0,27
7,36,0,18
7,38,0,45
7,41,0,24
7,42,0,39
7,43,0,31
7,48,0,27
7,49,0,24
7,50,0,44
7,51,0,44
7,52,0,11
7,53,0,25
7,54,0,22
7,55,0,38
7,59,0,47
7,62,0,19
8,4,0,24
8,7,0,22
8,8,0,3
8,12,0,26
8,14,0,20
8,17,0,19
8,19,0,27
8,20,0,40
8,22,0,10
8,26,0,3
8,28,0,11
8,30,0,45
8,31,0,27
8,36,0,18
8,38,0,45
8,41,0,24
8,42,0,39
8,43,0,31
8,48,0,27
8,49,0,24
8,50,0,44
8,51,0,44
8,52,0,11
8,53,0,25
8,54,0,22
8,55,0,28
8,59,0,47
8,62,0,29
8,64,0,15
9,4,0,25
9,7,0,22
9,8,0,3
9,12,0,26
9,14,0,20
9,17,0,19
9,19,0,27
9,20,0,40
9,22,0,10
9,26,0,3
9,28,0,11
9,30,0,45
9,31,0,27
9,36,0,18
9,38,0,45
9,41,0,24
9,42,0,39
9,43,0,31
9,48,0,27
9,49,0,24
9,50,0,44
9,51,0,44
9,52,0,11
9,53,0,25
9,54,0,22
9,55,0,27
9,59,0,47
9,62,0,28
9,64,0,15
9,65,0,40
10,4,0,25
10,7,0,22
10,8,0,3
10,12,0,26
10,14,0,20
10,17,0,19
10,19,0,27
10,20,0,40
10,22,0,10
10,26,0,3
10,28,0,11
10,30,0,45
10,31,0,27
10,36,0,18
10,38,0,45
10,41,0,24
10,42,0,39
10,43,0,31
10,48,0,27
10,49,0,24
10,50,0,44
10,51,0,44
10,52,0,11
10,53,0,25
10,54,0,22
10,55,0,27
10,59,0,47
10,62,0,38
10,64,0,15
10,65,0,30
10,72,0,4
11,4,0,25
11,7,0,22
11,8,0,3
11,12,0,26
11,14,0,20
11,17,0,19
11,19,0,27
11,20,0,40
11,22,0,10
11,26,0,3
11,28,0,11
11,30,0,45
11,31,0,27
11,36,0,18
11,38,0,45
11,41,0,24
11,42,0,39
11,43,0,31
11,48,0,27
11,49,0,24
11,50,0,44
11,51,0,44
11,52,0,11
11,53,0,25
11,54,0,22
11,55,0,27
11,59,0,47
11,62,0,39
11,64,0,15
11,65,0,30
11,72,0,5
11,73,0,28
12,4,0,25
12,7,0,22
12,8,0,3
12,12,0,26
12,14,0,20
12,17,0,19
12,19,0,27
12,20,0,40
12,22,0,10
12,26,0,3
12,28,0,11
12,30,0,45
12,31,0,27
12,36,0,18
12,38,0,45
12,41,0,24
12,42,0,39
12,43,0,31
12,48,0,27
12,49,0,24
12,50,0,44
12,51,0,44
12,52,0,11
12,53,0,25
12,54,0,22
12,55,0,27
12,59,0,47
12,62,0,39
12,64,0,15
12,65,0,30
12,72,0,6
12,73,0,28
12,74,0,3
13,4,0,25
13,7,0,22
13,8,0,3
13,12,0,26
13,14,0,20
13,17,0,19
13,19,0,27
13,20,0,40
13,22,0,10
13,26,0,3
13,28,0,11
13,30,0,45
13,31,0,27
13,36,0,18
13,38,0,45
13,41,0,24
13,42,0,39
13,43,0,31
13,48,0,27
13,49,0,24
13,50,0,44
13,51,0,44
13,52,0,11
13,53,0,25
13,54,0,22
13,55,0,27
13,59,0,47
13,62,0,39
13,64,0,15
13,65,0,30
13,72,0,6
13,73,0,28
13,74,0,3
13,75,0,19
14,4,0,25
14,7,0,22
14,8,0,3
14,12,0,26
14,14,0,20
14,17,0,19
14,19,0,27
14,20,0,40
14,22,0,10
14,26,0,3
14,28,0,11
14,30,0,45
14,31,0,27
14,36,0,18
14,38,0,45
14,41,0,24
14,42,0,39
14,43,0,31
14,48,0,27
14,49,0,24
14,50,0,44
14,51,0,44
14,52,0,11
14,53,0,25
14,54,0,22
14,55,0,27
14,59,0,47
14,62,0,39
14,64,0,15
14,65,0,30
14,72,0,6
14,73,0,28
14,74,0,3
14,75,0,9
14,76,0,12
15,4,0,25
15,7,0,22
15,8,0,3
15,12,0,26
15,14,0,20
15,17,0,19
15,19,0,27
15,20,0,40
15,22,0,10
15,26,0,3
15,28,0,11
15,30,0,45
15,31,0,27
15,36,0,18
15,38,0,45
15,41,0,24
15,42,0,39
15,43,0,31
15,48,0,27
15,49,0,24
15,50,0,44
15,51,0,44
15,52,0,11
15,53,0,25
15,54,0,22
15,55,0,27
15,59,0,47
15,62,0,39
15,64,0,15
15,65,0,30
15,72,0,6
15,73,0,28
15,74,0,3
15,75,0,9
15,76,0,11
15,78,0,42
16,4,0,25
16,7,0,22
16,8,0,3
16,12,0,26
16,14,0,20
16,17,0,19
16,19,0,27
16,20,0,40
16,22,0,10
16,26,0,3
16,28,0,11
16,30,0,45
16,31,0,27
16,36,0,18
16,38,0,45
16,41,0,24
16,42,0,39
16,43,0,31
16,48,0,27
16,49,0,24
16,50,0,44
16,51,0,44
16,52,0,11
16,53,0,25
16,54,0,22
16,55,0,27
16,59,0,47
16,62,0,39
16,64,0,15
16,65,0,30
16,72,0,6
16,73,0,28
16,74,0,3
16,75,0,9
16,76,0,21
16,78,0,41
16,79,0,48
17,4,0,25
17,7,0,22
17,8,0,3
17,12,0,26
17,14,0,20
17,17,0,19
17,19,0,27
17,20,0,40
17,22,0,10
17,26,0,3
17,28,0,11
17,30,0,45
17,31,0,27
17,36,0,18
17,38,0,45
17,41,0,24
17,42,0,39
17,43,0,31
17,48,0,27
17,49,0,24
17,50,0,44
17,51,0,44
17,52,0,11
17,53,0,25
17,54,0,22
17,55,0,27
17,59,0,47
17,62,0,39
17,64,0,15
17,65,0,30
17,72,0,6
17,73,0,28
17,74,0,3
17,75,0,9
17,76,0,31
17,79,0,49
17,80,0,10
18,4,0,25
18,7,0,22
18,8,0,3
18,12,0,26
18,14,0,20
18,17,0,19
18,19,0,27
18,20,0,40
18,22,0,10
18,26,0,3
18,28,0,11
18,30,0,45
18,31,0,27
18,36,0,18
18,38,0,45
18,41,0,24
18,42,0,39
18,43,0,31
18,48,0,27
18,49,0,24
18,50,0,44
18,51,0,44
18,52,0,11
18,53,0,25
18,54,0,22
18,55,0,27
18,59,0,47
18,62,0,39
18,64,0,15
18,65,0,30
18,72,0,6
18,73,0,28
18,74,0,3
18,75,0,9
18,76,0,31
18,79,0,49
18,80,0,0
18,81,0,4
19,4,0,25
19,7,0,22
19,8,0,3
19,12,0,26
19,14,0,20
19,17,0,19
19,19,0,27
19,20,0,40
19,22,0,10
19,26,0,3
19,28,0,11
19,30,0,45
19,31,0,27
19,36,0,18
19,38,0,45
19,41,0,24
19,42,0,39
19,43,0,31
19,48,0,27
19,49,0,24
19,50,0,44
19,51,0,44
19,52,0,11
19,53,0,25
19,54,0,22
19,55,0,27
19,59,0,47
19,62,0,39
19,64,0,15
19,65,0,30
19,72,0,6
19,73,0,28
19,74,0,3
19,75,0,9
19,76,0,31
19,79,0,49
19,80,0,1
19,81,0,4
19,82,0,45
20,4,0,25
20,7,0,22
20,8,0,3
20,12,0,26
20,14,0,20
20,17,0,19
20,19,0,27
20,20,0,40
20,22,0,10
20,26,0,3
20,28,0,11
20,30,0,45
20,31,0,27
20,36,0,18
20,38,0,45
20,41,0,24
20,42,0,39
20,43,0,31
20,48,0,27
20,49,0,24
20,50,0,44
20,51,0,44
20,52,0,11
20,53,0,25
20,54,0,22
20,55,0,27
20,59,0,47
20,62,0,39
20,64,0,15
20,65,0,30
20,72,0,6
20,73,0,28
20,74,0,3
20,75,0,9
20,76,0,31
20,79,0,49
20,80,0,2
20,81,0,4
20,82,0,35
20,84,0,4
21,4,0,25
21,7,0,22
21,8,0,3
21,12,0,26
21,14,0,20
21,17,0,19
21,19,0,27
21,20,0,40
21,22,0,10
21,26,0,3
21,28,0,11
21,30,0,45
21,31,0,27
21,36,0,18
21,38,0,45
21,41,0,24
21,42,0,39
21,43,0,31
21,48,0,27
21,49,0,24
21,50,0,44
21,51,0,44
21,52,0,11
21,53,0,25
21,54,0,22
21,55,0,27
21,59,0,47
21,62,0,39
21,64,0,15
21,65,0,30
21,72,0,6
21,73,0,28
21,74,0,3
21,75,0,9
21,76,0,31
21,79,0,49
21,80,0,12
21,81,0,4
21,82,0,25
21,84,0,14
21,86,0,18
22,4,0,25
22,7,0,22
22,8,0,3
22,12,0,26
22,14,0,20
22,17,0,19
22,19,0,27
22,20,0,40
22,22,0,10
22,26,0,3
22,28,0,11
22,30,0,45
22,31,0,27
22,36,0,18
22,38,0,45
22,41,0,24
22,42,0,39
22,43,0,31
22,48,0,27
22,49,0,24
22,50,0,44
22,51,0,44
22,52,0,11
22,53,0,25
22,54,0,22
22,55,0,27
22,59,0,47
22,62,0,39
22,64,0,15
22,65,0,30
22,72,0,6
22,73,0,28
22,74,0,3
22,75,0,9
22,76,0,31
22,79,0,49
22,80,0,11
22,81,0,4
22,82,0,15
22,84,0,24
22,86,0,18
22,87,0,15
23,4,0,25
23,7,0,22
23,8,0,3
23,12,0,26
23,14,0,20
23,17,0,19
23,19,0,27
23,20,0,40
23,22,0,10
23,26,0,3
23,28,0,11
23,30,0,45
23,31,0,27
23,36,0,18
23,38,0,45
23,41,0,24
23,42,0,39
23,43,0,31
23,48,0,27
23,49,0,24
23,50,0,44
23,51,0,44
23,52,0,11
23,53,0,25
23,54,0,22
23,55,0,27
23,59,0,47
23,62,0,39
23,64,0,15
23,65,0,30
23,72,0,6
23,73,0,28
23,74,0,3
23,75,0,9
23,76,0,31
23,79,0,49
23,80,0,10
23,81,0,4
23,82,0,14
23,84,0,23
23,86,0,18
23,87,0,25
23,88,0,38
24,4,0,25
24,7,0,22
24,8,0,3
24,12,0,26
24,14,0,20
24,17,0,19
24,19,0,27
24,20,0,40
24,22,0,10
24,26,0,3
24,28,0,11
24,30,0,45
24,31,0,27
24,36,0,18
24,38,0,45
24,41,0,24
24,42,0,39
24,43,0,31
24,48,0,27
24,49,0,24
24,50,0,44
24,51,0,44
24,52,0,11
24,53,0,25
24,54,0,22
24,55,0,27
24,59,0,47
24,62,0,39
24,64,0,15
24,65,0,30
24,72,0,6
24,73,0,28
24,74,0,3
24,75,0,9
24,76,0,31
24,79,0,49
24,80,0,0
24,81,0,4
24,82,0,13
24,84,0,23
24,86,0,18
24,87,0,35
24,88,0,38
24,89,0,11
25,4,0,25
25,7,0,22
25,8,0,3
25,12,0,26
25,14,0,20
25,17,0,19
25,19,0,27
25,20,0,40
25,22,0,10
25,26,0,3
25,28,0,11
25,30,0,45
25,31,0,27
25,36,0,18
25,38,0,45
25,41,0,24
25,42,0,39
25,43,0,31
25,48,0,27
25,49,0,24
25,50,0,44
25,51,0,44
25,52,0,11
25,53,0,25
25,54,0,22
25,55,0,27
25,59,0,47
25,62,0,39
25,64,0,15
25,65,0,30
25,72,0,6
25,73,0,28
25,74,0,3
25,75,0,9
25,76,0,31
25,79,0,49
25,80,0,1
25,81,0,4
25,82,0,3
25,84,0,23
25,86,0,18
25,87,0,36
25,88,0,38
25,89,0,12
25,91,0,4
26,4,0,25
26,7,0,22
26,8,0,3
26,12,0,26
26,14,0,20
26,17,0,19
26,19,0,27
26,20,0,40
26,22,0,10
26,26,0,3
26,28,0,11
26,30,0,45
26,31,0,27
26,36,0,18
26,38,0,45
26,41,0,24
26,42,0,39
26,43,0,31
26,48,0,27
26,49,0,24
26,50,0,44
26,51,0,44
26,52,0,11
26,53,0,25
26,54,0,22
26,55,0,27
26,59,0,47
26,62,0,39
26,64,0,15
26,65,0,30
26,72,0,6
26,73,0,28
26,74,0,3
26,75,0,9
26,76,0,31
26,79,0,49
26,80,0,2
26,81,0,4
26,82,0,2
26,84,0,23
26,86,0,18
26,87,0,37
26,88,0,38
26,89,0,2
26,91,0,4
26,92,0,34
27,4,0,25
27,7,0,22
27,8,0,3
27,12,0,26
27,14,0,20
27,17,0,19
27,19,0,27
27,20,0,40
27,22,0,10
27,26,0,3
27,28,0,11
27,30,0,45
27,31,0,27
27,36,0,18
27,38,0,45
27,41,0,24
27,42,0,39
27,43,0,31
27,48,0,27
27,49,0,24
27,50,0,44
27,51,0,44
27,52,0,11
27,53,0,25
27,54,0,22
27,55,0,27
27,59,0,47
27,62,0,39
27,64,0,15
27,65,0,30
27,72,0,6
27,73,0,28
27,74,0,3
27,75,0,9
27,76,0,31
27,79,0,49
27,80,0,2
27,81,0,4
27,82,0,2
27,84,0,23
27,86,0,18
27,87,0,47
27,88,0,38
27,89,0,1
27,91,0,4
27,92,0,34
27,93,0,26
28,4,0,25
28,7,0,22
28,8,0,3
28,12,0,26
28,14,0,20
28,17,0,19
28,19,0,27
28,20,0,40
28,22,0,10
28,26,0,3
28,28,0,11
28,30,0,45
28,31,0,27
28,36,0,18
28,38,0,45
28,41,0,24
28,42,0,39
28,43,0,31
28,48,0,27
28,49,0,24
28,50,0,44
28,51,0,44
28,52,0,11
28,53,0,25
28,54,0,22
28,55,0,27
28,59,0,47
28,62,0,39
28,64,0,15
28,65,0,30
28,72,0,6
28,73,0,28
28,74,0,3
28,75,0,9
28,76,0,31
28,79,0,49
28,80,0,2
28,81,0,4
28,82,0,2
28,84,0,23
28,86,0,18
28,87,0,47
28,88,0,38
28,89,0,11
28,91,0,4
28,92,0,34
28,93,0,16
28,94,0,32
29,4,0,25
29,7,0,22
29,8,0,3
29,12,0,26
29,14,0,20
29,17,0,19
29,19,0,27
29,20,0,40
29,22,0,10
29,26,0,3
29,28,0,11
29,30,0,45
29,31,0,27
29,36,0,18
29,38,0,45
29,41,0,24
29,42,0,39
29,43,0,31
29,48,0,27
29,49,0,24
29,50,0,44
29,51,0,44
29,52,0,11
29,53,0,25
29,54,0,22
29,55,0,27
29,59,0,47
29,62,0,39
29,64,0,15
29,65,0,30
29,72,0,6
29,73,0,28
29,74,0,3
29,75,0,9
29,76,0,31
29,79,0,49
29,80,0,2
29,81,0,4
29,82,0,2
29,84,0,23
29,86,0,18
29,87,0,47
29,88,0,38
29,89,0,11
29,91,0,4
29,92,0,34
29,93,0,16
29,94,0,31
29,97,0,37
30,4,0,25
30,7,0,22
30,8,0,3
30,12,0,26
30,14,0,20
30,17,0,19
30,19,0,27
30,20,0,40
30,22,0,10
30,26,0,3
30,28,0,11
30,30,0,45
30,31,0,27
30,36,0,18
30,38,0,45
30,41,0,24
30,42,0,39
30,43,0,31
30,48,0,27
30,49,0,24
30,50,0,44
30,51,0,44
30,52,0,11
30,53,0,25
30,54,0,22
30,55,0,27
30,59,0,47
30,62,0,39
30,64,0,15
30,65,0,30
30,72,0,6
30,73,0,28
30,74,0,3
30,75,0,9
30,76,0,31
30,79,0,49
30,80,0,2
30,81,0,4
30,82,0,2
30,84,0,23
30,86,0,18
30,87,0,47
30,88,0,38
30,89,0,11
30,91,0,4
30,92,0,34
30,93,0,16
30,94,0,31
30,97,0,47
30,99,0,3
31,4,0,25
31,7,0,22
31,8,0,3
31,12,0,26
31,14,0,20
31,17,0,19
31,19,0,27
31,20,0,40
31,22,0,10
31,26,0,3
31,28,0,11
31,30,0,45
31,31,0,27
31,36,0,18
31,38,0,45
31,41,0,24
31,42,0,39
31,43,0,31
31,48,0,27
31,49,0,24
31,50,0,44
31,51,0,44
31,52,0,11
31,53,0,25
31,54,0,22
31,55,0,27
31,59,0,47
31,62,0,39
31,64,0,15
31,65,0,30
31,72,0,6
31,73,0,28
31,74,0,3
31,75,0,9
31,76,0,31
31,79,0,49
31,80,0,2
31,81,0,4
31,82,0,2
31,84,0,23
31,86,0,18
31,87,0,47
31,88,0,38
31,89,0,11
31,91,0,4
31,92,0,34
31,93,0,16
31,94,0,31
31,97,0,47
31,99,0,3
31,61,0,49
32,4,0,25
32,7,0,22
32,8,0,3
32,12,0,26
32,14,0,20
32,17,0,19
32,19,0,27
32,20,0,40
32,22,0,10
32,26,0,3
32,28,0,11
32,30,0,45
32,31,0,27
32,36,0,18
32,38,0,45
32,41,0,24
32,42,0,39
32,43,0,31
32,48,0,27
32,49,0,24
32,50,0,44
32,51,0,44
32,52,0,11
32,53,0,25
32,54,0,22
32,55,0,27
32,59,0,47
32,62,0,39
32,64,0,15
32,65,0,30
32,72,0,6
32,73,0,28
32,74,0,3
32,75,0,9
32,76,0,31
32,79,0,49
32,80,0,2
32,81,0,4
32,82,0,2
32,84,0,23
32,86,0,18
32,87,0,47
32,88,0,38
32,89,0,11
32,91,0,4
32,92,0,34
32,93,0,16
32,94,0,31
32,97,0,47
32,99,0,3
32,61,0,49
32,0,0,47
33,4,0,25
33,7,0,22
33,8,0,3
33,12,0,26
33,14,0,20
33,17,0,19
33,19,0,27
33,20,0,40
33,22,0,10
33,26,0,3
33,28,0,11
33,30,0,45
33,31,0,27
33,36,0,18
33,38,0,45
33,41,0,24
33,42,0,39
33,43,0,31
33,48,0,27
33,49,0,24
33,50,0,44
33,51,0,44
33,52,0,11
33,53,0,25
33,54,0,22
33,55,0,27
33,59,0,47
33,62,0,39
33,64,0,15
33,65,0,30
33,72,0,6
33,73,0,28
33,74,0,3
33,75,0,9
33,76,0,31
33,79,0,49
33,80,0,2
33,81,0,4
33,82,0,2
33,84,0,23
33,86,0,18
33,87,0,47
33,88,0,38
33,89,0,11
33,91,0,4
33,92,0,34
33,93,0,16
33,94,0,31
33,97,0,47
33,99,0,3
33,61,0,49
33,0,0,46
33,5,0,43
34,4,0,25
34,7,0,22
34,8,0,3
34,12,0,26
34,14,0,20
34,17,0,19
34,19,0,27
34,20,0,40
34,22,0,10
34,26,0,3
34,28,0,11
34,30,0,45
34,31,0,27
34,36,0,18
34,38,0,45
34,41,0,24
34,42,0,39
34,43,0,31
34,48,0,27
34,49,0,24
34,50,0,44
34,51,0,44
34,52,0,11
34,53,0,25
34,54,0,22
34,55,0,27
34,59,0,47
34,62,0,39
34,64,0,15
34,65,0,30
34,72,0,6
34,73,0,28
34,74,0,3
34,75,0,9
34,76,0,31
34,79,0,49
34,80,0,2
34,81,0,4
34,82,0,2
34,84,0,23
34,86,0,18
34,87,0,47
34,88,0,38
34,89,0,11
34,91,0,4
34,92,0,34
34,93,0,16
34,94,0,31
34,97,0,47
34,99,0,3
34,61,0,49
34,5,0,44
34,66,0,42
35,4,0,25
35,7,0,22
35,8,0,3
35,12,0,26
35,14,0,20
35,17,0,19
35,19,0,27
35,20,0,40
35,22,0,10
35,26,0,3
35,28,0,11
35,30,0,45
35,31,0,27
35,36,0,18
35,38,0,45
35,41,0,24
35,42,0,39
35,43,0,31
35,48,0,27
35,49,0,24
35,50,0,44
35,51,0,44
35,52,0,11
35,53,0,25
35,54,0,22
35,55,0,27
35,59,0,47
35,62,0,39
35,64,0,15
35,65,0,30
35,72,0,6
35,73,0,28
35,74,0,3
35,75,0,9
35,76,0,31
35,79,0,49
35,80,0,2
35,81,0,4
35,82,0,2
35,84,0,23
35,86,0,18
35,87,0,47
35,88,0,38
35,89,0,11
35,91,0,4
35,92,0,34
35,93,0,16
35,94,0,31
35,97,0,47
35,99,0,3
35,61,0,49
35,5,0,44
35,66,0,42
35,11,0,40
36,4,0,25
36,7,0,22
36,8,0,3
36,12,0,26
36,14,0,20
36,17,0,19
36,19,0,27
36,20,0,40
36,22,0,10
36,26,0,3
36,28,0,11
36,30,0,45
36,31,0,27
36,36,0,18
36,38,0,45
36,41,0,24
36,42,0,39
36,43,0,31
36,48,0,27
36,49,0,24
36,50,0,44
36,51,0,44
36,52,0,11
36,53,0,25
36,54,0,22
36,55,0,27
36,59,0,47
36,62,0,39
36,64,0,15
36,65,0,30
36,72,0,6
36,73,0,28
36,74,0,3
36,75,0,9
36,76,0,31
36,79,0,49
36,80,0,2
36,81,0,4
36,82,0,2
36,84,0,23
36,86,0,18
36,87,0,47
36,88,0,38
36,89,0,11
36,91,0,4
36,92,0,34
36,93,0,16
36,94,0,31
36,97,0,47
36,99,0,3
36,61,0,49
36,5,0,44
36,66,0,42
36,11,0,41
36,32,0,49
37,4,0,25
37,7,0,22
37,8,0,3
37,12,0,26
37,14,0,20
37,17,0,19
37,19,0,27
37,20,0,40
37,22,0,10
37,26,0,3
37,28,0,11
37,30,0,45
37,31,0,27
37,36,0,18
37,38,0,45
37,41,0,24
37,42,0,39
37,43,0,31
37,48,0,27
37,49,0,24
37,50,0,44
37,51,0,44
37,52,0,11
37,53,0,25
37,54,0,22
37,55,0,27
37,59,0,47
37,62,0,39
37,64,0,15
37,65,0,30
37,72,0,6
37,73,0,28
37,74,0,3
37,75,0,9
37,76,0,31
37,79,0,49
37,80,0,2
37,81,0,4
37,82,0,2
37,84,0,23
37,86,0,18
37,87,0,47
37,88,0,38
37,89,0,11
37,91,0,4
37,92,0,34
37,93,0,16
37,94,0,31
37,97,0,47
37,99,0,3
37,61,0,49
37,5,0,44
37,66,0,42
37,11,0,42
37,32,0,39
37,1,0,40
38,4,0,25
38,7,0,22
38,8,0,3
38,12,0,26
38,14,0,20
38,17,0,19
38,19,0,27
38,20,0,40
38,22,0,10
38,26,0,3
38,28,0,11
38,30,0,45
38,31,0,27
38,36,0,18
38,38,0,45
38,41,0,24
38,42,0,39
38,43,0,31
38,48,0,27
38,49,0,24
38,50,0,44
38,51,0,44
38,52,0,11
38,53,0,25
38,54,0,22
38,55,0,27
38,59,0,47
38,62,0,39
38,64,0,15
38,65,0,30
38,72,0,6
38,73,0,28
38,74,0,3
38,75,0,9
38,76,0,31
38,79,0,49
38,80,0,2
38,81,0,4
38,82,0,2
38,84,0,23
38,86,0,18
38,87,0,47
38,88,0,38
38,89,0,11
38,91,0,4
38,92,0,34
38,93,0,16
38,94,0,31
38,97,0,47
38,99,0,3
38,61,0,49
38,5,0,44
38,66,0,42
38,11,0,32
38,32,0,38
38,1,0,30
39,4,0,25
39,7,0,22
39,8,0,3
39,12,0,26
39,14,0,20
39,17,0,19
39,19,0,27
39,20,0,40
39,22,0,10
39,26,0,3
39,28,0,11
39,30,0,45
39,31,0,27
39,36,0,18
39,38,0,45
39,41,0,24
39,42,0,39
39,43,0,31
39,48,0,27
39,49,0,24
39,50,0,44
39,51,0,44
39,52,0,11
39,53,0,25
39,54,0,22
39,55,0,27
39,59,0,47
39,62,0,39
39,64,0,15
39,65,0,30
39,72,0,6
39,73,0,28
39,74,0,3
39,75,0,9
39,76,0,31
39,79,0,49
39,80,0,2
39,81,0,4
39,82,0,2
39,84,0,23
39,86,0,18
39,87,0,47
39,88,0,38
39,89,0,11
39,91,0,4
39,92,0,34
39,93,0,16
39,94,0,31
39,97,0,47
39,99,0,3
39,61,0,49
39,5,0,44
39,66,0,42
39,11,0,32
39,32,0,28
39,1,0,31
40,4,0,25
40,7,0,22
40,8,0,3
40,12,0,26
40,14,0,20
40,17,0,19
40,19,0,27
40,20,0,40
40,22,0,10
40,26,0,3
40,28,0,11
40,30,0,45
40,31,0,27
40,36,0,18
40,38,0,45
40,41,0,24
40,42,0,39
40,43,0,31
40,48,0,27
40,49,0,24
40,50,0,44
40,51,0,44
40,52,0,11
40,53,0,25
40,54,0,22
40,55,0,27
40,59,0,47
40,62,0,39
40,64,0,15
40,65,0,30
40,72,0,6
40,73,0,28
40,74,0,3
40,75,0,9
40,76,0,31
40,79,0,49
40,80,0,2
40,81,0,4
40,82,0,2
40,84,0,23
40,86,0,18
40,87,0,47
40,88,0,38
40,89,0,11
40,91,0,4
40,92,0,34
40,93,0,16
40,94,0,31
40,97,0,47
40,99,0,3
40,61,0,49
40,5,0,44
40,66,0,42
40,11,0,32
40,32,0,28
40,1,0,21
41,4,0,25
41,7,0,22
41,8,0,3
41,12,0,26
41,14,0,20
41,17,0,19
41,19,0,27
41,20,0,40
41,22,0,10
41,26,0,3
41,28,0,11
41,30,0,45
41,31,0,27
41,36,0,18
41,38,0,45
41,41,0,24
41,42,0,39
41,43,0,31
41,48,0,27
41,49,0,24
41,50,0,44
41,51,0,44
41,52,0,11
41,53,0,25
41,54,0,22
41,55,0,27
41,59,0,47
41,62,0,39
41,64,0,15
41,65,0,30
41,72,0,6
41,73,0,28
41,74,0,3
41,75,0,9
41,76,0,31
41,79,0,49
41,80,0,2
41,81,0,4
41,82,0,2
41,84,0,23
41,86,0,18
41,87,0,47
41,88,0,38
41,89,0,11
41,91,0,4
41,92,0,34
41,93,0,16
41,94,0,31
41,97,0,47
41,99,0,3
41,61,0,49
41,5,0,44
41,66,0,42
41,11,0,32
41,32,0,28
41,1,0,20
42,4,0,25
42,7,0,22
42,8,0,3
42,12,0,26
42,14,0,20
42,17,0,19
42,19,0,27
42,20,0,40
42,22,0,10
42,26,0,3
42,28,0,11
42,30,0,45
42,31,0,27
42,36,0,18
42,38,0,45
42,41,0,24
42,42,0,39
42,43,0,31
42,48,0,27
42,49,0,24
42,50,0,44
42,51,0,44
42,52,0,11
42,53,0,25
42,54,0,22
42,55,0,27
42,59,0,47
42,62,0,39
42,64,0,15
42,65,0,30
42,72,0,6
42,73,0,28
42,74,0,3
42,75,0,9
42,76,0,31
42,79,0,49
42,80,0,2
42,81,0,4
42,82,0,2
42,84,0,23
42,86,0,18
42,87,0,47
42,88,0,38
42,89,0,11
42,91,0,4
42,92,0,34
42,93,0,16
42,94,0,31
42,97,0,47
42,99,0,3
42,61,0,49
42,5,0,44
42,66,0,42
42,11,0,32
42,32,0,28
42,1,0,10
43,4,0,25
43,7,0,22
43,8,0,3
43,12,0,26
43,14,0,20
43,17,0,19
43,19,0,27
43,20,0,40
43,22,0,10
43,26,0,3
43,28,0,11
43,30,0,45
43,31,0,27
43,36,0,18
43,38,0,45
43,41,0,24
43,42,0,39
43,43,0,31
43,48,0,27
43,49,0,24
43,50,0,44
43,51,0,44
43,52,0,11
43,53,0,25
43,54,0,22
43,55,0,27
43,59,0,47
43,62,0,39
43,64,0,15
43,65,0,30
43,72,0,6
43,73,0,28
43,74,0,3
43,75,0,9
43,76,0,31
43,79,0,49
43,80,0,2
43,81,0,4
43,82,0,2
43,84,0,23
43,86,0,18
43,87,0,47
43,88,0,38
43,89,0,11
43,91,0,4
43,92,0,34
43,93,0,16
43,94,0,31
43,97,0,47
43,99,0,3
43,61,0,49
43,5,0,44
43,66,0,42
43,11,0,32
43,32,0,28
43,1,0,10
44,4,0,25
44,7,0,22
44,8,0,3
44,12,0,26
44,14,0,20
44,17,0,19
44,19,0,27
44,20,0,40
44,22,0,10
44,26,0,3
44,28,0,11
44,30,0,45
44,31,0,27
44,36,0,18
44,38,0,45
44,41,0,24
44,42,0,39
44,43,0,31
44,48,0,27
44,49,0,24
44,50,0,44
44,51,0,44
44,52,0,11
44,53,0,25
44,54,0,22
44,55,0,27
44,59,0,47
44,62,0,39
44,64,0,15
44,65,0,30
44,72,0,6
44,73,0,28
44,74,0,3
44,75,0,9
44,76,0,31
44,79,0,49
44,80,0,2
44,81,0,4
44,82,0,2
44,84,0,23
44,86,0,18
44,87,0,47
44,88,0,38
44,89,0,11
44,91,0,4
44,92,0,34
44,93,0,16
44,94,0,31
44,97,0,47
44,99,0,3
44,61,0,49
44,5,0,44
44,66,0,42
44,11,0,32
44,32,0,28
44,1,0,10
45,4,0,25
45,7,0,22
45,8,0,3
45,12,0,26
45,14,0,20
45,17,0,19
45,19,0,27
45,20,0,40
45,22,0,10
45,26,0,3
45,28,0,11
45,30,0,45
45,31,0,27
45,36,0,18
45,38,0,45
45,41,0,24
45,42,0,39
45,43,0,31
45,48,0,27
45,49,0,24
45,50,0,44
45,51,0,44
45,52,0,11
45,53,0,25
45,54,0,22
45,55,0,27
45,59,0,47
45,62,0,39
45,64,0,15
45,65,0,30
45,72,0,6
45,73,0,28
45,74,0,3
45,75,0,9
45,76,0,31
45,79,0,49
45,80,0,2
45,81,0,4
45,82,0,2
45,84,0,23
45,86,0,18
45,87,0,47
45,88,0,38
45,89,0,11
45,91,0,4
45,92,0,34
45,93,0,16
45,94,0,31
45,97,0,47
45,99,0,3
45,61,0,49
45,5,0,44
45,66,0,42
45,11,0,32
45,32,0,28
45,1,0,10
46,4,0,25
46,7,0,22
46,8,0,3
46,12,0,26
46,14,0,20
46,17,0,19
46,19,0,27
46,20,0,40
46,22,0,10
46,26,0,3
46,28,0,11
46,30,0,45
46,31,0,27
46,36,0,18
46,38,0,45
46,41,0,24
46,42,0,39
46,43,0,31
46,48,0,27
46,49,0,24
46,50,0,44
46,51,0,44
46,52,0,11
46,53,0,25
46,54,0,22
46,55,0,27
46,59,0,47
46,62,0,39
46,64,0,15
46,65,0,30
46,72,0,6
46,73,0,28
46,74,0,3
46,75,0,9
46,76,0,31
46,79,0,49
46,80,0,2
46,81,0,4
46,82,0,2
46,84,0,23
46,86,0,18
46,87,0,47
46,88,0,38
46,89,0,11
46,91,0,4
46,92,0,34
46,93,0,16
46,94,0,31
46,97,0,47
46,99,0,3
46,61,0,49
46,5,0,44
46,66,0,42
46,11,0,32
46,32,0,28
46,1,0,10
47,4,0,25
47,7,0,22
47,8,0,3
47,12,0,26
47,14,0,20
47,17,0,19
47,19,0,27
47,20,0,40
47,22,0,10
47,26,0,3
47,28,0,11
47,30,0,45
47,31,0,27
47,36,0,18
47,38,0,45
47,41,0,24
47,42,0,39
47,43,0,31
47,48,0,27
47,49,0,24
47,50,0,44
47,51,0,44
47,52,0,11
47,53,0,25
47,54,0,22
47,55,0,27
47,59,0,47
47,62,0,39
47,64,0,15
47,65,0,30
47,72,0,6
47,73,0,28
47,74,0,3
47,75,0,9
47,76,0,31
47,79,0,49
47,80,0,2
47,81,0,4
47,82,0,2
47,84,0,23
47,86,0,18
47,87,0,47
47,88,0,38
47,89,0,11
47,91,0,4
47,92,0,34
47,93,0,16
47,94,0,31
47,97,0,47
47,99,0,3
47,61,0,49
47,5,0,44
47,66,0,42
47,11,0,32
47,32,0,28
47,1,0,10
48,4,0,25
48,7,0,22
48,8,0,3
48,12,0,26
48,14,0,20
48,17,0,19
48,19,0,27
48,20,0,40
48,22,0,10
48,26,0,3
48,28,0,11
48,30,0,45
48,31,0,27
48,36,0,18
48,38,0,45
48,41,0,24
48,42,0,39
48,43,0,31
48,48,0,27
48,49,0,24
48,50,0,44
48,51,0,44
48,52,0,11
48,53,0,25
48,54,0,22
48,55,0,27
48,59,0,47
48,62,0,39
48,64,0,15
48,65,0,30
48,72,0,6
48,73,0,28
48,74,0,3
48,75,0,9
48,76,0,31
48,79,0,49
48,80,0,2
48,81,0,4
48,82,0,2
48,84,0,23
48,86,0,18
48,87,0,47
48,88,0,38
48,89,0,11
48,91,0,4
48,92,0,34
48,93,0,16
48,94,0,31
48,97,0,47
48,99,0,3
48,61,0,49
48,5,0,44
48,66,0,42
48,11,0,32
48,32,0,28
48,1,0,10
49,4,0,25
49,7,0,22
49,8,0,3
49,12,0,26
49,14,0,20
49,17,0,19
49,19,0,27
49,20,0,40
49,22,0,10
49,26,0,3
49,28,0,11
49,30,0,45
49,31,0,27
49,36,0,18
49,38,0,45
49,41,0,24
49,42,0,39
49,43,0,31
49,48,0,27
49,49,0,24
49,50,0,44
49,51,0,44
49,52,0,11
49,53,0,25
49,54,0,22
49,55,0,27
49,59,0,47
49,62,0,39
49,64,0,15
49,65,0,30
49,72,0,6
49,73,0,28
49,74,0,3
49,75,0,9
49,76,0,31
49,79,0,49
49,80,0,2
49,81,0,4
49,82,0,2
49,84,0,23
49,86,0,18
49,87,0,47
49,88,0,38
49,89,0,11
49,91,0,4
49,92,0,34
49,93,0,16
49,94,0,31
49,97,0,47
49,99,0,3
49,61,0,49
49,5,0,44
49,66,0,42
49,11,0,32
49,32,0,28
49,1,0,10
50,4,0,25
50,7,0,22
50,8,0,3
50,12,0,26
50,14,0,20
50,17,0,19
50,19,0,27
50,20,0,40
50,22,0,10
50,26,0,3
50,28,0,11
50,30,0,45
50,31,0,27
50,36,0,18
50,38,0,45
50,41,0,24
50,42,0,39
50,43,0,31
50,48,0,27
50,49,0,24
50,50,0,44
50,51,0,44
50,52,0,11
50,53,0,25
50,54,0,22
50,55,0,27
50,59,0,47
50,62,0,39
50,64,0,15
50,65,0,30
50,72,0,6
50,73,0,28
50,74,0,3
50,75,0,9
50,76,0,31
50,79,0,49
50,80,0,2
50,81,0,4
50,82,0,2
50,84,0,23
50,86,0,18
50,87,0,47
50,88,0,38
50,89,0,11
50,91,0,4
50,92,0,34
50,93,0,16
50,94,0,31
50,97,0,47
50,99,0,3
50,61,0,49
50,5,0,44
50,66,0,42
50,11,0,32
50,32,0,28
50,1,0,10
51,4,0,25
51,7,0,22
51,8,0,3
51,12,0,26
51,14,0,20
51,17,0,19
51,19,0,27
51,20,0,40
51,22,0,10
51,26,0,3
51,28,0,11
51,30,0,45
51,31,0,27
51,36,0,18
51,38,0,45
51,41,0,24
51,42,0,39
51,43,0,31
51,48,0,27
51,49,0,24
51,50,0,44
51,51,0,44
51,52,0,11
51,53,0,25
51,54,0,22
51,55,0,27
51,59,0,47
51,62,0,39
51,64,0,15
51,65,0,30
51,72,0,6
51,73,0,28
51,74,0,3
51,75,0,9
51,76,0,31
51,79,0,49
51,80,0,2
51,81,0,4
51,82,0,2
51,84,0,23
51,86,0,18
51,87,0,47
51,88,0,38
51,89,0,11
51,91,0,4
51,92,0,34
51,93,0,16
51,94,0,31
51,97,0,47
51,99,0,3
51,61,0,49
51,5,0,44
51,66,0,42
51,11,0,32
51,32,0,28
51,1,0,10
52,4,0,25
52,7,0,22
52,8,0,3
52,12,0,26
52,14,0,20
52,17,0,19
52,19,0,27
52,20,0,40
52,22,0,10
52,26,0,3
52,28,0,11
52,30,0,45
52,31,0,27
52,36,0,18
52,38,0,45
52,41,0,24
52,42,0,39
52,43,0,31
52,48,0,27
52,49,0,24
52,50,0,44
52,51,0,44
52,52,0,11
52,53,0,25
52,54,0,22
52,55,0,27
52,59,0,47
52,62,0,39
52,64,0,15
52,65,0,30
52,72,0,6
52,73,0,28
52,74,0,3
52,75,0,9
52,76,0,31
52,79,0,49
52,80,0,2
52,81,0,4
52,82,0,2
52,84,0,23
52,86,0,18
52,87,0,47
52,88,0,38
52,89,0,11
52,91,0,4
52,92,0,34
52,93,0,16
52,94,0,31
52,97,0,47
52,99,0,3
52,61,0,49
52,5,0,44
52,66,0,42
52,11,0,32
52,32,0,28
52,1,0,10
53,4,0,25
53,7,0,22
53,8,0,3
53,12,0,26
53,14,0,20
53,17,0,19
53,19,0,27
53,20,0,40
53,22,0,10
53,26,0,3
53,28,0,11
53,30,0,45
53,31,0,27
53,36,0,18
53,38,0,45
53,41,0,24
53,42,0,39
53,43,0,31
53,48,0,27
53,49,0,24
53,50,0,44
53,51,0,44
53,52,0,11
53,53,0,25
53,54,0,22
53,55,0,27
53,59,0,47
53,62,0,39
53,64,0,15
53,65,0,30
53,72,0,6
53,73,0,28
53,74,0,3
53,75,0,9
53,76,0,31
53,79,0,49
53,80,0,2
53,81,0,4
53,82,0,2
53,84,0,23
53,86,0,18
53,87,0,47
53,88,0,38
53,89,0,11
53,91,0,4
53,92,0,34
53,93,0,16
53,94,0,31
53,97,0,47
53,99,0,3
53,61,0,49
53,5,0,44
53,66,0,42
53,11,0,32
53,32,0,28
53,1,0,10
54,4,0,25
54,7,0,22
54,8,0,3
54,12,0,26
54,14,0,20
54,17,0,19
54,19,0,27
54,20,0,40
54,22,0,10
54,26,0,3
54,28,0,11
54,30,0,45
54,31,0,27
54,36,0,18
54,38,0,45
54,41,0,24
54,42,0,39
54,43,0,31
54,48,0,27
54,49,0,24
54,50,0,44
54,51,0,44
54,52,0,11
54,53,0,25
54,54,0,22
54,55,0,27
54,59,0,47
54,62,0,39
54,64,0,15
54,65,0,30
54,72,0,6
54,73,0,28
54,74,0,3
54,75,0,9
54,76,0,31
54,79,0,49
54,80,0,2
54,81,0,4
54,82,0,2
54,84,0,23
54,86,0,18
54,87,0,47
54,88,0,38
54,89,0,11
54,91,0,4
54,92,0,34
54,93,0,16
54,94,0,31
54,97,0,47
54,99,0,3
54,61,0,49
54,5,0,44
54,66,0,42
54,11,0,32
54,32,0,28
54,1,0,10
55,4,0,25
55,7,0,22
55,8,0,3
55,12,0,26
55,14,0,20
55,17,0,19
55,19,0,27
55,20,0,40
55,22,0,10
55,26,0,3
55,28,0,11
55,30,0,45
55,31,0,27
55,36,0,18
55,38,0,45
55,41,0,24
55,42,0,39
55,43,0,31
55,48,0,27
55,49,0,24
55,50,0,44
55,51,0,44
55,52,0,11
55,53,0,25
55,54,0,22
55,55,0,27
55,59,0,47
55,62,0,39
55,64,0,15
55,65,0,30
55,72,0,6
55,73,0,28
55,74,0,3
55,75,0,9
55,76,0,31
55,79,0,49
55,80,0,2
55,81,0,4
55,82,0,2
55,84,0,23
55,86,0,18
55,87,0,47
55,88,0,38
55,89,0,11
55,91,0,4
55,92,0,34
55,93,0,16
55,94,0,31
55,97,0,47
55,99,0,3
55,61,0,49
55,5,0,44
55,66,0,42
55,11,0,32
55,32,0,28
55,1,0,10
56,4,0,25
56,7,0,22
56,8,0,3
56,12,0,26
56,14,0,20
56,17,0,19
56,19,0,27
56,20,0,40
56,22,0,10
56,26,0,3
56,28,0,11
56,30,0,45
56,31,0,27
56,36,0,18
56,38,0,45
56,41,0,24
56,42,0,39
56,43,0,31
56,48,0,27
56,49,0,24
56,50,0,44
56,51,0,44
56,52,0,11
56,53,0,25
56,54,0,22
56,55,0,27
56,59,0,47
56,62,0,39
56,64,0,15
56,65,0,30
56,72,0,6
56,73,0,28
56,74,0,3
56,75,0,9
56,76,0,31
56,79,0,49
56,80,0,2
56,81,0,4
56,82,0,2
56,84,0,23
56,86,0,18
56,87,0,47
56,88,0,38
56,89,0,11
56,91,0,4
56,92,0,34
56,93,0,16
56,94,0,31
56,97,0,47
56,99,0,3
56,61,0,49
56,5,0,44
56,66,0,42
56,11,0,32
56,32,0,28
56,1,0,10
57,4,0,25
57,7,0,22
57,8,0,3
57,12,0,26
57,14,0,20
57,17,0,19
57,19,0,27
57,20,0,40
57,22,0,10
57,26,0,3
57,28,0,11
57,30,0,45
57,31,0,27
57,36,0,18
57,38,0,45
57,41,0,24
57,42,0,39
57,43,0,31
57,48,0,27
57,49,0,24
57,50,0,44
57,51,0,44
57,52,0,11
57,53,0,25
57,54,0,22
57,55,0,27
57,59,0,47
57,62,0,39
57,64,0,15
57,65,0,30
57,72,0,6
57,73,0,28
57,74,0,3
57,75,0,9
57,76,0,31
57,79,0,49
57,80,0,2
57,81,0,4
57,82,0,2
57,84,0,23
57,86,0,18
57,87,0,47
57,88,0,38
57,89,0,11
57,91,0,4
57,92,0,34
57,93,0,16
57,94,0,31
57,97,0,47
57,99,0,3
57,61,0,49
57,5,0,44
57,66,0,42
57,11,0,32
57,32,0,28
57,1,0,10
58,4,0,25
58,7,0,22
58,8,0,3
58,12,0,26
58,14,0,20
58,17,0,19
58,19,0,27
58,20,0,40
58,22,0,10
58,26,0,3
58,28,0,11
58,30,0,45
58,31,0,27
58,36,0,18
58,38,0,45
58,41,0,24
58,42,0,39
58,43,0,31
58,48,0,27
58,49,0,24
58,50,0,44
58,51,0,44
58,52,0,11
58,53,0,25
58,54,0,22
58,55,0,27
58,59,0,47
58,62,0,39
58,64,0,15
58,65,0,30
58,72,0,6
58,73,0,28
58,74,0,3
58,75,0,9
58,76,0,31
58,79,0,49
58,80,0,2
58,81,0,4
58,82,0,2
58,84,0,23
58,86,0,18
58,87,0,47
58,88,0,38
58,89,0,11
58,91,0,4
58,92,0,34
58,93,0,16
58,94,0,31
58,97,0,47
58,99,0,3
58,61,0,49
58,5,0,44
58,66,0,42
58,11,0,32
58,32,0,28
58,1,0,10
59,4,0,25
59,7,0,22
59,8,0,3
59,12,0,26
59,14,0,20
59,17,0,19
59,19,0,27
59,20,0,40
59,22,0,10
59,26,0,3
59,28,0,11
59,30,0,45
59,31,0,27
59,36,0,18
59,38,0,45
59,41,0,24
59,42,0,39
59,43,0,31
59,48,0,27
59,49,0,24
59,50,0,44
59,51,0,44
59,52,0,11
59,53,0,25
59,54,0,22
59,55,0,27
59,59,0,47
59,62,0,39
59,64,0,15
59,65,0,30
59,72,0,6
59,73,0,28
59,74,0,3
59,75,0,9
59,76,0,31
59,79,0,49
59,80,0,2
59,81,0,4
59,82,0,2
59,84,0,23
59,86,0,18
59,87,0,47
59,88,0,38
59,89,0,11
59,91,0,4
59,92,0,34
59,93,0,16
59,94,0,31
59,97,0,47
59,99,0,3
59,61,0,49
59,5,0,44
59,66,0,42
59,11,0,32
59,32,0,28
59,1,0,10
60,4,0,25
60,7,0,22
60,8,0,3
60,12,0,26
60,14,0,20
60,17,0,19
60,19,0,27
60,20,0,40
60,22,0,10
60,26,0,3
60,28,0,11
60,30,0,45
60,31,0,27
60,36,0,18
60,38,0,45
60,41,0,24
60,42,0,39
60,43,0,31
60,48,0,27
60,49,0,24
60,50,0,44
60,51,0,44
60,52,0,11
60,53,0,25
60,54,0,22
60,55,0,27
60,59,0,47
60,62,0,39
60,64,0,15
60,65,0,30
60,72,0,6
60,73,0,28
60,74,0,3
60,75,0,9
60,76,0,31
60,79,0,49
60,80,0,2
60,81,0,4
60,82,0,2
60,84,0,23
60,86,0,18
60,87,0,47
60,88,0,38
60,89,0,11
60,91,0,4
60,92,0,34
60,93,0,16
60,94,0,31
60,97,0,47
60,99,0,3
60,61,0,49
60,5,0,44
60,66,0,42
60,11,0,32
60,32,0,28
60,1,0,10
61,4,0,25
61,7,0,22
61,8,0,3
61,12,0,26
61,14,0,20
61,17,0,19
61,19,0,27
61,20,0,40
61,22,0,10
61,26,0,3
61,28,0,11
61,30,0,45
61,31,0,27
61,36,0,18
61,38,0,45
61,41,0,24
61,42,0,39
61,43,0,31
61,48,0,27
61,49,0,24
61,50,0,44
61,51,0,44
61,52,0,11
61,53,0,25
61,54,0,22
61,55,0,27
61,59,0,47
61,62,0,39
61,64,0,15
61,65,0,30
61,72,0,6
61,73,0,28
61,74,0,3
61,75,0,9
61,76,0,31
61,79,0,49
61,80,0,2
61,81,0,4
61,82,0,2
61,84,0,23
61,86,0,18
61,87,0,47
61,88,0,38
61,89,0,11
61,91,0,4
61,92,0,34
61,93,0,16
61,94,0,31
61,97,0,47
61,99,0,3
61,61,0,49
61,5,0,44
61,66,0,42
61,11,0,32
61,32,0,28
61,1,0,10
62,4,0,25
62,7,0,22
62,8,0,3
62,12,0,26
62,14,0,20
62,17,0,19
62,19,0,27
62,20,0,40
62,22,0,10
62,26,0,3
62,28,0,11
62,30,0,45
62,31,0,27
62,36,0,18
62,38,0,45
62,41,0,24
62,42,0,39
62,43,0,31
62,48,0,27
62,49,0,24
62,50,0,44
62,51,0,44
62,52,0,11
62,53,0,25
62,54,0,22
62,55,0,27
62,59,0,47
62,62,0,39
62,64,0,15
62,65,0,30
62,72,0,6
62,73,0,28
62,74,0,3
62,75,0,9
62,76,0,31
62,79,0,49
62,80,0,2
62,81,0,4
62,82,0,2
62,84,0,23
62,86,0,18
62,87,0,47
62,88,0,38
62,89,0,11
62,91,0,4
62,92,0,34
62,93,0,16
62,94,0,31
62,97,0,47
62,99,0,3
62,61,0,49
62,5,0,44
62,66,0,42
62,11,0,32
62,32,0,28
62,1,0,10
63,4,0,25
63,7,0,22
63,8,0,3
63,12,0,26
63,14,0,20
63,17,0,19
63,19,0,27
63,20,0,40
63,22,0,10
63,26,0,3
63,28,0,11
63,30,0,45
63,31,0,27
63,36,0,18
63,38,0,45
63,41,0,24
63,42,0,39
63,43,0,31
63,48,0,27
63,49,0,24
63,50,0,44
63,51,0,44
63,52,0,11
63,53,0,25
63,54,0,22
63,55,0,27
63,59,0,47
63,62,0,39
63,64,0,15
63,65,0,30
63,72,0,6
63,73,0,28
63,74,0,3
63,75,0,9
63,76,0,31
63,79,0,49
63,80,0,2
63,81,0,4
63,82,0,2
63,84,0,23
63,86,0,18
63,87,0,47
63,88,0,38
63,89,0,11
63,91,0,4
63,92,0,34
63,93,0,16
63,94,0,31
63,97,0,47
63,99,0,3
63,61,0,49
63,5,0,44
63,66,0,42
63,11,0,32
63,32,0,28
63,1,0,10
64,4,0,25
64,7,0,22
64,8,0,3
64,12,0,26
64,14,0,20
64,17,0,19
64,19,0,27
64,20,0,40
64,22,0,10
64,26,0,3
64,28,0,11
64,30,0,45
64,31,0,27
64,36,0,18
64,38,0,45
64,41,0,24
64,42,0,39
64,43,0,31
64,48,0,27
64,49,0,24
64,50,0,44
64,51,0,44
64,52,0,11
64,53,0,25
64,54,0,22
64,55,0,27
64,59,0,47
64,62,0,39
64,64,0,15
64,65,0,30
64,72,0,6
64,73,0,28
64,74,0,3
64,75,0,9
64,76,0,31
64,79,0,49
64,80,0,2
64,81,0,4
64,82,0,2
64,84,0,23
64,86,0,18
64,87,0,47
64,88,0,38
64,89,0,11
64,91,0,4
64,92,0,34
64,93,0,16
64,94,0,31
64,97,0,47
64,99,0,3
64,61,0,49
64,5,0,44
64,66,0,42
64,11,0,32
64,32,0,28
64,1,0,10
65,4,0,25
65,7,0,22
65,8,0,3
65,12,0,26
65,14,0,20
65,17,0,19
65,19,0,27
65,20,0,40
65,22,0,10
65,26,0,3
65,28,0,11
65,30,0,45
65,31,0,27
65,36,0,18
65,38,0,45
65,41,0,24
65,42,0,39
65,43,0,31
65,48,0,27
65,49,0,24
65,50,0,44
65,51,0,44
65,52,0,11
65,53,0,25
65,54,0,22
65,55,0,27
65,59,0,47
65,62,0,39
65,64,0,15
65,65,0,30
65,72,0,6
65,73,0,28
65,74,0,3
65,75,0,9
65,76,0,31
65,79,0,49
65,80,0,2
65,81,0,4
65,82,0,2
65,84,0,23
65,86,0,18
65,87,0,47
65,88,0,38
65,89,0,11
65,91,0,4
65,92,0,34
65,93,0,16
65,94,0,31
65,97,0,47
65,99,0,3
65,61,0,49
65,5,0,44
65,66,0,42
65,11,0,32
65,32,0,28
65,1,0,10
66,4,0,25
66,7,0,22
66,8,0,3
66,12,0,26
66,14,0,20
66,17,0,19
66,19,0,27
66,20,0,40
66,22,0,10
66,26,0,3
66,28,0,11
66,30,0,45
66,31,0,27
66,36,0,18
66,38,0,45
66,41,0,24
66,42,0,39
66,43,0,31
66,48,0,27
66,49,0,24
66,50,0,44
66,51,0,44
66,52,0,11
66,53,0,25
66,54,0,22
66,55,0,27
66,59,0,47
66,62,0,39
66,64,0,15
66,65,0,30
66,72,0,6
66,73,0,28
66,74,0,3
66,75,0,9
66,76,0,31
66,79,0,49
66,80,0,2
66,81,0,4
66,82,0,2
66,84,0,23
66,86,0,18
66,87,0,47
66,88,0,38
66,89,0,11
66,91,0,4
66,92,0,34
66,93,0,16
66,94,0,31
66,97,0,47
66,99,0,3
66,61,0,49
66,5,0,44
66,66,0,42
66,11,0,32
66,32,0,28
66,1,0,10
67,4,0,25
67,7,0,22
67,8,0,3
67,12,0,26
67,14,0,20
67,17,0,19
67,19,0,27
67,20,0,40
67,22,0,10
67,26,0,3
67,28,0,11
67,30,0,45
67,31,0,27
67,36,0,18
67,38,0,45
67,41,0,24
67,42,0,39
67,43,0,31
67,48,0,27
67,49,0,24
67,50,0,44
67,51,0,44
67,52,0,11
67,53,0,25
67,54,0,22
67,55,0,27
67,59,0,47
67,62,0,39
67,64,0,15
67,65,0,30
67,72,0,6
67,73,0,28
67,74,0,3
67,75,0,9
67,76,0,31
67,79,0,49
67,80,0,2
67,81,0,4
67,82,0,2
67,84,0,23
67,86,0,18
67,87,0,47
67,88,0,38
67,89,0,11
67,91,0,4
67,92,0,34
67,93,0,16
67,94,0,31
67,97,0,47
67,99,0,3
67,61,0,49
67,5,0,44
67,66,0,42
67,11,0,32
67,32,0,28
67,1,0,10
68,4,0,25
68,7,0,22
68,8,0,3
68,12,0,26
68,14,0,20
68,17,0,19
68,19,0,27
68,20,0,40
68,22,0,10
68,26,0,3
68,28,0,11
68,30,0,45
68,31,0,27
68,36,0,18
68,38,0,45
68,41,0,24
68,42,0,39
68,43,0,31
68,48,0,27
68,49,0,24
68,50,0,44
68,51,0,44
68,52,0,11
68,53,0,25
68,54,0,22
68,55,0,27
68,59,0,47
68,62,0,39
68,64,0,15
68,65,0,30
68,72,0,6
68,73,0,28
68,74,0,3
68,75,0,9
68,76,0,31
68,79,0,49
68,80,0,2
68,81,0,4
68,82,0,2
68,84,0,23
68,86,0,18
68,87,0,47
68,88,0,38
68,89,0,11
68,91,0,4
68,92,0,34
68,93,0,16
68,94,0,31
68,97,0,47
68,99,0,3
68,61,0,49
68,5,0,44
68,66,0,42
68,11,0,32
68,32,0,28
68,1,0,10
69,4,0,25
69,7,0,22
69,8,0,3
69,12,0,26
69,14,0,20
69,17,0,19
69,19,0,27
69,20,0,40
69,22,0,10
69,26,0,3
69,28,0,11
69,30,0,45
69,31,0,27
69,36,0,18
69,38,0,45
69,41,0,24
69,42,0,39
69,43,0,31
69,48,0,27
69,49,0,24
69,50,0,44
69,51,0,44
69,52,0,11
69,53,0,25
69,54,0,22
69,55,0,27
69,59,0,47
69,62,0,39
69,64,0,15
69,65,0,30
69,72,0,6
69,73,0,28
69,74,0,3
69,75,0,9
69,76,0,31
69,79,0,49
69,80,0,2
69,81,0,4
69,82,0,2
69,84,0,23
69,86,0,18
69,87,0,47
69,88,0,38
69,89,0,11
69,91,0,4
69,92,0,34
69,93,0,16
69,94,0,31
69,97,0,47
69,99,0,3
69,61,0,49
69,5,0,44
69,66,0,42
69,11,0,32
69,32,0,28
69,1,0,10
70,4,0,25
70,7,0,22
70,8,0,3
70,12,0,26
70,14,0,20
70,17,0,19
70,19,0,27
70,20,0,40
70,22,0,10
70,26,0,3
70,28,0,11
70,30,0,45
70,31,0,27
70,36,0,18
70,38,0,45
70,41,0,24
70,42,0,39
70,43,0,31
70,48,0,27
70,49,0,24
70,50,0,44
70,51,0,44
70,52,0,11
70,53,0,25
70,54,0,22
70,55,0,27
70,59,0,47
70,62,0,39
70,64,0,15
70,65,0,30
70,72,0,6
70,73,0,28
70,74,0,3
70,75,0,9
70,76,0,31
70,79,0,49
70,80,0,2
70,81,0,4
70,82,0,2
70,84,0,23
70,86,0,18
70,87,0,47
70,88,0,38
70,89,0,11
70,91,0,4
70,92,0,34
70,93,0,16
70,94,0,31
70,97,0,47
70,99,0,3
70,61,0,49
70,5,0,44
70,66,0,42
70,11,0,32
70,32,0,28
70,1,0,10
71,4,0,25
71,7,0,22
71,8,0,3
71,12,0,26
71,14,0,20
71,17,0,19
71,19,0,27
71,20,0,40
71,22,0,10
71,26,0,3
71,28,0,11
71,30,0,45
71,31,0,27
71,36,0,18
71,38,0,45
71,41,0,24
71,42,0,39
71,43,0,31
71,48,0,27
71,49,0,24
71,50,0,44
71,51,0,44
71,52,0,11
71,53,0,25
71,54,0,22
71,55,0,27
71,59,0,47
71,62,0,39
71,64,0,15
71,65,0,30
71,72,0,6
71,73,0,28
71,74,0,3
71,75,0,9
71,76,0,31
71,79,0,49
71,80,0,2
71,81,0,4
71,82,0,2
71,84,0,23
71,86,0,18
71,87,0,47
71,88,0,38
71,89,0,11
71,91,0,4
71,92,0,34
71,93,0,16
71,94,0,31
71,97,0,47
71,99,0,3
71,61,0,49
71,5,0,44
71,66,0,42
71,11,0,32
71,32,0,28
71,1,0,10
72,4,0,25
72,7,0,22
72,8,0,3
72,12,0,26
72,14,0,20
72,17,0,19
72,19,0,27
72,20,0,40
72,22,0,10
72,26,0,3
72,28,0,11
72,30,0,45
72,31,0,27
72,36,0,18
72,38,0,45
72,41,0,24
72,42,0,39
72,43,0,31
72,48,0,27
72,49,0,24
72,50,0,44
72,51,0,44
72,52,0,11
72,53,0,25
72,54,0,22
72,55,0,27
72,59,0,47
72,62,0,39
72,64,0,15
72,65,0,30
72,72,0,6
72,73,0,28
72,74,0,3
72,75,0,9
72,76,0,31
72,79,0,49
72,80,0,2
72,81,0,4
72,82,0,2
72,84,0,23
72,86,0,18
72,87,0,47
72,88,0,38
72,89,0,11
72,91,0,4
72,92,0,34
72,93,0,16
72,94,0,31
72,97,0,47
72,99,0,3
72,61,0,49
72,5,0,44
72,66,0,42
72,11,0,32
72,32,0,28
72,1,0,10
73,4,0,25
73,7,0,22
73,8,0,3
73,12,0,26
73,14,0,20
73,17,0,19
73,19,0,27
73,20,0,40
73,22,0,10
73,26,0,3
73,28,0,11
73,30,0,45
73,31,0,27
73,36,0,18
73,38,0,45
73,41,0,24
73,42,0,39
73,43,0,31
73,48,0,27
73,49,0,24
73,50,0,44
73,51,0,44
73,52,0,11
73,53,0,25
73,54,0,22
73,55,0,27
73,59,0,47
73,62,0,39
73,64,0,15
73,65,0,30
73,72,0,6
73,73,0,28
73,74,0,3
73,75,0,9
73,76,0,31
73,79,0,49
73,80,0,2
73,81,0,4
73,82,0,2
73,84,0,23
73,86,0,18
73,87,0,47
73,88,0,38
73,89,0,11
73,91,0,4
73,92,0,34
73,93,0,16
73,94,0,31
73,97,0,47
73,99,0,3
73,61,0,49
73,5,0,44
73,66,0,42
73,11,0,32
73,32,0,28
73,1,0,10
74,4,0,25
74,7,0,22
74,8,0,3
74,12,0,26
74,14,0,20
74,17,0,19
74,19,0,27
74,20,0,40
74,22,0,10
74,26,0,3
74,28,0,11
74,30,0,45
74,31,0,27
74,36,0,18
74,38,0,45
74,41,0,24
74,42,0,39
74,43,0,31
74,48,0,27
74,49,0,24
74,50,0,44
74,51,0,44
74,52,0,11
74,53,0,25
74,54,0,22
74,55,0,27
74,59,0,47
74,62,0,39
74,64,0,15
74,65,0,30
74,72,0,6
74,73,0,28
74,74,0,3
74,75,0,9
74,76,0,31
74,79,0,49
74,80,0,2
74,81,0,4
74,82,0,2
74,84,0,23
74,86,0,18
74,87,0,47
74,88,0,38
74,89,0,11
74,91,0,4
74,92,0,34
74,93,0,16
74,94,0,31
74,97,0,47
74,99,0,3
74,61,0,49
74,5,0,44
74,66,0,42
74,11,0,32
74,32,0,28
74,1,0,10
75,4,0,25
75,7,0,22
75,8,0,3
75,12,0,26
75,14,0,20
75,17,0,19
75,19,0,27
75,20,0,40
75,22,0,10
75,26,0,3
75,28,0,11
75,30,0,45
75,31,0,27
75,36,0,18
75,38,0,45
75,41,0,24
75,42,0,39
75,43,0,31
75,48,0,27
75,49,0,24
75,50,0,44
75,51,0,44
75,52,0,11
75,53,0,25
75,54,0,22
75,55,0,27
75,59,0,47
75,62,0,39
75,64,0,15
75,65,0,30
75,72,0,6
75,73,0,28
75,74,0,3
75,75,0,9
75,76,0,31
75,79,0,49
75,80,0,2
75,81,0,4
75,82,0,2
75,84,0,23
75,86,0,18
75,87,0,47
75,88,0,38
75,89,0,11
75,91,0,4
75,92,0,34
75,93,0,16
75,94,0,31
75,97,0,47
75,99,0,3
75,61,0,49
75,5,0,44
75,66,0,42
75,11,0,32
75,32,0,28
75,1,0,10
76,4,0,25
76,7,0,22
76,8,0,3
76,12,0,26
76,14,0,20
76,17,0,19
76,19,0,27
76,20,0,40
76,22,0,10
76,26,0,3
76,28,0,11
76,30,0,45
76,31,0,27
76,36,0,18
76,38,0,45
76,41,0,24
76,42,0,39
76,43,0,31
76,48,0,27
76,49,0,24
76,50,0,44
76,51,0,44
76,52,0,11
76,53,0,25
76,54,0,22
76,55,0,27
76,59,0,47
76,62,0,39
76,64,0,15
76,65,0,30
76,72,0,6
76,73,0,28
76,74,0,3
76,75,0,9
76,76,0,31
76,79,0,49
76,80,0,2
76,81,0,4
76,82,0,2
76,84,0,23
76,86,0,18
76,87,0,47
76,88,0,38
76,89,0,11
76,91,0,4
76,92,0,34
76,93,0,16
76,94,0,31
76,97,0,47
76,99,0,3
76,61,0,49
76,5,0,44
76,66,0,42
76,11,0,32
76,32,0,28
76,1,0,10
77,4,0,25
77,7,0,22
77,8,0,3
77,12,0,26
77,14,0,20
77,17,0,19
77,19,0,27
77,20,0,40
77,22,0,10
77,26,0,3
77,28,0,11
77,30,0,45
77,31,0,27
77,36,0,18
77,38,0,45
77,41,0,24
77,42,0,39
77,43,0,31
77,48,0,27
77,49,0,24
77,50,0,44
77,51,0,44
77,52,0,11
77,53,0,25
77,54,0,22
77,55,0,27
77,59,0,47
77,62,0,39
77,64,0,15
77,65,0,30
77,72,0,6
77,73,0,28
77,74,0,3
77,75,0,9
77,76,0,31
77,79,0,49
77,80,0,2
77,81,0,4
77,82,0,2
77,84,0,23
77,86,0,18
77,87,0,47
77,88,0,38
77,89,0,11
77,91,0,4
77,92,0,34
77,93,0,16
77,94,0,31
77,97,0,47
77,99,0,3
77,61,0,49
77,5,0,44
77,66,0,42
77,11,0,32
77,32,0,28
77,1,0,10
78,4,0,25
78,7,0,22
78,8,0,3
78,12,0,26
78,14,0,20
78,17,0,19
78,19,0,27
78,20,0,40
78,22,0,10
78,26,0,3
78,28,0,11
78,30,0,45
78,31,0,27
78,36,0,18
78,38,0,45
78,41,0,24
78,42,0,39
78,43,0,31
78,48,0,27
78,49,0,24
78,50,0,44
78,51,0,44
78,52,0,11
78,53,0,25
78,54,0,22
78,55,0,27
78,59,0,47
78,62,0,39
78,64,0,15
78,65,0,30
78,72,0,6
78,73,0,28
78,74,0,3
78,75,0,9
78,76,0,31
78,79,0,49
78,80,0,2
78,81,0,4
78,82,0,2
78,84,0,23
78,86,0,18
78,87,0,47
78,88,0,38
78,89,0,11
78,91,0,4
78,92,0,34
78,93,0,16
78,94,0,31
78,97,0,47
78,99,0,3
78,61,0,49
78,5,0,44
78,66,0,42
78,11,0,32
78,32,0,28
78,1,0,10
79,4,0,25
79,7,0,22
79,8,0,3
79,12,0,26
79,14,0,20
79,17,0,19
79,19,0,27
79,20,0,40
79,22,0,10
79,26,0,3
79,28,0,11
79,30,0,45
79,31,0,27
79,36,0,18
79,38,0,45
79,41,0,24
79,42,0,39
79,43,0,31
79,48,0,27
79,49,0,24
79,50,0,44
79,51,0,44
79,52,0,11
79,53,0,25
79,54,0,22
79,55,0,27
79,59,0,47
79,62,0,39
79,64,0,15
79,65,0,30
79,72,0,6
79,73,0,28
79,74,0,3
79,75,0,9
79,76,0,31
79,79,0,49
79,80,0,2
79,81,0,4
79,82,0,2
79,84,0,23
79,86,0,18
79,87,0,47
79,88,0,38
79,89,0,11
79,91,0,4
79,92,0,34
79,93,0,16
79,94,0,31
79,97,0,47
79,99,0,3
79,61,0,49
79,5,0,44
79,66,0,42
79,11,0,32
79,32,0,28
79,1,0,10
80,4,0,25
80,7,0,22
80,8,0,3
80,12,0,26
80,14,0,20
80,17,0,19
80,19,0,27
80,20,0,40
80,22,0,10
80,26,0,3
80,28,0,11
80,30,0,45
80,31,0,27
80,36,0,18
80,38,0,45
80,41,0,24
80,42,0,39
80,43,0,31
80,48,0,27
80,49,0,24
80,50,0,44
80,51,0,44
80,52,0,11
80,53,0,25
80,54,0,22
80,55,0,27
80,59,0,47
80,62,0,39
80,64,0,15
80,65,0,30
80,72,0,6
80,73,0,28
80,74,0,3
80,75,0,9
80,76,0,31
80,79,0,49
80,80,0,2
80,81,0,4
80,82,0,2
80,84,0,23
80,86,0,18
80,87,0,47
80,88,0,38
80,89,0,11
80,91,0,4
80,92,0,34
80,93,0,16
80,94,0,31
80,97,0,47
80,99,0,3
80,61,0,49
80,5,0,44
80,66,0,42
80,11,0,32
80,32,0,28
80,1,0,10
81,4,0,25
81,7,0,22
81,8,0,3
81,12,0,26
81,14,0,20
81,17,0,19
81,19,0,27
81,20,0,40
81,22,0,10
81,26,0,3
81,28,0,11
81,30,0,45
81,31,0,27
81,36,0,18
81,38,0,45
81,41,0,24
81,42,0,39
81,43,0,31
81,48,0,27
81,49,0,24
81,50,0,44
81,51,0,44
81,52,0,11
81,53,0,25
81,54,0,22
81,55,0,27
81,59,0,47
81,62,0,39
81,64,0,15
81,65,0,30
81,72,0,6
81,73,0,28
81,74,0,3
81,75,0,9
81,76,0,31
81,79,0,49
81,80,0,2
81,81,0,4
81,82,0,2
81,84,0,23
81,86,0,18
81,87,0,47
81,88,0,38
81,89,0,11
81,91,0,4
81,92,0,34
81,93,0,16
81,94,0,31
81,97,0,47
81,99,0,3
81,61,0,49
81,5,0,44
81,66,0,42
81,11,0,32
81,32,0,28
81,1,0,10
82,4,0,25
82,7,0,22
82,8,0,3
82,12,0,26
82,14,0,20
82,17,0,19
82,19,0,27
82,20,0,40
82,22,0,10
82,26,0,3
82,28,0,11
82,30,0,45
82,31,0,27
82,36,0,18
82,38,0,45
82,41,0,24
82,42,0,39
82,43,0,31
82,48,0,27
82,49,0,24
82,50,0,44
82,51,0,44
82,52,0,11
82,53,0,25
82,54,0,22
82,55,0,27
82,59,0,47
82,62,0,39
82,64,0,15
82,65,0,30
82,72,0,6
82,73,0,28
82,74,0,3
82,75,0,9
82,76,0,31
82,79,0,49
82,80,0,2
82,81,0,4
82,82,0,2
82,84,0,23
82,86,0,18
82,87,0,47
82,88,0,38
82,89,0,11
82,91,0,4
82,92,0,34
82,93,0,16
82,94,0,31
82,97,0,47
82,99,0,3
82,61,0,49
82,5,0,44
82,66,0,42
82,11,0,32
82,32,0,28
82,1,0,10
83,4,0,25
83,7,0,22
83,8,0,3
83,12,0,26
83,14,0,20
83,17,0,19
83,19,0,27
83,20,0,40
83,22,0,10
83,26,0,3
83,28,0,11
83,30,0,45
83,31,0,27
83,36,0,18
83,38,0,45
83,41,0,24
83,42,0,39
83,43,0,31
83,48,0,27
83,49,0,24
83,50,0,44
83,51,0,44
83,52,0,11
83,53,0,25
83,54,0,22
83,55,0,27
83,59,0,47
83,62,0,39
83,64,0,15
83,65,0,30
83,72,0,6
83,73,0,28
83,74,0,3
83,75,0,9
83,76,0,31
83,79,0,49
83,80,0,2
83,81,0,4
83,82,0,2
83,84,0,23
83,86,0,18
83,87,0,47
83,88,0,38
83,89,0,11
83,91,0,4
83,92,0,34
83,93,0,16
83,94,0,31
83,97,0,47
83,99,0,3
83,61,0,49
83,5,0,44
83,66,0,42
83,11,0,32
83,32,0,28
83,1,0,10
84,4,0,25
84,7,0,22
84,8,0,3
84,12,0,26
84,14,0,20
84,17,0,19
84,19,0,27
84,20,0,40
84,22,0,10
84,26,0,3
84,28,0,11
84,30,0,45
84,31,0,27
84,36,0,18
84,38,0,45
84,41,0,24
84,42,0,39
84,43,0,31
84,48,0,27
84,49,0,24
84,50,0,44
84,51,0,44
84,52,0,11
84,53,0,25
84,54,0,22
84,55,0,27
84,59,0,47
84,62,0,39
84,64,0,15
84,65,0,30
84,72,0,6
84,73,0,28
84,74,0,3
84,75,0,9
84,76,0,31
84,79,0,49
84,80,0,2
84,81,0,4
84,82,0,2
84,84,0,23
84,86,0,18
84,87,0,47
84,88,0,38
84,89,0,11
84,91,0,4
84,92,0,34
84,93,0,16
84,94,0,31
84,97,0,47
84,99,0,3
84,61,0,49
84,5,0,44
84,66,0,42
84,11,0,32
84,32,0,28
84,1,0,10
85,4,0,25
85,7,0,22
85,8,0,3
85,12,0,26
85,14,0,20
85,17,0,19
85,19,0,27
85,20,0,40
85,22,0,10
85,26,0,3
85,28,0,11
85,30,0,45
85,31,0,27
85,36,0,18
85,38,0,45
85,41,0,24
85,42,0,39
85,43,0,31
85,48,0,27
85,49,0,24
85,50,0,44
85,51,0,44
85,52,0,11
85,53,0,25
85,54,0,22
85,55,0,27
85,59,0,47
85,62,0,39
85,64,0,15
85,65,0,30
85,72,0,6
85,73,0,28
85,74,0,3
85,75,0,9
85,76,0,31
85,79,0,49
85,80,0,2
85,81,0,4
85,82,0,2
85,84,0,23
85,86,0,18
85,87,0,47
85,88,0,38
85,89,0,11
85,91,0,4
85,92,0,34
85,93,0,16
85,94,0,31
85,97,0,47
85,99,0,3
85,61,0,49
85,5,0,44
85,66,0,42
85,11,0,32
85,32,0,28
85,1,0,10
86,4,0,25
86,7,0,22
86,8,0,3
86,12,0,26
86,14,0,20
86,17,0,19
86,19,0,27
86,20,0,40
86,22,0,10
86,26,0,3
86,28,0,11
86,30,0,45
86,31,0,27
86,36,0,18
86,38,0,45
86,41,0,24
86,42,0,39
86,43,0,31
86,48,0,27
86,49,0,24
86,50,0,44
86,51,0,44
86,52,0,11
86,53,0,25
86,54,0,22
86,55,0,27
86,59,0,47
86,62,0,39
86,64,0,15
86,65,0,30
86,72,0,6
86,73,0,28
86,74,0,3
86,75,0,9
86,76,0,31
86,79,0,49
86,80,0,2
86,81,0,4
86,82,0,2
86,84,0,23
86,86,0,18
86,87,0,47
86,88,0,38
86,89,0,11
86,91,0,4
86,92,0,34
86,93,0,16
86,94,0,31
86,97,0,47
86,99,0,3
86,61,0,49
86,5,0,44
86,66,0,42
86,11,0,32
86,32,0,28
86,1,0,10
87,4,0,25
87,7,0,22
87,8,0,3
87,12,0,26
87,14,0,20
87,17,0,19
87,19,0,27
87,20,0,40
87,22,0,10
87,26,0,3
87,28,0,11
87,30,0,45
87,31,0,27
87,36,0,18
87,38,0,45
87,41,0,24
87,42,0,39
87,43,0,31
87,48,0,27
87,49,0,24
87,50,0,44
87,51,0,44
87,52,0,11
87,53,0,25
87,54,0,22
87,55,0,27
87,59,0,47
87,62,0,39
87,64,0,15
87,65,0,30
87,72,0,6
87,73,0,28
87,74,0,3
87,75,0,9
87,76,0,31
87,79,0,49
87,80,0,2
87,81,0,4
87,82,0,2
87,84,0,23
87,86,0,18
87,87,0,47
87,88,0,38
87,89,0,11
87,91,0,4
87,92,0,34
87,93,0,16
87,94,0,31
87,97,0,47
87,99,0,3
87,61,0,49
87,5,0,44
87,66,0,42
87,11,0,32
87,32,0,28
87,1,0,10
88,4,0,25
88,7,0,22
88,8,0,3
88,12,0,26
88,14,0,20
88,17,0,19
88,19,0,27
88,20,0,40
88,22,0,10
88,26,0,3
88,28,0,11
88,30,0,45
88,31,0,27
88,36,0,18
88,38,0,45
88,41,0,24
88,42,0,39
88,43,0,31
88,48,0,27
88,49,0,24
88,50,0,44
88,51,0,44
88,52,0,11
88,53,0,25
88,54,0,22
88,55,0,27
88,59,0,47
88,62,0,39
88,64,0,15
88,65,0,30
88,72,0,6
88,73,0,28
88,74,0,3
88,75,0,9
88,76,0,31
88,79,0,49
88,80,0,2
88,81,0,4
88,82,0,2
88,84,0,23
88,86,0,18
88,87,0,47
88,88,0,38
88,89,0,11
88,91,0,4
88,92,0,34
88,93,0,16
88,94,0,31
88,97,0,47
88,99,0,3
88,61,0,49
88,5,0,44
88,66,0,42
88,11,0,32
88,32,0,28
88,1,0,10
89,4,0,25
89,7,0,22
89,8,0,3
89,12,0,26
89,14,0,20
89,17,0,19
89,19,0,27
89,20,0,40
89,22,0,10
89,26,0,3
89,28,0,11
89,30,0,45
89,31,0,27
89,36,0,18
89,38,0,45
89,41,0,24
89,42,0,39
89,43,0,31
89,48,0,27
89,49,0,24
89,50,0,44
89,51,0,44
89,52,0,11
89,53,0,25
89,54,0,22
89,55,0,27
89,59,0,47
89,62,0,39
89,64,0,15
89,65,0,30
89,72,0,6
89,73,0,28
89,74,0,3
89,75,0,9
89,76,0,31
89,79,0,49
89,80,0,2
89,81,0,4
89,82,0,2
89,84,0,23
89,86,0,18
89,87,0,47
89,88,0,38
89,89,0,11
89,91,0,4
89,92,0,34
89,93,0,16
89,94,0,31
89,97,0,47
89,99,0,3
89,61,0,49
89,5,0,44
89,66,0,42
89,11,0,32
89,32,0,28
89,1,0,10
90,4,0,25
90,7,0,22
90,8,0,3
90,12,0,26
90,14,0,20
90,17,0,19
90,19,0,27
90,20,0,40
90,22,0,10
90,26,0,3
90,28,0,11
90,30,0,45
90,31,0,27
90,36,0,18
90,38,0,45
90,41,0,24
90,42,0,39
90,43,0,31
90,48,0,27
90,49,0,24
90,50,0,44
90,51,0,44
90,52,0,11
90,53,0,25
90,54,0,22
90,55,0,27
90,59,0,47
90,62,0,39
90,64,0,15
90,65,0,30
90,72,0,6
90,73,0,28
90,74,0,3
90,75,0,9
90,76,0,31
90,79,0,49
90,80,0,2
90,81,0,4
90,82,0,2
90,84,0,23
90,86,0,18
90,87,0,47
90,88,0,38
90,89,0,11
90,91,0,4
90,92,0,34
90,93,0,16
90,94,0,31
90,97,0,47
90,99,0,3
90,61,0,49
90,5,0,44
90,66,0,42
90,11,0,32
90,32,0,28
90,1,0,10
91,4,0,25
91,7,0,22
91,8,0,3
91,12,0,26
91,14,0,20
91,17,0,19
91,19,0,27
91,20,0,40
91,22,0,10
91,26,0,3
91,28,0,11
91,30,0,45
91,31,0,27
91,36,0,18
91,38,0,45
91,41,0,24
91,42,0,39
91,43,0,31
91,48,0,27
91,49,0,24
91,50,0,44
91,51,0,44
91,52,0,11
91,53,0,25
91,54,0,22
91,55,0,27
91,59,0,47
91,62,0,39
91,64,0,15
91,65,0,30
91,72,0,6
91,73,0,28
91,74,0,3
91,75,0,9
91,76,0,31
91,79,0,49
91,80,0,2
91,81,0,4
91,82,0,2
91,84,0,23
91,86,0,18
91,87,0,47
91,88,0,38
91,89,0,11
91,91,0,4
91,92,0,34
91,93,0,16
91,94,0,31
91,97,0,47
91,99,0,3
91,61,0,49
91,5,0,44
91,66,0,42
91,11,0,32
91,32,0,28
91,1,0,10
92,4,0,25
92,7,0,22
92,8,0,3
92,12,0,26
92,14,0,20
92,17,0,19
92,19,0,27
92,20,0,40
92,22,0,10
92,26,0,3
92,28,0,11
92,30,0,45
92,31,0,27
92,36,0,18
92,38,0,45
92,41,0,24
92,42,0,39
92,43,0,31
92,48,0,27
92,49,0,24
92,50,0,44
92,51,0,44
92,52,0,11
92,53,0,25
92,54,0,22
92,55,0,27
92,59,0,47
92,62,0,39
92,64,0,15
92,65,0,30
92,72,0,6
92,73,0,28
92,74,0,3
92,75,0,9
92,76,0,31
92,79,0,49
92,80,0,2
92,81,0,4
92,82,0,2
92,84,0,23
92,86,0,18
92,87,0,47
92,88,0,38
92,89,0,11
92,91,0,4
92,92,0,34
92,93,0,16
92,94,0,31
92,97,0,47
92,99,0,3
92,61,0,49
92,5,0,44
92,66,0,42
92,11,0,32
92,32,0,28
92,1,0,10
93,4,0,25
93,7,0,22
93,8,0,3
93,12,0,26
93,14,0,20
93,17,0,19
93,19,0,27
93,20,0,40
93,22,0,10
93,26,0,3
93,28,0,11
93,30,0,45
93,31,0,27
93,36,0,18
93,38,0,45
93,41,0,24
93,42,0,39
93,43,0,31
93,48,0,27
93,49,0,24
93,50,0,44
93,51,0,44
93,52,0,11
93,53,0,25
93,54,0,22
93,55,0,27
93,59,0,47
93,62,0,39
93,64,0,15
93,65,0,30
93,72,0,6
93,73,0,28
93,74,0,3
93,75,0,9
93,76,0,31
93,79,0,49
93,80,0,2
93,81,0,4
93,82,0,2
93,84,0,23
93,86,0,18
93,87,0,47
93,88,0,38
93,89,0,11
93,91,0,4
93,92,0,34
93,93,0,16
93,94,0,31
93,97,0,47
93,99,0,3
93,61,0,49
93,5,0,44
93,66,0,42
93,11,0,32
93,32,0,28
93,1,0,10
94,4,0,25
94,7,0,22
94,8,0,3
94,12,0,26
94,14,0,20
94,17,0,19
94,19,0,27
94,20,0,40
94,22,0,10
94,26,0,3
94,28,0,11
94,30,0,45
94,31,0,27
94,36,0,18
94,38,0,45
94,41,0,24
94,42,0,39
94,43,0,31
94,48,0,27
94,49,0,24
94,50,0,44
94,51,0,44
94,52,0,11
94,53,0,25
94,54,0,22
94,55,0,27
94,59,0,47
94,62,0,39
94,64,0,15
94,65,0,30
94,72,0,6
94,73,0,28
94,74,0,3
94,75,0,9
94,76,0,31
94,79,0,49
94,80,0,2
94,81,0,4
94,82,0,2
94,84,0,23
94,86,0,18
94,87,0,47
94,88,0,38
94,89,0,11
94,91,0,4
94,92,0,34
94,93,0,16
94,94,0,31
94,97,0,47
94,99,0,3
94,61,0,49
94,5,0,44
94,66,0,42
94,11,0,32
94,32,0,28
94,1,0,10
95,4,0,25
95,7,0,22
95,8,0,3
95,12,0,26
95,14,0,20
95,17,0,19
95,19,0,27
95,20,0,40
95,22,0,10
95,26,0,3
95,28,0,11
95,30,0,45
95,31,0,27
95,36,0,18
95,38,0,45
95,41,0,24
95,42,0,39
95,43,0,31
95,48,0,27
95,49,0,24
95,50,0,44
95,51,0,44
95,52,0,11
95,53,0,25
95,54,0,22
95,55,0,27
95,59,0,47
95,62,0,39
95,64,0,15
95,65,0,30
95,72,0,6
95,73,0,28
95,74,0,3
95,75,0,9
95,76,0,31
95,79,0,49
95,80,0,2
95,81,0,4
95,82,0,2
95,84,0,23
95,86,0,18
95,87,0,47
95,88,0,38
95,89,0,11
95,91,0,4
95,92,0,34
95,93,0,16
95,94,0,31
95,97,0,47
95,99,0,3
95,61,0,49
95,5,0,44
95,66,0,42
95,11,0,32
95,32,0,28
95,1,0,10
96,4,0,25
96,7,0,22
96,8,0,3
96,12,0,26
96,14,0,20
96,17,0,19
96,19,0,27
96,20,0,40
96,22,0,10
96,26,0,3
96,28,0,11
96,30,0,45
96,31,0,27
96,36,0,18
96,38,0,45
96,41,0,24
96,42,0,39
96,43,0,31
96,48,0,27
96,49,0,24
96,50,0,44
96,51,0,44
96,52,0,11
96,53,0,25
96,54,0,22
96,55,0,27
96,59,0,47
96,62,0,39
96,64,0,15
96,65,0,30
96,72,0,6
96,73,0,28
96,74,0,3
96,75,0,9
96,76,0,31
96,79,0,49
96,80,0,2
96,81,0,4
96,82,0,2
96,84,0,23
96,86,0,18
96,87,0,47
96,88,0,38
96,89,0,11
96,91,0,4
96,92,0,34
96,93,0,16
96,94,0,31
96,97,0,47
96,99,0,3
96,61,0,49
96,5,0,44
96,66,0,42
96,11,0,32
96,32,0,28
96,1,0,10
97,4,0,25
97,7,0,22
97,8,0,3
97,12,0,26
97,14,0,20
97,17,0,19
97,19,0,27
97,20,0,40
97,22,0,10
97,26,0,3
97,28,0,11
97,30,0,45
97,31,0,27
97,36,0,18
97,38,0,45
97,41,0,24
97,42,0,39
97,43,0,31
97,48,0,27
97,49,0,24
97,50,0,44
97,51,0,44
97,52,0,11
97,53,0,25
97,54,0,22
97,55,0,27
97,59,0,47
97,62,0,39
97,64,0,15
97,65,0,30
97,72,0,6
97,73,0,28
97,74,0,3
97,75,0,9
97,76,0,31
97,79,0,49
97,80,0,2
97,81,0,4
97,82,0,2
97,84,0,23
97,86,0,18
97,87,0,47
97,88,0,38
97,89,0,11
97,91,0,4
97,92,0,34
97,93,0,16
97,94,0,31
97,97,0,47
97,99,0,3
97,61,0,49
97,5,0,44
97,66,0,42
97,11,0,32
97,32,0,28
97,1,0,10
98,4,0,25
98,7,0,22
98,8,0,3
98,12,0,26
98,14,0,20
98,17,0,19
98,19,0,27
98,20,0,40
98,22,0,10
98,26,0,3
98,28,0,11
98,30,0,45
98,31,0,27
98,36,0,18
98,38,0,45
98,41,0,24
98,42,0,39
98,43,0,31
98,48,0,27
98,49,0,24
98,50,0,44
98,51,0,44
98,52,0,11
98,53,0,25
98,54,0,22
98,55,0,27
98,59,0,47
98,62,0,39
98,64,0,15
98,65,0,30
98,72,0,6
98,73,0,28
98,74,0,3
98,75,0,9
98,76,0,31
98,79,0,49
98,80,0,2
98,81,0,4
98,82,0,2
98,84,0,23
98,86,0,18
98,87,0,47
98,88,0,38
98,89,0,11
98,91,0,4
98,92,0,34
98,93,0,16
98,94,0,31
98,97,0,47
98,99,0,3
98,61,0,49
98,5,0,44
98,66,0,42
98,11,0,32
98,32,0,28
98,1,0,10
99,4,0,25
99,7,0,22
99,8,0,3
99,12,0,26
99,14,0,20
99,17,0,19
99,19,0,27
99,20,0,40
99,22,0,10
99,26,0,3
99,28,0,11
99,30,0,45
99,31,0,27
99,36,0,18
99,38,0,45
99,41,0,24
99,42,0,39
99,43,0,31
99,48,0,27
99,49,0,24
99,50,0,44
99,51,0,44
99,52,0,11
99,53,0,25
99,54,0,22
99,55,0,27
99,59,0,47
99,62,0,39
99,64,0,15
99,65,0,30
99,72,0,6
99,73,0,28
99,74,0,3
99,75,0,9
99,76,0,31
99,79,0,49
99,80,0,2
99,81,0,4
99,82,0,2
99,84,0,23
99,86,0,18
99,87,0,47
99,88,0,38
99,89,0,11
99,91,0,4
99,92,0,34
99,93,0,16
99,94,0,31
99,97,0,47
99,99,0,3
99,61,0,49
99,5,0,44
99,66,0,42
99,11,0,32
99,32,0,28
99,1,0,10
100,4,0,25
100,7,0,22
100,8,0,3
100,12,0,26
100,14,0,20
100,17,0,19
100,19,0,27
100,20,0,40
100,22,0,10
100,26,0,3
100,28,0,11
100,30,0,45
100,31,0,27
100,36,0,18
100,38,0,45
100,41,0,24
100,42,0,39
100,43,0,31
100,48,0,27
100,49,0,24
100,50,0,44
100,51,0,44
100,52,0,11
100,53,0,25
100,54,0,22
100,55,0,27
100,59,0,47
100,62,0,39
100,64,0,15
100,65,0,30
100,72,0,6
100,73,0,28
100,74,0,3
100,75,0,9
100,76,0,31
100,79,0,49
100,80,0,2
100,81,0,4
100,82,0,2
100,84,0,23
100,86,0,18
100,87,0,47
100,88,0,38
100,89,0,11
100,91,0,4
100,92,0,34
100,93,0,16
100,94,0,31
100,97,0,47
100,99,0,3
100,61,0,49
100,5,0,44
100,66,0,42
100,11,0,32
100,32,0,28
100,1,0,10
101,4,0,25
101,7,0,22
101,8,0,3
101,12,0,26
101,14,0,20
101,17,0,19
101,19,0,27
101,20,0,40
101,22,0,10
101,26,0,3
101,28,0,11
101,30,0,45
101,31,0,27
101,36,0,18
101,38,0,45
101,41,0,24
101,42,0,39
101,43,0,31
101,48,0,27
101,49,0,24
101,50,0,44
101,51,0,44
101,52,0,11
101,53,0,25
101,54,0,22
101,55,0,27
101,59,0,47
101,62,0,39
101,64,0,15
101,65,0,30
101,72,0,6
101,73,0,28
101,74,0,3
101,75,0,9
101,76,0,31
101,79,0,49
101,80,0,2
101,81,0,4
101,82,0,2
101,84,0,23
101,86,0,18
101,87,0,47
101,88,0,38
101,89,0,11
101,91,0,4
101,92,0,34
101,93,0,16
101,94,0,31
101,97,0,47
101,99,0,3
101,61,0,49
101,5,0,44
101,66,0,42
101,11,0,32
101,32,0,28
101,1,0,10
102,4,0,25
102,7,0,22
102,8,0,3
102,12,0,26
102,14,0,20
102,17,0,19
102,19,0,27
102,20,0,40
102,22,0,10
102,26,0,3
102,28,0,11
102,30,0,45
102,31,0,27
102,36,0,18
102,38,0,45
102,41,0,24
102,42,0,39
102,43,0,31
102,48,0,27
102,49,0,24
102,50,0,44
102,51,0,44
102,52,0,11
102,53,0,25
102,54,0,22
102,55,0,27
102,59,0,47
102,62,0,39
102,64,0,15
102,65,0,30
102,72,0,6
102,73,0,28
102,74,0,3
102,75,0,9
102,76,0,31
102,79,0,49
102,80,0,2
102,81,0,4
102,82,0,2
102,84,0,23
102,86,0,18
102,87,0,47
102,88,0,38
102,89,0,11
102,91,0,4
102,92,0,34
102,93,0,16
102,94,0,31
102,97,0,47
102,99,0,3
102,61,0,49
102,5,0,44
102,66,0,42
102,11,0,32
102,32,0,28
102,1,0,10
103,4,0,25
103,7,0,22
103,8,0,3
103,12,0,26
103,14,0,20
103,17,0,19
103,19,0,27
103,20,0,40
103,22,0,10
103,26,0,3
103,28,0,11
103,30,0,45
103,31,0,27
103,36,0,18
103,38,0,45
103,41,0,24
103,42,0,39
103,43,0,31
103,48,0,27
103,49,0,24
103,50,0,44
103,51,0,44
103,52,0,11
103,53,0,25
103,54,0,22
103,55,0,27
103,59,0,47
103,62,0,39
103,64,0,15
103,65,0,30
103,72,0,6
103,73,0,28
103,74,0,3
103,75,0,9
103,76,0,31
103,79,0,49
103,80,0,2
103,81,0,4
103,82,0,2
103,84,0,23
103,86,0,18
103,87,0,47
103,88,0,38
103,89,0,11
103,91,0,4
103,92,0,34
103,93,0,16
103,94,0,31
103,97,0,47
103,99,0,3
103,61,0,49
103,5,0,44
103,66,0,42
103,11,0,32
103,32,0,28
103,1,0,10
104,4,0,25
104,7,0,22
104,8,0,3
104,12,0,26
104,14,0,20
104,17,0,19
104,19,0,27
104,20,0,40
104,22,0,10
104,26,0,3
104,28,0,11
104,30,0,45
104,31,0,27
104,36,0,18
104,38,0,45
104,41,0,24
104,42,0,39
104,43,0,31
104,48,0,27
104,49,0,24
104,50,0,44
104,51,0,44
104,52,0,11
104,53,0,25
104,54,0,22
104,55,0,27
104,59,0,47
104,62,0,39
104,64,0,15
104,65,0,30
104,72,0,6
104,73,0,28
104,74,0,3
104,75,0,9
104,76,0,31
104,79,0,49
104,80,0,2
104,81,0,4
104,82,0,2
104,84,0,23
104,86,0,18
104,87,0,47
104,88,0,38
104,89,0,11
104,91,0,4
104,92,0,34
104,93,0,16
104,94,0,31
104,97,0,47
104,99,0,3
104,61,0,49
104,5,0,44
104,66,0,42
104,11,0,32
104,32,0,28
104,1,0,10
105,4,0,25
105,7,0,22
105,8,0,3
105,12,0,26
105,14,0,20
105,17,0,19
105,19,0,27
105,20,0,40
105,22,0,10
105,26,0,3
105,28,0,11
105,30,0,45
105,31,0,27
105,36,0,18
105,38,0,45
105,41,0,24
105,42,0,39
105,43,0,31
105,48,0,27
105,49,0,24
105,50,0,44
105,51,0,44
105,52,0,11
105,53,0,25
105,54,0,22
105,55,0,27
105,59,0,47
105,62,0,39
105,64,0,15
105,65,0,30
105,72,0,6
105,73,0,28
105,74,0,3
105,75,0,9
105,76,0,31
105,79,0,49
105,80,0,2
105,81,0,4
105,82,0,2
105,84,0,23
105,86,0,18
105,87,0,47
105,88,0,38
105,89,0,11
105,91,0,4
105,92,0,34
105,93,0,16
105,94,0,31
105,97,0,47
105,99,0,3
105,61,0,49
105,5,0,44
105,66,0,42
105,11,0,32
105,32,0,28
105,1,0,10
106,4,0,25
106,7,0,22
106,8,0,3
106,12,0,26
106,14,0,20
106,17,0,19
106,19,0,27
106,20,0,40
106,22,0,10
106,26,0,3
106,28,0,11
106,30,0,45
106,31,0,27
106,36,0,18
106,38,0,45
106,41,0,24
106,42,0,39
106,43,0,31
106,48,0,27
106,49,0,24
106,50,0,44
106,51,0,44
106,52,0,11
106,53,0,25
106,54,0,22
106,55,0,27
106,59,0,47
106,62,0,39
106,64,0,15
106,65,0,30
106,72,0,6
106,73,0,28
106,74,0,3
106,75,0,9
106,76,0,31
106,79,0,49
106,80,0,2
106,81,0,4
106,82,0,2
106,84,0,23
106,86,0,18
106,87,0,47
106,88,0,38
106,89,0,11
106,91,0,4
106,92,0,34
106,93,0,16
106,94,0,31
106,97,0,47
106,99,0,3
106,61,0,49
106,5,0,44
106,66,0,42
106,11,0,32
106,32,0,28
106,1,0,10
107,4,0,25
107,7,0,22
107,8,0,3
107,12,0,26
107,14,0,20
107,17,0,19
107,19,0,27
107,20,0,40
107,22,0,10
107,26,0,3
107,28,0,11
107,30,0,45
107,31,0,27
107,36,0,18
107,38,0,45
107,41,0,24
107,42,0,39
107,43,0,31
107,48,0,27
107,49,0,24
107,50,0,44
107,51,0,44
107,52,0,11
107,53,0,25
107,54,0,22
107,55,0,27
107,59,0,47
107,62,0,39
107,64,0,15
107,65,0,30
107,72,0,6
107,73,0,28
107,74,0,3
107,75,0,9
107,76,0,31
107,79,0,49
107,80,0,2
107,81,0,4
107,82,0,2
107,84,0,23
107,86,0,18
107,87,0,47
107,88,0,38
107,89,0,11
107,91,0,4
107,92,0,34
107,93,0,16
107,94,0,31
107,97,0,47
107,99,0,3
107,61,0,49
107,5,0,44
107,66,0,42
107,11,0,32
107,32,0,28
107,1,0,10
108,4,0,25
108,7,0,22
108,8,0,3
108,12,0,26
108,14,0,20
108,17,0,19
108,19,0,27
108,20,0,40
108,22,0,10
108,26,0,3
108,28,0,11
108,30,0,45
108,31,0,27
108,36,0,18
108,38,0,45
108,41,0,24
108,42,0,39
108,43,0,31
108,48,0,27
108,49,0,24
108,50,0,44
108,51,0,44
108,52,0,11
108,53,0,25
108,54,0,22
108,55,0,27
108,59,0,47
108,62,0,39
108,64,0,15
108,65,0,30
108,72,0,6
108,73,0,28
108,74,0,3
108,75,0,9
108,76,0,31
108,79,0,49
108,80,0,2
108,81,0,4
108,82,0,2
108,84,0,23
108,86,0,18
108,87,0,47
108,88,0,38
108,89,0,11
108,91,0,4
108,92,0,34
108,93,0,16
108,94,0,31
108,97,0,47
108,99,0,3
108,61,0,49
108,5,0,44
108,66,0,42
108,11,0,32
108,32,0,28
108,1,0,10
109,4,0,25
109,7,0,22
109,8,0,3
109,12,0,26
109,14,0,20
109,17,0,19
109,19,0,27
109,20,0,40
109,22,0,10
109,26,0,3
109,28,0,11
109,30,0,45
109,31,0,27
109,36,0,18
109,38,0,45
109,41,0,24
109,42,0,39
109,43,0,31
109,48,0,27
109,49,0,24
109,50,0,44
109,51,0,44
109,52,0,11
109,53,0,25
109,54,0,22
109,55,0,27
109,59,0,47
109,62,0,39
109,64,0,15
109,65,0,30
109,72,0,6
109,73,0,28
109,74,0,3
109,75,0,9
109,76,0,31
109,79,0,49
109,80,0,2
109,81,0,4
109,82,0,2
109,84,0,23
109,86,0,18
109,87,0,47
109,88,0,38
109,89,0,11
109,91,0,4
109,92,0,34
109,93,0,16
109,94,0,31
109,97,0,47
109,99,0,3
109,61,0,49
109,5,0,44
109,66,0,42
109,11,0,32
109,32,0,28
109,1,0,10
110,4,0,25
110,7,0,22
110,8,0,3
110,12,0,26
110,14,0,20
110,17,0,19
110,19,0,27
110,20,0,40
110,22,0,10
110,26,0,3
110,28,0,11
110,30,0,45
110,31,0,27
110,36,0,18
110,38,0,45
110,41,0,24
110,42,0,39
110,43,0,31
110,48,0,27
110,49,0,24
110,50,0,44
110,51,0,44
110,52,0,11
110,53,0,25
110,54,0,22
110,55,0,27
110,59,0,47
110,62,0,39
110,64,0,15
110,65,0,30
110,72,0,6
110,73,0,28
110,74,0,3
110,75,0,9
110,76,0,31
110,79,0,49
110,80,0,2
110,81,0,4
110,82,0,2
110,84,0,23
110,86,0,18
110,87,0,47
110,88,0,38
110,89,0,11
110,91,0,4
110,92,0,34
110,93,0,16
110,94,0,31
110,97,0,47
110,99,0,3
110,61,0,49
110,5,0,44
110,66,0,42
110,11,0,32
110,32,0,28
110,1,0,10
111,4,0,25
111,7,0,22
111,8,0,3
111,12,0,26
111,14,0,20
111,17,0,19
111,19,0,27
111,20,0,40
111,22,0,10
111,26,0,3
111,28,0,11
111,30,0,45
111,31,0,27
111,36,0,18
111,38,0,45
111,41,0,24
111,42,0,39
111,43,0,31
111,48,0,27
111,49,0,24
111,50,0,44
111,51,0,44
111,52,0,11
111,53,0,25
111,54,0,22
111,55,0,27
111,59,0,47
111,62,0,39
111,64,0,15
111,65,0,30
111,72,0,6
111,73,0,28
111,74,0,3
111,75,0,9
111,76,0,31
111,79,0,49
111,80,0,2
111,81,0,4
111,82,0,2
111,84,0,23
111,86,0,18
111,87,0,47
111,88,0,38
111,89,0,11
111,91,0,4
111,92,0,34
111,93,0,16
111,94,0,31
111,97,0,47
111,99,0,3
111,61,0,49
111,5,0,44
111,66,0,42
111,11,0,32
111,32,0,28
111,1,0,10
112,4,0,25
112,7,0,22
112,8,0,3
112,12,0,26
112,14,0,20
112,17,0,19
112,19,0,27
112,20,0,40
112,22,0,10
112,26,0,3
112,28,0,11
112,30,0,45
112,31,0,27
112,36,0,18
112,38,0,45
112,41,0,24
112,42,0,39
112,43,0,31
112,48,0,27
112,49,0,24
112,50,0,44
112,51,0,44
112,52,0,11
112,53,0,25
112,54,0,22
112,55,0,27
112,59,0,47
112,62,0,39
112,64,0,15
112,65,0,30
112,72,0,6
112,73,0,28
112,74,0,3
112,75,0,9
112,76,0,31
112,79,0,49
112,80,0,2
112,81,0,4
112,82,0,2
112,84,0,23
112,86,0,18
112,87,0,47
112,88,0,38
112,89,0,11
112,91,0,4
112,92,0,34
112,93,0,16
112,94,0,31
112,97,0,47
112,99,0,3
112,61,0,49
112,5,0,44
112,66,0,42
112,11,0,32
112,32,0,28
112,1,0,10
113,4,0,25
113,7,0,22
113,8,0,3
113,12,0,26
113,14,0,20
113,17,0,19
113,19,0,27
113,20,0,40
113,22,0,10
113,26,0,3
113,28,0,11
113,30,0,45
113,31,0,27
113,36,0,18
113,38,0,45
113,41,0,24
113,42,0,39
113,43,0,31
113,48,0,27
113,49,0,24
113,50,0,44
113,51,0,44
113,52,0,11
113,53,0,25
113,54,0,22
113,55,0,27
113,59,0,47
113,62,0,39
113,64,0,15
113,65,0,30
113,72,0,6
113,73,0,28
113,74,0,3
113,75,0,9
113,76,0,31
113,79,0,49
113,80,0,2
113,81,0,4
113,82,0,2
113,84,0,23
113,86,0,18
113,87,0,47
113,88,0,38
113,89,0,11
113,91,0,4
113,92,0,34
113,93,0,16
113,94,0,31
113,97,0,47
113,99,0,3
113,61,0,49
113,5,0,44
113,66,0,42
113,11,0,32
113,32,0,28
113,1,0,10
114,4,0,25
114,7,0,22
114,8,0,3
114,12,0,26
114,14,0,20
114,17,0,19
114,19,0,27
114,20,0,40
114,22,0,10
114,26,0,3
114,28,0,11
114,30,0,45
114,31,0,27
114,36,0,18
114,38,0,45
114,41,0,24
114,42,0,39
114,43,0,31
114,48,0,27
114,49,0,24
114,50,0,44
114,51,0,44
114,52,0,11
114,53,0,25
114,54,0,22
114,55,0,27
114,59,0,47
114,62,0,39
114,64,0,15
114,65,0,30
114,72,0,6
114,73,0,28
114,74,0,3
114,75,0,9
114,76,0,31
114,79,0,49
114,80,0,2
114,81,0,4
114,82,0,2
114,84,0,23
114,86,0,18
114,87,0,47
114,88,0,38
114,89,0,11
114,91,0,4
114,92,0,34
114,93,0,16
114,94,0,31
114,97,0,47
114,99,0,3
114,61,0,49
114,5,0,44
114,66,0,42
114,11,0,32
114,32,0,28
114,1,0,10
115,4,0,25
115,7,0,22
115,8,0,3
115,12,0,26
115,14,0,20
115,17,0,19
115,19,0,27
115,20,0,40
115,22,0,10
115,26,0,3
115,28,0,11
115,30,0,45
115,31,0,27
115,36,0,18
115,38,0,45
115,41,0,24
115,42,0,39
115,43,0,31
115,48,0,27
115,49,0,24
115,50,0,44
115,51,0,44
115,52,0,11
115,53,0,25
115,54,0,22
115,55,0,27
115,59,0,47
115,62,0,39
115,64,0,15
115,65,0,30
115,72,0,6
115,73,0,28
115,74,0,3
115,75,0,9
115,76,0,31
115,79,0,49
115,80,0,2
115,81,0,4
115,82,0,2
115,84,0,23
115,86,0,18
115,87,0,47
115,88,0,38
115,89,0,11
115,91,0,4
115,92,0,34
115,93,0,16
115,94,0,31
115,97,0,47
115,99,0,3
115,61,0,49
115,5,0,44
115,66,0,42
115,11,0,32
115,32,0,28
115,1,0,10
116,4,0,25
116,7,0,22
116,8,0,3
116,12,0,26
116,14,0,20
116,17,0,19
116,19,0,27
116,20,0,40
116,22,0,10
116,26,0,3
116,28,0,11
116,30,0,45
116,31,0,27
116,36,0,18
116,38,0,45
116,41,0,24
116,42,0,39
116,43,0,31
116,48,0,27
116,49,0,24
116,50,0,44
116,51,0,44
116,52,0,11
116,53,0,25
116,54,0,22
116,55,0,27
116,59,0,47
116,62,0,39
116,64,0,15
116,65,0,30
116,72,0,6
116,73,0,28
116,74,0,3
116,75,0,9
116,76,0,31
116,79,0,49
116,80,0,2
116,81,0,4
116,82,0,2
116,84,0,23
116,86,0,18
116,87,0,47
116,88,0,38
116,89,0,11
116,91,0,4
116,92,0,34
116,93,0,16
116,94,0,31
116,97,0,47
116,99,0,3
116,61,0,49
116,5,0,44
116,66,0,42
116,11,0,32
116,32,0,28
116,1,0,10
117,4,0,25
117,7,0,22
117,8,0,3
117,12,0,26
117,14,0,20
117,17,0,19
117,19,0,27
117,20,0,40
117,22,0,10
117,26,0,3
117,28,0,11
117,30,0,45
117,31,0,27
117,36,0,18
117,38,0,45
117,41,0,24
117,42,0,39
117,43,0,31
117,48,0,27
117,49,0,24
117,50,0,44
117,51,0,44
117,52,0,11
117,53,0,25
117,54,0,22
117,55,0,27
117,59,0,47
117,62,0,39
117,64,0,15
117,65,0,30
117,72,0,6
117,73,0,28
117,74,0,3
117,75,0,9
117,76,0,31
117,79,0,49
117,80,0,2
117,81,0,4
117,82,0,2
117,84,0,23
117,86,0,18
117,87,0,47
117,88,0,38
117,89,0,11
117,91,0,4
117,92,0,34
117,93,0,16
117,94,0,31
117,97,0,47
117,99,0,3
117,61,0,49
117,5,0,44
117,66,0,42
117,11,0,32
117,32,0,28
117,1,0,10
118,4,0,25
118,7,0,22
118,8,0,3
118,12,0,26
118,14,0,20
118,17,0,19
118,19,0,27
118,20,0,40
118,22,0,10
118,26,0,3
118,28,0,11
118,30,0,45
118,31,0,27
118,36,0,18
118,38,0,45
118,41,0,24
118,42,0,39
118,43,0,31
118,48,0,27
118,49,0,24
118,50,0,44
118,51,0,44
118,52,0,11
118,53,0,25
118,54,0,22
118,55,0,27
118,59,0,47
118,62,0,39
118,64,0,15
118,65,0,30
118,72,0,6
118,73,0,28
118,74,0,3
118,75,0,9
118,76,0,31
118,79,0,49
118,80,0,2
118,81,0,4
118,82,0,2
118,84,0,23
118,86,0,18
118,87,0,47
118,88,0,38
118,89,0,11
118,91,0,4
118,92,0,34
118,93,0,16
118,94,0,31
118,97,0,47
118,99,0,3
118,61,0,49
118,5,0,44
118,66,0,42
118,11,0,32
118,32,0,28
118,1,0,10
119,4,0,25
119,7,0,22
119,8,0,3
119,12,0,26
119,14,0,20
119,17,0,19
119,19,0,27
119,20,0,40
119,22,0,10
119,26,0,3
119,28,0,11
119,30,0,45
119,31,0,27
119,36,0,18
119,38,0,45
119,41,0,24
119,42,0,39
119,43,0,31
119,48,0,27
119,49,0,24
119,50,0,44
119,51,0,44
119,52,0,11
119,53,0,25
119,54,0,22
119,55,0,27
119,59,0,47
119,62,0,39
119,64,0,15
119,65,0,30
119,72,0,6
119,73,0,28
119,74,0,3
119,75,0,9
119,76,0,31
119,79,0,49
119,80,0,2
119,81,0,4
119,82,0,2
119,84,0,23
119,86,0,18
119,87,0,47
119,88,0,38
119,89,0,11
119,91,0,4
119,92,0,34
119,93,0,16
119,94,0,31
119,97,0,47
119,99,0,3
119,61,0,49
119,5,0,44
119,66,0,42
119,11,0,32
119,32,0,28
119,1,0,10
120,4,0,25
120,7,0,22
120,8,0,3
120,12,0,26
120,14,0,20
120,17,0,19
120,19,0,27
120,20,0,40
120,22,0,10
120,26,0,3
120,28,0,11
120,30,0,45
120,31,0,27
120,36,0,18
120,38,0,45
120,41,0,24
120,42,0,39
120,43,0,31
120,48,0,27
120,49,0,24
120,50,0,44
120,51,0,44
120,52,0,11
120,53,0,25
120,54,0,22
120,55,0,27
120,59,0,47
120,62,0,39
120,64,0,15
120,65,0,30
120,72,0,6
120,73,0,28
120,74,0,3
120,75,0,9
120,76,0,31
120,79,0,49
120,80,0,2
120,81,0,4
120,82,0,2
120,84,0,23
120,86,0,18
120,87,0,47
120,88,0,38
120,89,0,11
120,91,0,4
120,92,0,34
120,93,0,16
120,94,0,31
120,97,0,47
120,99,0,3
120,61,0,49
120,5,0,44
120,66,0,42
120,11,0,32
120,32,0,28
120,1,0,10
121,4,0,25
121,7,0,22
121,8,0,3
121,12,0,26
121,14,0,20
121,17,0,19
121,19,0,27
121,20,0,40
121,22,0,10
121,26,0,3
121,28,0,11
121,30,0,45
121,31,0,27
121,36,0,18
121,38,0,45
121,41,0,24
121,42,0,39
121,43,0,31
121,48,0,27
121,49,0,24
121,50,0,44
121,51,0,44
121,52,0,11
121,53,0,25
121,54,0,22
121,55,0,27
121,59,0,47
121,62,0,39
121,64,0,15
121,65,0,30
121,72,0,6
121,73,0,28
121,74,0,3
121,75,0,9
121,76,0,31
121,79,0,49
121,80,0,2
121,81,0,4
121,82,0,2
121,84,0,23
121,86,0,18
121,87,0,47
121,88,0,38
121,89,0,11
121,91,0,4
121,92,0,34
121,93,0,16
121,94,0,31
121,97,0,47
121,99,0,3
121,61,0,49
121,5,0,44
121,66,0,42
121,11,0,32
121,32,0,28
121,1,0,10
122,4,0,25
122,7,0,22
122,8,0,3
122,12,0,26
122,14,0,20
122,17,0,19
122,19,0,27
122,20,0,40
122,22,0,10
122,26,0,3
122,28,0,11
122,30,0,45
122,31,0,27
122,36,0,18
122,38,0,45
122,41,0,24
122,42,0,39
122,43,0,31
122,48,0,27
122,49,0,24
122,50,0,44
122,51,0,44
122,52,0,11
122,53,0,25
122,54,0,22
122,55,0,27
122,59,0,47
122,62,0,39
122,64,0,15
122,65,0,30
122,72,0,6
122,73,0,28
122,74,0,3
122,75,0,9
122,76,0,31
122,79,0,49
122,80,0,2
122,81,0,4
122,82,0,2
122,84,0,23
122,86,0,18
122,87,0,47
122,88,0,38
122,89,0,11
122,91,0,4
122,92,0,34
122,93,0,16
122,94,0,31
122,97,0,47
122,99,0,3
122,61,0,49
122,5,0,44
122,66,0,42
122,11,0,32
122,32,0,28
122,1,0,10
123,4,0,25
123,7,0,22
123,8,0,3
123,12,0,26
123,14,0,20
123,17,0,19
123,19,0,27
123,20,0,40
123,22,0,10
123,26,0,3
123,28,0,11
123,30,0,45
123,31,0,27
123,36,0,18
123,38,0,45
123,41,0,24
123,42,0,39
123,43,0,31
123,48,0,27
123,49,0,24
123,50,0,44
123,51,0,44
123,52,0,11
123,53,0,25
123,54,0,22
123,55,0,27
123,59,0,47
123,62,0,39
123,64,0,15
123,65,0,30
123,72,0,6
123,73,0,28
123,74,0,3
123,75,0,9
123,76,0,31
123,79,0,49
123,80,0,2
123,81,0,4
123,82,0,2
123,84,0,23
123,86,0,18
123,87,0,47
123,88,0,38
123,89,0,11
123,91,0,4
123,92,0,34
123,93,0,16
123,94,0,31
123,97,0,47
123,99,0,3
123,61,0,49
123,5,0,44
123,66,0,42
123,11,0,32
123,32,0,28
123,1,0,10
124,4,0,25
124,7,0,22
124,8,0,3
124,12,0,26
124,14,0,20
124,17,0,19
124,19,0,27
124,20,0,40
124,22,0,10
124,26,0,3
124,28,0,11
124,30,0,45
124,31,0,27
124,36,0,18
124,38,0,45
124,41,0,24
124,42,0,39
124,43,0,31
124,48,0,27
124,49,0,24
124,50,0,44
124,51,0,44
124,52,0,11
124,53,0,25
124,54,0,22
124,55,0,27
124,59,0,47
124,62,0,39
124,64,0,15
124,65,0,30
124,72,0,6
124,73,0,28
124,74,0,3
124,75,0,9
124,76,0,31
124,79,0,49
124,80,0,2
124,81,0,4
124,82,0,2
124,84,0,23
124,86,0,18
124,87,0,47
124,88,0,38
124,89,0,11
124,91,0,4
124,92,0,34
124,93,0,16
124,94,0,31
124,97,0,47
124,99,0,3
124,61,0,49
124,5,0,44
124,66,0,42
124,11,0,32
124,32,0,28
124,1,0,10
125,4,0,25
125,7,0,22
125,8,0,3
125,12,0,26
125,14,0,20
125,17,0,19
125,19,0,27
125,20,0,40
125,22,0,10
125,26,0,3
125,28,0,11
125,30,0,45
125,31,0,27
125,36,0,18
125,38,0,45
125,41,0,24
125,42,0,39
125,43,0,31
125,48,0,27
125,49,0,24
125,50,0,44
125,51,0,44
125,52,0,11
125,53,0,25
125,54,0,22
125,55,0,27
125,59,0,47
125,62,0,39
125,64,0,15
125,65,0,30
125,72,0,6
125,73,0,28
125,74,0,3
125,75,0,9
125,76,0,31
125,79,0,49
125,80,0,2
125,81,0,4
125,82,0,2
125,84,0,23
125,86,0,18
125,87,0,47
125,88,0,38
125,89,0,11
125,91,0,4
125,92,0,34
125,93,0,16
125,94,0,31
125,97,0,47
125,99,0,3
125,61,0,49
125,5,0,44
125,66,0,42
125,11,0,32
125,32,0,28
125,1,0,10
126,4,0,25
126,7,0,22
126,8,0,3
126,12,0,26
126,14,0,20
126,17,0,19
126,19,0,27
126,20,0,40
126,22,0,10
126,26,0,3
126,28,0,11
126,30,0,45
126,31,0,27
126,36,0,18
126,38,0,45
126,41,0,24
126,42,0,39
126,43,0,31
126,48,0,27
126,49,0,24
126,50,0,44
126,51,0,44
126,52,0,11
126,53,0,25
126,54,0,22
126,55,0,27
126,59,0,47
126,62,0,39
126,64,0,15
126,65,0,30
126,72,0,6
126,73,0,28
126,74,0,3
126,75,0,9
126,76,0,31
126,79,0,49
126,80,0,2
126,81,0,4
126,82,0,2
126,84,0,23
126,86,0,18
126,87,0,47
126,88,0,38
126,89,0,11
126,91,0,4
126,92,0,34
126,93,0,16
126,94,0,31
126,97,0,47
126,99,0,3
126,61,0,49
126,5,0,44
126,66,0,42
126,11,0,32
126,32,0,28
126,1,0,10
127,4,0,25
127,7,0,22
127,8,0,3
127,12,0,26
127,14,0,20
127,17,0,19
127,19,0,27
127,20,0,40
127,22,0,10
127,26,0,3
127,28,0,11
127,30,0,45
127,31,0,27
127,36,0,18
127,38,0,45
127,41,0,24
127,42,0,39
127,43,0,31
127,48,0,27
127,49,0,24
127,50,0,44
127,51,0,44
127,52,0,11
127,53,0,25
127,54,0,22
127,55,0,27
127,59,0,47
127,62,0,39
127,64,0,15
127,65,0,30
127,72,0,6
127,73,0,28
127,74,0,3
127,75,0,9
127,76,0,31
127,79,0,49
127,80,0,2
127,81,0,4
127,82,0,2
127,84,0,23
127,86,0,18
127,87,0,47
127,88,0,38
127,89,0,11
127,91,0,4
127,92,0,34
127,93,0,16
127,94,0,31
127,97,0,47
127,99,0,3
127,61,0,49
127,5,0,44
127,66,0,42
127,11,0,32
127,32,0,28
127,1,0,10
128,4,0,25
128,7,0,22
128,8,0,3
128,12,0,26
128,14,0,20
128,17,0,19
128,19,0,27
128,20,0,40
128,22,0,10
128,26,0,3
128,28,0,11
128,30,0,45
128,31,0,27
128,36,0,18
128,38,0,45
128,41,0,24
128,42,0,39
128,43,0,31
128,48,0,27
128,49,0,24
128,50,0,44
128,51,0,44
128,52,0,11
128,53,0,25
128,54,0,22
128,55,0,27
128,59,0,47
128,62,0,39
128,64,0,15
128,65,0,30
128,72,0,6
128,73,0,28
128,74,0,3
128,75,0,9
128,76,0,31
128,79,0,49
128,80,0,2
128,81,0,4
128,82,0,2
128,84,0,23
128,86,0,18
128,87,0,47
128,88,0,38
128,89,0,11
128,91,0,4
128,92,0,34
128,93,0,16
128,94,0,31
128,97,0,47
128,99,0,3
128,61,0,49
128,5,0,44
128,66,0,42
128,11,0,32
128,32,0,28
128,1,0,10
129,4,0,25
129,7,0,22
129,8,0,3
129,12,0,26
129,14,0,20
129,17,0,19
129,19,0,27
129,20,0,40
129,22,0,10
129,26,0,3
129,28,0,11
129,30,0,45
129,31,0,27
129,36,0,18
129,38,0,45
129,41,0,24
129,42,0,39
129,43,0,31
129,48,0,27
129,49,0,24
129,50,0,44
129,51,0,44
129,52,0,11
129,53,0,25
129,54,0,22
129,55,0,27
129,59,0,47
129,62,0,39
129,64,0,15
129,65,0,30
129,72,0,6
129,73,0,28
129,74,0,3
129,75,0,9
129,76,0,31
129,79,0,49
129,80,0,2
129,81,0,4
129,82,0,2
129,84,0,23
129,86,0,18
129,87,0,47
129,88,0,38
129,89,0,11
129,91,0,4
129,92,0,34
129,93,0,16
129,94,0,31
129,97,0,47
129,99,0,3
129,61,0,49
129,5,0,44
129,66,0,42
129,11,0,32
129,32,0,28
129,1,0,10
130,4,0,25
130,7,0,22
130,8,0,3
130,12,0,26
130,14,0,20
130,17,0,19
130,19,0,27
130,20,0,40
130,22,0,10
130,26,0,3
130,28,0,11
130,30,0,45
130,31,0,27
130,36,0,18
130,38,0,45
130,41,0,24
130,42,0,39
130,43,0,31
130,48,0,27
130,49,0,24
130,50,0,44
130,51,0,44
130,52,0,11
130,53,0,25
130,54,0,22
130,55,0,27
130,59,0,47
130,62,0,39
130,64,0,15
130,65,0,30
130,72,0,6
130,73,0,28
130,74,0,3
130,75,0,9
130,76,0,31
130,79,0,49
130,80,0,2
130,81,0,4
130,82,0,2
130,84,0,23
130,86,0,18
130,87,0,47
130,88,0,38
130,89,0,11
130,91,0,4
130,92,0,34
130,93,0,16
130,94,0,31
130,97,0,47
130,99,0,3
130,61,0,49
130,5,0,44
130,66,0,42
130,11,0,32
130,32,0,28
130,1,0,10
131,4,0,25
131,7,0,22
131,8,0,3
131,12,0,26
131,14,0,20
131,17,0,19
131,19,0,27
131,20,0,40
131,22,0,10
131,26,0,3
131,28,0,11
131,30,0,45
131,31,0,27
131,36,0,18
131,38,0,45
131,41,0,24
131,42,0,39
131,43,0,31
131,48,0,27
131,49,0,24
131,50,0,44
131,51,0,44
131,52,0,11
131,53,0,25
131,54,0,22
131,55,0,27
131,59,0,47
131,62,0,39
131,64,0,15
131,65,0,30
131,72,0,6
131,73,0,28
131,74,0,3
131,75,0,9
131,76,0,31
131,79,0,49
131,80,0,2
131,81,0,4
131,82,0,2
131,84,0,23
131,86,0,18
131,87,0,47
131,88,0,38
131,89,0,11
131,91,0,4
131,92,0,34
131,93,0,16
131,94,0,31
131,97,0,47
131,99,0,3
131,61,0,49
131,5,0,44
131,66,0,42
131,11,0,32
131,32,0,28
131,1,0,10
132,4,0,25
132,7,0,22
132,8,0,3
132,12,0,26
132,14,0,20
132,17,0,19
132,19,0,27
132,20,0,40
132,22,0,10
132,26,0,3
132,28,0,11
132,30,0,45
132,31,0,27
132,36,0,18
132,38,0,45
132,41,0,24
132,42,0,39
132,43,0,31
132,48,0,27
132,49,0,24
132,50,0,44
132,51,0,44
132,52,0,11
132,53,0,25
132,54,0,22
132,55,0,27
132,59,0,47
132,62,0,39
132,64,0,15
132,65,0,30
132,72,0,6
132,73,0,28
132,74,0,3
132,75,0,9
132,76,0,31
132,79,0,49
132,80,0,2
132,81,0,4
132,82,0,2
132,84,0,23
132,86,0,18
132,87,0,47
132,88,0,38
132,89,0,11
132,91,0,4
132,92,0,34
132,93,0,16
132,94,0,31
132,97,0,47
132,99,0,3
132,61,0,49
132,5,0,44
132,66,0,42
132,11,0,32
132,32,0,28
132,1,0,10
133,4,0,25
133,7,0,22
133,8,0,3
133,12,0,26
133,14,0,20
133,17,0,19
133,19,0,27
133,20,0,40
133,22,0,10
133,26,0,3
133,28,0,11
133,30,0,45
133,31,0,27
133,36,0,18
133,38,0,45
133,41,0,24
133,42,0,39
133,43,0,31
133,48,0,27
133,49,0,24
133,50,0,44
133,51,0,44
133,52,0,11
133,53,0,25
133,54,0,22
133,55,0,27
133,59,0,47
133,62,0,39
133,64,0,15
133,65,0,30
133,72,0,6
133,73,0,28
133,74,0,3
133,75,0,9
133,76,0,31
133,79,0,49
133,80,0,2
133,81,0,4
133,82,0,2
133,84,0,23
133,86,0,18
133,87,0,47
133,88,0,38
133,89,0,11
133,91,0,4
133,92,0,34
133,93,0,16
133,94,0,31
133,97,0,47
133,99,0,3
133,61,0,49
133,5,0,44
133,66,0,42
133,11,0,32
133,32,0,28
133,1,0,10
134,4,0,25
134,7,0,22
134,8,0,3
134,12,0,26
134,14,0,20
134,17,0,19
134,19,0,27
134,20,0,40
134,22,0,10
134,26,0,3
134,28,0,11
134,30,0,45
134,31,0,27
134,36,0,18
134,38,0,45
134,41,0,24
134,42,0,39
134,43,0,31
134,48,0,27
134,49,0,24
134,50,0,44
134,51,0,44
134,52,0,11
134,53,0,25
134,54,0,22
134,55,0,27
134,59,0,47
134,62,0,39
134,64,0,15
134,65,0,30
134,72,0,6
134,73,0,28
134,74,0,3
134,75,0,9
134,76,0,31
134,79,0,49
134,80,0,2
134,81,0,4
134,82,0,2
134,84,0,23
134,86,0,18
134,87,0,47
134,88,0,38
134,89,0,11
134,91,0,4
134,92,0,34
134,93,0,16
134,94,0,31
134,97,0,47
134,99,0,3
134,61,0,49
134,5,0,44
134,66,0,42
134,11,0,32
134,32,0,28
134,1,0,10
135,4,0,25
135,7,0,22
135,8,0,3
135,12,0,26
135,14,0,20
135,17,0,19
135,19,0,27
135,20,0,40
135,22,0,10
135,26,0,3
135,28,0,11
135,30,0,45
135,31,0,27
135,36,0,18
135,38,0,45
135,41,0,24
135,42,0,39
135,43,0,31
135,48,0,27
135,49,0,24
135,50,0,44
135,51,0,44
135,52,0,11
135,53,0,25
135,54,0,22
135,55,0,27
135,59,0,47
135,62,0,39
135,64,0,15
135,65,0,30
135,72,0,6
135,73,0,28
135,74,0,3
135,75,0,9
135,76,0,31
135,79,0,49
135,80,0,2
135,81,0,4
135,82,0,2
135,84,0,23
135,86,0,18
135,87,0,47
135,88,0,38
135,89,0,11
135,91,0,4
135,92,0,34
135,93,0,16
135,94,0,31
135,97,0,47
135,99,0,3
135,61,0,49
135,5,0,44
135,66,0,42
135,11,0,32
135,32,0,28
135,1,0,10
136,4,0,25
136,7,0,22
136,8,0,3
136,12,0,26
136,14,0,20
136,17,0,19
136,19,0,27
136,20,0,40
136,22,0,10
136,26,0,3
136,28,0,11
136,30,0,45
136,31,0,27
136,36,0,18
136,38,0,45
136,41,0,24
136,42,0,39
136,43,0,31
136,48,0,27
136,49,0,24
136,50,0,44
136,51,0,44
136,52,0,11
136,53,0,25
136,54,0,22
136,55,0,27
136,59,0,47
136,62,0,39
136,64,0,15
136,65,0,30
136,72,0,6
136,73,0,28
136,74,0,3
136,75,0,9
136,76,0,31
136,79,0,49
136,80,0,2
136,81,0,4
136,82,0,2
136,84,0,23
136,86,0,18
136,87,0,47
136,88,0,38
136,89,0,11
136,91,0,4
136,92,0,34
136,93,0,16
136,94,0,31
136,97,0,47
136,99,0,3
136,61,0,49
136,5,0,44
136,66,0,42
136,11,0,32
136,32,0,28
136,1,0,10
137,4,0,25
137,7,0,22
137,8,0,3
137,12,0,26
137,14,0,20
137,17,0,19
137,19,0,27
137,20,0,40
137,22,0,10
137,26,0,3
137,28,0,11
137,30,0,45
137,31,0,27
137,36,0,18
137,38,0,45
137,41,0,24
137,42,0,39
137,43,0,31
137,48,0,27
137,49,0,24
137,50,0,44
137,51,0,44
137,52,0,11
137,53,0,25
137,54,0,22
137,55,0,27
137,59,0,47
137,62,0,39
137,64,0,15
137,65,0,30
137,72,0,6
137,73,0,28
137,74,0,3
137,75,0,9
137,76,0,31
137,79,0,49
137,80,0,2
137,81,0,4
137,82,0,2
137,84,0,23
137,86,0,18
137,87,0,47
137,88,0,38
137,89,0,11
137,91,0,4
137,92,0,34
137,93,0,16
137,94,0,31
137,97,0,47
137,99,0,3
137,61,0,49
137,5,0,44
137,66,0,42
137,11,0,32
137,32,0,28
137,1,0,10
138,4,0,25
138,7,0,22
138,8,0,3
138,12,0,26
138,14,0,20
138,17,0,19
138,19,0,27
138,20,0,40
138,22,0,10
138,26,0,3
138,28,0,11
138,30,0,45
138,31,0,27
138,36,0,18
138,38,0,45
138,41,0,24
138,42,0,39
138,43,0,31
138,48,0,27
138,49,0,24
138,50,0,44
138,51,0,44
138,52,0,11
138,53,0,25
138,54,0,22
138,55,0,27
138,59,0,47
138,62,0,39
138,64,0,15
138,65,0,30
138,72,0,6
138,73,0,28
138,74,0,3
138,75,0,9
138,76,0,31
138,79,0,49
138,80,0,2
138,81,0,4
138,82,0,2
138,84,0,23
138,86,0,18
138,87,0,47
138,88,0,38
138,89,0,11
138,91,0,4
138,92,0,34
138,93,0,16
138,94,0,31
138,97,0,47
138,99,0,3
138,61,0,49
138,5,0,44
138,66,0,42
138,11,0,32
138,32,0,28
138,1,0,10
139,4,0,25
139,7,0,22
139,8,0,3
139,12,0,26
139,14,0,20
139,17,0,19
139,19,0,27
139,20,0,40
139,22,0,10
139,26,0,3
139,28,0,11
139,30,0,45
139,31,0,27
139,36,0,18
139,38,0,45
139,41,0,24
139,42,0,39
139,43,0,31
139,48,0,27
139,49,0,24
139,50,0,44
139,51,0,44
139,52,0,11
139,53,0,25
139,54,0,22
139,55,0,27
139,59,0,47
139,62,0,39
139,64,0,15
139,65,0,30
139,72,0,6
139,73,0,28
139,74,0,3
139,75,0,9
139,76,0,31
139,79,0,49
139,80,0,2
139,81,0,4
139,82,0,2
139,84,0,23
139,86,0,18
139,87,0,47
139,88,0,38
139,89,0,11
139,91,0,4
139,92,0,34
139,93,0,16
139,94,0,31
139,97,0,47
139,99,0,3
139,61,0,49
139,5,0,44
139,66,0,42
139,11,0,32
139,32,0,28
139,1,0,10
140,4,0,25
140,7,0,22
140,8,0,3
140,12,0,26
140,14,0,20
140,17,0,19
140,19,0,27
140,20,0,40
140,22,0,10
140,26,0,3
140,28,0,11
140,30,0,45
140,31,0,27
140,36,0,18
140,38,0,45
140,41,0,24
140,42,0,39
140,43,0,31
140,48,0,27
140,49,0,24
140,50,0,44
140,51,0,44
140,52,0,11
140,53,0,25
140,54,0,22
140,55,0,27
140,59,0,47
140,62,0,39
140,64,0,15
140,65,0,30
140,72,0,6
140,73,0,28
140,74,0,3
140,75,0,9
140,76,0,31
140,79,0,49
140,80,0,2
140,81,0,4
140,82,0,2
140,84,0,23
140,86,0,18
140,87,0,47
140,88,0,38
140,89,0,11
140,91,0,4
140,92,0,34
140,93,0,16
140,94,0,31
140,97,0,47
140,99,0,3
140,61,0,49
140,5,0,44
140,66,0,42
140,11,0,32
140,32,0,28
140,1,0,10
141,4,0,25
141,7,0,22
141,8,0,3
141,12,0,26
141,14,0,20
141,17,0,19
141,19,0,27
141,20,0,40
141,22,0,10
141,26,0,3
141,28,0,11
141,30,0,45
141,31,0,27
141,36,0,18
141,38,0,45
141,41,0,24
141,42,0,39
141,43,0,31
141,48,0,27
141,49,0,24
141,50,0,44
141,51,0,44
141,52,0,11
141,53,0,25
141,54,0,22
141,55,0,27
141,59,0,47
141,62,0,39
141,64,0,15
141,65,0,30
141,72,0,6
141,73,0,28
141,74,0,3
141,75,0,9
141,76,0,31
141,79,0,49
141,80,0,2
141,81,0,4
141,82,0,2
141,84,0,23
141,86,0,18
141,87,0,47
141,88,0,38
141,89,0,11
141,91,0,4
141,92,0,34
141,93,0,16
141,94,0,31
141,97,0,47
141,99,0,3
141,61,0,49
141,5,0,44
141,66,0,42
141,11,0,32
141,32,0,28
141,1,0,10
142,4,0,25
142,7,0,22
142,8,0,3
142,12,0,26
142,14,0,20
142,17,0,19
142,19,0,27
142,20,0,40
142,22,0,10
142,26,0,3
142,28,0,11
142,30,0,45
142,31,0,27
142,36,0,18
142,38,0,45
142,41,0,24
142,42,0,39
142,43,0,31
142,48,0,27
142,49,0,24
142,50,0,44
142,51,0,44
142,52,0,11
142,53,0,25
142,54,0,22
142,55,0,27
142,59,0,47
142,62,0,39
142,64,0,15
142,65,0,30
142,72,0,6
142,73,0,28
142,74,0,3
142,75,0,9
142,76,0,31
142,79,0,49
142,80,0,2
142,81,0,4
142,82,0,2
142,84,0,23
142,86,0,18
142,87,0,47
142,88,0,38
142,89,0,11
142,91,0,4
142,92,0,34
142,93,0,16
142,94,0,31
142,97,0,47
142,99,0,3
142,61,0,49
142,5,0,44
142,66,0,42
142,11,0,32
142,32,0,28
142,1,0,10
143,4,0,25
143,7,0,22
143,8,0,3
143,12,0,26
143,14,0,20
143,17,0,19
143,19,0,27
143,20,0,40
143,22,0,10
143,26,0,3
143,28,0,11
143,30,0,45
143,31,0,27
143,36,0,18
143,38,0,45
143,41,0,24
143,42,0,39
143,43,0,31
143,48,0,27
143,49,0,24
143,50,0,44
143,51,0,44
143,52,0,11
143,53,0,25
143,54,0,22
143,55,0,27
143,59,0,47
143,62,0,39
143,64,0,15
143,65,0,30
143,72,0,6
143,73,0,28
143,74,0,3
143,75,0,9
143,76,0,31
143,79,0,49
143,80,0,2
143,81,0,4
143,82,0,2
143,84,0,23
143,86,0,18
143,87,0,47
143,88,0,38
143,89,0,11
143,91,0,4
143,92,0,34
143,93,0,16
143,94,0,31
143,97,0,47
143,99,0,3
143,61,0,49
143,5,0,44
143,66,0,42
143,11,0,32
143,32,0,28
143,1,0,10
144,4,0,25
144,7,0,22
144,8,0,3
144,12,0,26
144,14,0,20
144,17,0,19
144,19,0,27
144,20,0,40
144,22,0,10
144,26,0,3
144,28,0,11
144,30,0,45
144,31,0,27
144,36,0,18
144,38,0,45
144,41,0,24
144,42,0,39
144,43,0,31
144,48,0,27
144,49,0,24
144,50,0,44
144,51,0,44
144,52,0,11
144,53,0,25
144,54,0,22
144,55,0,27
144,59,0,47
144,62,0,39
144,64,0,15
144,65,0,30
144,72,0,6
144,73,0,28
144,74,0,3
144,75,0,9
144,76,0,31
144,79,0,49
144,80,0,2
144,81,0,4
144,82,0,2
144,84,0,23
144,86,0,18
144,87,0,47
144,88,0,38
144,89,0,11
144,91,0,4
144,92,0,34
144,93,0,16
144,94,0,31
144,97,0,47
144,99,0,3
144,61,0,49
144,5,0,44
144,66,0,42
144,11,0,32
144,32,0,28
144,1,0,10
145,4,0,25
145,7,0,22
145,8,0,3
145,12,0,26
145,14,0,20
145,17,0,19
145,19,0,27
145,20,0,40
145,22,0,10
145,26,0,3
145,28,0,11
145,30,0,45
145,31,0,27
145,36,0,18
145,38,0,45
145,41,0,24
145,42,0,39
145,43,0,31
145,48,0,27
145,49,0,24
145,50,0,44
145,51,0,44
145,52,0,11
145,53,0,25
145,54,0,22
145,55,0,27
145,59,0,47
145,62,0,39
145,64,0,15
145,65,0,30
145,72,0,6
145,73,0,28
145,74,0,3
145,75,0,9
145,76,0,31
145,79,0,49
145,80,0,2
145,81,0,4
145,82,0,2
145,84,0,23
145,86,0,18
145,87,0,47
145,88,0,38
145,89,0,11
145,91,0,4
145,92,0,34
145,93,0,16
145,94,0,31
145,97,0,47
145,99,0,3
145,61,0,49
145,5,0,44
145,66,0,42
145,11,0,32
145,32,0,28
145,1,0,10
146,4,0,25
146,7,0,22
146,8,0,3
146,12,0,26
146,14,0,20
146,17,0,19
146,19,0,27
146,20,0,40
146,22,0,10
146,26,0,3
146,28,0,11
146,30,0,45
146,31,0,27
146,36,0,18
146,38,0,45
146,41,0,24
146,42,0,39
146,43,0,31
146,48,0,27
146,49,0,24
146,50,0,44
146,51,0,44
146,52,0,11
146,53,0,25
146,54,0,22
146,55,0,27
146,59,0,47
146,62,0,39
146,64,0,15
146,65,0,30
146,72,0,6
146,73,0,28
146,74,0,3
146,75,0,9
146,76,0,31
146,79,0,49
146,80,0,2
146,81,0,4
146,82,0,2
146,84,0,23
146,86,0,18
146,87,0,47
146,88,0,38
146,89,0,11
146,91,0,4
146,92,0,34
146,93,0,16
146,94,0,31
146,97,0,47
146,99,0,3
146,61,0,49
146,5,0,44
146,66,0,42
146,11,0,32
146,32,0,28
146,1,0,10
147,4,0,25
147,7,0,22
147,8,0,3
147,12,0,26
147,14,0,20
147,17,0,19
147,19,0,27
147,20,0,40
147,22,0,10
147,26,0,3
147,28,0,11
147,30,0,45
147,31,0,27
147,36,0,18
147,38,0,45
147,41,0,24
147,42,0,39
147,43,0,31
147,48,0,27
147,49,0,24
147,50,0,44
147,51,0,44
147,52,0,11
147,53,0,25
147,54,0,22
147,55,0,27
147,59,0,47
147,62,0,39
147,64,0,15
147,65,0,30
147,72,0,6
147,73,0,28
147,74,0,3
147,75,0,9
147,76,0,31
147,79,0,49
147,80,0,2
147,81,0,4
147,82,0,2
147,84,0,23
147,86,0,18
147,87,0,47
147,88,0,38
147,89,0,11
147,91,0,4
147,92,0,34
147,93,0,16
147,94,0,31
147,97,0,47
147,99,0,3
147,61,0,49
147,5,0,44
147,66,0,42
147,11,0,32
147,32,0,28
147,1,0,10
148,4,0,25
148,7,0,22
148,8,0,3
148,12,0,26
148,14,0,20
148,17,0,19
148,19,0,27
148,20,0,40
148,22,0,10
148,26,0,3
148,28,0,11
148,30,0,45
148,31,0,27
148,36,0,18
148,38,0,45
148,41,0,24
148,42,0,39
148,43,0,31
148,48,0,27
148,49,0,24
148,50,0,44
148,51,0,44
148,52,0,11
148,53,0,25
148,54,0,22
148,55,0,27
148,59,0,47
148,62,0,39
148,64,0,15
148,65,0,30
148,72,0,6
148,73,0,28
148,74,0,3
148,75,0,9
148,76,0,31
148,79,0,49
148,80,0,2
148,81,0,4
148,82,0,2
148,84,0,23
148,86,0,18
148,87,0,47
148,88,0,38
148,89,0,11
148,91,0,4
148,92,0,34
148,93,0,16
148,94,0,31
148,97,0,47
148,99,0,3
148,61,0,49
148,5,0,44
148,66,0,42
148,11,0,32
148,32,0,28
148,1,0,10
149,4,0,25
149,7,0,22
149,8,0,3
149,12,0,26
149,14,0,20
149,17,0,19
149,19,0,27
149,20,0,40
149,22,0,10
149,26,0,3
149,28,0,11
149,30,0,45
149,31,0,27
149,36,0,18
149,38,0,45
149,41,0,24
149,42,0,39
149,43,0,31
149,48,0,27
149,49,0,24
149,50,0,44
149,51,0,44
149,52,0,11
149,53,0,25
149,54,0,22
149,55,0,27
149,59,0,47
149,62,0,39
149,64,0,15
149,65,0,30
149,72,0,6
149,73,0,28
149,74,0,3
149,75,0,9
149,76,0,31
149,79,0,49
149,80,0,2
149,81,0,4
149,82,0,2
149,84,0,23
149,86,0,18
149,87,0,47
149,88,0,38
149,89,0,11
149,91,0,4
149,92,0,34
149,93,0,16
149,94,0,31
149,97,0,47
149,99,0,3
149,61,0,49
149,5,0,44
149,66,0,42
149,11,0,32
149,32,0,28
149,1,0,10
150,4,0,25
150,7,0,22
150,8,0,3
150,12,0,26
150,14,0,20
150,17,0,19
150,19,0,27
150,20,0,40
150,22,0,10
150,26,0,3
150,28,0,11
150,30,0,45
150,31,0,27
150,36,0,18
150,38,0,45
150,41,0,24
150,42,0,39
150,43,0,31
150,48,0,27
150,49,0,24
150,50,0,44
150,51,0,44
150,52,0,11
150,53,0,25
150,54,0,22
150,55,0,27
150,59,0,47
150,62,0,39
150,64,0,15
150,65,0,30
150,72,0,6
150,73,0,28
150,74,0,3
150,75,0,9
150,76,0,31
150,79,0,49
150,80,0,2
150,81,0,4
150,82,0,2
150,84,0,23
150,86,0,18
150,87,0,47
150,88,0,38
150,89,0,11
150,91,0,4
150,92,0,34
150,93,0,16
150,94,0,31
150,97,0,47
150,99,0,3
150,61,0,49
150,5,0,44
150,66,0,42
150,11,0,32
150,32,0,28
150,1,0,10
151,4,0,25
151,7,0,22
151,8,0,3
151,12,0,26
151,14,0,20
151,17,0,19
151,19,0,27
151,20,0,40
151,22,0,10
151,26,0,3
151,28,0,11
151,30,0,45
151,31,0,27
151,36,0,18
151,38,0,45
151,41,0,24
151,42,0,39
151,43,0,31
151,48,0,27
151,49,0,24
151,50,0,44
151,51,0,44
151,52,0,11
151,53,0,25
151,54,0,22
151,55,0,27
151,59,0,47
151,62,0,39
151,64,0,15
151,65,0,30
151,72,0,6
151,73,0,28
151,74,0,3
151,75,0,9
151,76,0,31
151,79,0,49
151,80,0,2
151,81,0,4
151,82,0,2
151,84,0,23
151,86,0,18
151,87,0,47
151,88,0,38
151,89,0,11
151,91,0,4
151,92,0,34
151,93,0,16
151,94,0,31
151,97,0,47
151,99,0,3
151,61,0,49
151,5,0,44
151,66,0,42
151,11,0,32
151,32,0,28
151,1,0,10
152,4,0,25
152,7,0,22
152,8,0,3
152,12,0,26
152,14,0,20
152,17,0,19
152,19,0,27
152,20,0,40
152,22,0,10
152,26,0,3
152,28,0,11
152,30,0,45
152,31,0,27
152,36,0,18
152,38,0,45
152,41,0,24
152,42,0,39
152,43,0,31
152,48,0,27
152,49,0,24
152,50,0,44
152,51,0,44
152,52,0,11
152,53,0,25
152,54,0,22
152,55,0,27
152,59,0,47
152,62,0,39
152,64,0,15
152,65,0,30
152,72,0,6
152,73,0,28
152,74,0,3
152,75,0,9
152,76,0,31
152,79,0,49
152,80,0,2
152,81,0,4
152,82,0,2
152,84,0,23
152,86,0,18
152,87,0,47
152,88,0,38
152,89,0,11
152,91,0,4
152,92,0,34
152,93,0,16
152,94,0,31
152,97,0,47
152,99,0,3
152,61,0,49
152,5,0,44
152,66,0,42
152,11,0,32
152,32,0,28
152,1,0,10
153,4,0,25
153,7,0,22
153,8,0,3
153,12,0,26
153,14,0,20
153,17,0,19
153,19,0,27
153,20,0,40
153,22,0,10
153,26,0,3
153,28,0,11
153,30,0,45
153,31,0,27
153,36,0,18
153,38,0,45
153,41,0,24
153,42,0,39
153,43,0,31
153,48,0,27
153,49,0,24
153,50,0,44
153,51,0,44
153,52,0,11
153,53,0,25
153,54,0,22
153,55,0,27
153,59,0,47
153,62,0,39
153,64,0,15
153,65,0,30
153,72,0,6
153,73,0,28
153,74,0,3
153,75,0,9
153,76,0,31
153,79,0,49
153,80,0,2
153,81,0,4
153,82,0,2
153,84,0,23
153,86,0,18
153,87,0,47
153,88,0,38
153,89,0,11
153,91,0,4
153,92,0,34
153,93,0,16
153,94,0,31
153,97,0,47
153,99,0,3
153,61,0,49
153,5,0,44
153,66,0,42
153,11,0,32
153,32,0,28
153,1,0,10
154,4,0,25
154,7,0,22
154,8,0,3
154,12,0,26
154,14,0,20
154,17,0,19
154,19,0,27
154,20,0,40
154,22,0,10
154,26,0,3
154,28,0,11
154,30,0,45
154,31,0,27
154,36,0,18
154,38,0,45
154,41,0,24
154,42,0,39
154,43,0,31
154,48,0,27
154,49,0,24
154,50,0,44
154,51,0,44
154,52,0,11
154,53,0,25
154,54,0,22
154,55,0,27
154,59,0,47
154,62,0,39
154,64,0,15
154,65,0,30
154,72,0,6
154,73,0,28
154,74,0,3
154,75,0,9
154,76,0,31
154,79,0,49
154,80,0,2
154,81,0,4
154,82,0,2
154,84,0,23
154,86,0,18
154,87,0,47
154,88,0,38
154,89,0,11
154,91,0,4
154,92,0,34
154,93,0,16
154,94,0,31
154,97,0,47
154,99,0,3
154,61,0,49
154,5,0,44
154,66,0,42
154,11,0,32
154,32,0,28
154,1,0,10
155,4,0,25
155,7,0,22
155,8,0,3
155,12,0,26
155,14,0,20
155,17,0,19
155,19,0,27
155,20,0,40
155,22,0,10
155,26,0,3
155,28,0,11
155,30,0,45
155,31,0,27
155,36,0,18
155,38,0,45
155,41,0,24
155,42,0,39
155,43,0,31
155,48,0,27
155,49,0,24
155,50,0,44
155,51,0,44
155,52,0,11
155,53,0,25
155,54,0,22
155,55,0,27
155,59,0,47
155,62,0,39
155,64,0,15
155,65,0,30
155,72,0,6
155,73,0,28
155,74,0,3
155,75,0,9
155,76,0,31
155,79,0,49
155,80,0,2
155,81,0,4
155,82,0,2
155,84,0,23
155,86,0,18
155,87,0,47
155,88,0,38
155,89,0,11
155,91,0,4
155,92,0,34
155,93,0,16
155,94,0,31
155,97,0,47
155,99,0,3
155,61,0,49
155,5,0,44
155,66,0,42
155,11,0,32
155,32,0,28
155,1,0,10
156,4,0,25
156,7,0,22
156,8,0,3
156,12,0,26
156,14,0,20
156,17,0,19
156,19,0,27
156,20,0,40
156,22,0,10
156,26,0,3
156,28,0,11
156,30,0,45
156,31,0,27
156,36,0,18
156,38,0,45
156,41,0,24
156,42,0,39
156,43,0,31
156,48,0,27
156,49,0,24
156,50,0,44
156,51,0,44
156,52,0,11
156,53,0,25
156,54,0,22
156,55,0,27
156,59,0,47
156,62,0,39
156,64,0,15
156,65,0,30
156,72,0,6
156,73,0,28
156,74,0,3
156,75,0,9
156,76,0,31
156,79,0,49
156,80,0,2
156,81,0,4
156,82,0,2
156,84,0,23
156,86,0,18
156,87,0,47
156,88,0,38
156,89,0,11
156,91,0,4
156,92,0,34
156,93,0,16
156,94,0,31
156,97,0,47
156,99,0,3
156,61,0,49
156,5,0,44
156,66,0,42
156,11,0,32
156,32,0,28
156,1,0,10
157,4,0,25
157,7,0,22
157,8,0,3
157,12,0,26
157,14,0,20
157,17,0,19
157,19,0,27
157,20,0,40
157,22,0,10
157,26,0,3
157,28,0,11
157,30,0,45
157,31,0,27
157,36,0,18
157,38,0,45
157,41,0,24
157,42,0,39
157,43,0,31
157,48,0,27
157,49,0,24
157,50,0,44
157,51,0,44
157,52,0,11
157,53,0,25
157,54,0,22
157,55,0,27
157,59,0,47
157,62,0,39
157,64,0,15
157,65,0,30
157,72,0,6
157,73,0,28
157,74,0,3
157,75,0,9
157,76,0,31
157,79,0,49
157,80,0,2
157,81,0,4
157,82,0,2
157,84,0,23
157,86,0,18
157,87,0,47
157,88,0,38
157,89,0,11
157,91,0,4
157,92,0,34
157,93,0,16
157,94,0,31
157,97,0,47
157,99,0,3
157,61,0,49
157,5,0,44
157,66,0,42
157,11,0,32
157,32,0,28
157,1,0,10
158,4,0,25
158,7,0,22
158,8,0,3
158,12,0,26
158,14,0,20
158,17,0,19
158,19,0,27
158,20,0,40
158,22,0,10
158,26,0,3
158,28,0,11
158,30,0,45
158,31,0,27
158,36,0,18
158,38,0,45
158,41,0,24
158,42,0,39
158,43,0,31
158,48,0,27
158,49,0,24
158,50,0,44
158,51,0,44
158,52,0,11
158,53,0,25
158,54,0,22
158,55,0,27
158,59,0,47
158,62,0,39
158,64,0,15
158,65,0,30
158,72,0,6
158,73,0,28
158,74,0,3
158,75,0,9
158,76,0,31
158,79,0,49
158,80,0,2
158,81,0,4
158,82,0,2
158,84,0,23
158,86,0,18
158,87,0,47
158,88,0,38
158,89,0,11
158,91,0,4
158,92,0,34
158,93,0,16
158,94,0,31
158,97,0,47
158,99,0,3
158,61,0,49
158,5,0,44
158,66,0,42
158,11,0,32
158,32,0,28
158,1,0,10
159,4,0,25
159,7,0,22
159,8,0,3
159,12,0,26
159,14,0,20
159,17,0,19
159,19,0,27
159,20,0,40
159,22,0,10
159,26,0,3
159,28,0,11
159,30,0,45
159,31,0,27
159,36,0,18
159,38,0,45
159,41,0,24
159,42,0,39
159,43,0,31
159,48,0,27
159,49,0,24
159,50,0,44
159,51,0,44
159,52,0,11
159,53,0,25
159,54,0,22
159,55,0,27
159,59,0,47
159,62,0,39
159,64,0,15
159,65,0,30
159,72,0,6
159,73,0,28
159,74,0,3
159,75,0,9
159,76,0,31
159,79,0,49
159,80,0,2
159,81,0,4
159,82,0,2
159,84,0,23
159,86,0,18
159,87,0,47
159,88,0,38
159,89,0,11
159,91,0,4
159,92,0,34
159,93,0,16
159,94,0,31
159,97,0,47
159,99,0,3
159,61,0,49
159,5,0,44
159,66,0,42
159,11,0,32
159,32,0,28
159,1,0,10
160,4,0,25
160,7,0,22
160,8,0,3
160,12,0,26
160,14,0,20
160,17,0,19
160,19,0,27
160,20,0,40
160,22,0,10
160,26,0,3
160,28,0,11
160,30,0,45
160,31,0,27
160,36,0,18
160,38,0,45
160,41,0,24
160,42,0,39
160,43,0,31
160,48,0,27
160,49,0,24
160,50,0,44
160,51,0,44
160,52,0,11
160,53,0,25
160,54,0,22
160,55,0,27
160,59,0,47
160,62,0,39
160,64,0,15
160,65,0,30
160,72,0,6
160,73,0,28
160,74,0,3
160,75,0,9
160,76,0,31
160,79,0,49
160,80,0,2
160,81,0,4
160,82,0,2
160,84,0,23
160,86,0,18
160,87,0,47
160,88,0,38
160,89,0,11
160,91,0,4
160,92,0,34
160,93,0,16
160,94,0,31
160,97,0,47
160,99,0,3
160,61,0,49
160,5,0,44
160,66,0,42
160,11,0,32
160,32,0,28
160,1,0,10
161,4,0,25
161,7,0,22
161,8,0,3
161,12,0,26
161,14,0,20
161,17,0,19
161,19,0,27
161,20,0,40
161,22,0,10
161,26,0,3
161,28,0,11
161,30,0,45
161,31,0,27
161,36,0,18
161,38,0,45
161,41,0,24
161,42,0,39
161,43,0,31
161,48,0,27
161,49,0,24
161,50,0,44
161,51,0,44
161,52,0,11
161,53,0,25
161,54,0,22
161,55,0,27
161,59,0,47
161,62,0,39
161,64,0,15
161,65,0,30
161,72,0,6
161,73,0,28
161,74,0,3
161,75,0,9
161,76,0,31
161,79,0,49
161,80,0,2
161,81,0,4
161,82,0,2
161,84,0,23
161,86,0,18
161,87,0,47
161,88,0,38
161,89,0,11
161,91,0,4
161,92,0,34
161,93,0,16
161,94,0,31
161,97,0,47
161,99,0,3
161,61,0,49
161,5,0,44
161,66,0,42
161,11,0,32
161,32,0,28
161,1,0,10
162,4,0,25
162,7,0,22
162,8,0,3
162,12,0,26
162,14,0,20
162,17,0,19
162,19,0,27
162,20,0,40
162,22,0,10
162,26,0,3
162,28,0,11
162,30,0,45
162,31,0,27
162,36,0,18
162,38,0,45
162,41,0,24
162,42,0,39
162,43,0,31
162,48,0,27
162,49,0,24
162,50,0,44
162,51,0,44
162,52,0,11
162,53,0,25
162,54,0,22
162,55,0,27
162,59,0,47
162,62,0,39
162,64,0,15
162,65,0,30
162,72,0,6
162,73,0,28
162,74,0,3
162,75,0,9
162,76,0,31
162,79,0,49
162,80,0,2
162,81,0,4
162,82,0,2
162,84,0,23
162,86,0,18
162,87,0,47
162,88,0,38
162,89,0,11
162,91,0,4
162,92,0,34
162,93,0,16
162,94,0,31
162,97,0,47
162,99,0,3
162,61,0,49
162,5,0,44
162,66,0,42
162,11,0,32
162,32,0,28
162,1,0,10
163,4,0,25
163,7,0,22
163,8,0,3
163,12,0,26
163,14,0,20
163,17,0,19
163,19,0,27
163,20,0,40
163,22,0,10
163,26,0,3
163,28,0,11
163,30,0,45
163,31,0,27
163,36,0,18
163,38,0,45
163,41,0,24
163,42,0,39
163,43,0,31
163,48,0,27
163,49,0,24
163,50,0,44
163,51,0,44
163,52,0,11
163,53,0,25
163,54,0,22
163,55,0,27
163,59,0,47
163,62,0,39
163,64,0,15
163,65,0,30
163,72,0,6
163,73,0,28
163,74,0,3
163,75,0,9
163,76,0,31
163,79,0,49
163,80,0,2
163,81,0,4
163,82,0,2
163,84,0,23
163,86,0,18
163,87,0,47
163,88,0,38
163,89,0,11
163,91,0,4
163,92,0,34
163,93,0,16
163,94,0,31
163,97,0,47
163,99,0,3
163,61,0,49
163,5,0,44
163,66,0,42
163,11,0,32
163,32,0,28
163,1,0,10
164,4,0,25
164,7,0,22
164,8,0,3
164,12,0,26
164,14,0,20
164,17,0,19
164,19,0,27
164,20,0,40
164,22,0,10
164,26,0,3
164,28,0,11
164,30,0,45
164,31,0,27
164,36,0,18
164,38,0,45
164,41,0,24
164,42,0,39
164,43,0,31
164,48,0,27
164,49,0,24
164,50,0,44
164,51,0,44
164,52,0,11
164,53,0,25
164,54,0,22
164,55,0,27
164,59,0,47
164,62,0,39
164,64,0,15
164,65,0,30
164,72,0,6
164,73,0,28
164,74,0,3
164,75,0,9
164,76,0,31
164,79,0,49
164,80,0,2
164,81,0,4
164,82,0,2
164,84,0,23
164,86,0,18
164,87,0,47
164,88,0,38
164,89,0,11
164,91,0,4
164,92,0,34
164,93,0,16
164,94,0,31
164,97,0,47
164,99,0,3
164,61,0,49
164,5,0,44
164,66,0,42
164,11,0,32
164,32,0,28
164,1,0,10
165,4,0,25
165,7,0,22
165,8,0,3
165,12,0,26
165,14,0,20
165,17,0,19
165,19,0,27
165,20,0,40
165,22,0,10
165,26,0,3
165,28,0,11
165,30,0,45
165,31,0,27
165,36,0,18
165,38,0,45
165,41,0,24
165,42,0,39
165,43,0,31
165,48,0,27
165,49,0,24
165,50,0,44
165,51,0,44
165,52,0,11
165,53,0,25
165,54,0,22
165,55,0,27
165,59,0,47
165,62,0,39
165,64,0,15
165,65,0,30
165,72,0,6
165,73,0,28
165,74,0,3
165,75,0,9
165,76,0,31
165,79,0,49
165,80,0,2
165,81,0,4
165,82,0,2
165,84,0,23
165,86,0,18
165,87,0,47
165,88,0,38
165,89,0,11
165,91,0,4
165,92,0,34
165,93,0,16
165,94,0,31
165,97,0,47
165,99,0,3
165,61,0,49
165,5,0,44
165,66,0,42
165,11,0,32
165,32,0,28
165,1,0,10
166,4,0,25
166,7,0,22
166,8,0,3
166,12,0,26
166,14,0,20
166,17,0,19
166,19,0,27
166,20,0,40
166,22,0,10
166,26,0,3
166,28,0,11
166,30,0,45
166,31,0,27
166,36,0,18
166,38,0,45
166,41,0,24
166,42,0,39
166,43,0,31
166,48,0,27
166,49,0,24
166,50,0,44
166,51,0,44
166,52,0,11
166,53,0,25
166,54,0,22
166,55,0,27
166,59,0,47
166,62,0,39
166,64,0,15
166,65,0,30
166,72,0,6
166,73,0,28
166,74,0,3
166,75,0,9
166,76,0,31
166,79,0,49
166,80,0,2
166,81,0,4
166,82,0,2
166,84,0,23
166,86,0,18
166,87,0,47
166,88,0,38
166,89,0,11
166,91,0,4
166,92,0,34
166,93,0,16
166,94,0,31
166,97,0,47
166,99,0,3
166,61,0,49
166,5,0,44
166,66,0,42
166,11,0,32
166,32,0,28
166,1,0,10
167,4,0,25
167,7,0,22
167,8,0,3
167,12,0,26
167,14,0,20
167,17,0,19
167,19,0,27
167,20,0,40
167,22,0,10
167,26,0,3
167,28,0,11
167,30,0,45
167,31,0,27
167,36,0,18
167,38,0,45
167,41,0,24
167,42,0,39
167,43,0,31
167,48,0,27
167,49,0,24
167,50,0,44
167,51,0,44
167,52,0,11
167,53,0,25
167,54,0,22
167,55,0,27
167,59,0,47
167,62,0,39
167,64,0,15
167,65,0,30
167,72,0,6
167,73,0,28
167,74,0,3
167,75,0,9
167,76,0,31
167,79,0,49
167,80,0,2
167,81,0,4
167,82,0,2
167,84,0,23
167,86,0,18
167,87,0,47
167,88,0,38
167,89,0,11
167,91,0,4
167,92,0,34
167,93,0,16
167,94,0,31
167,97,0,47
167,99,0,3
167,61,0,49
167,5,0,44
167,66,0,42
167,11,0,32
167,32,0,28
167,1,0,10
168,4,0,25
168,7,0,22
168,8,0,3
168,12,0,26
168,14,0,20
168,17,0,19
168,19,0,27
168,20,0,40
168,22,0,10
168,26,0,3
168,28,0,11
168,30,0,45
168,31,0,27
168,36,0,18
168,38,0,45
168,41,0,24
168,42,0,39
168,43,0,31
168,48,0,27
168,49,0,24
168,50,0,44
168,51,0,44
168,52,0,11
168,53,0,25
168,54,0,22
168,55,0,27
168,59,0,47
168,62,0,39
168,64,0,15
168,65,0,30
168,72,0,6
168,73,0,28
168,74,0,3
168,75,0,9
168,76,0,31
168,79,0,49
168,80,0,2
168,81,0,4
168,82,0,2
168,84,0,23
168,86,0,18
168,87,0,47
168,88,0,38
168,89,0,11
168,91,0,4
168,92,0,34
168,93,0,16
168,94,0,31
168,97,0,47
168,99,0,3
168,61,0,49
168,5,0,44
168,66,0,42
168,11,0,32
168,32,0,28
168,1,0,10
169,4,0,25
169,7,0,22
169,8,0,3
169,12,0,26
169,14,0,20
169,17,0,19
169,19,0,27
169,20,0,40
169,22,0,10
169,26,0,3
169,28,0,11
169,30,0,45
169,31,0,27
169,36,0,18
169,38,0,45
169,41,0,24
169,42,0,39
169,43,0,31
169,48,0,27
169,49,0,24
169,50,0,44
169,51,0,44
169,52,0,11
169,53,0,25
169,54,0,22
169,55,0,27
169,59,0,47
169,62,0,39
169,64,0,15
169,65,0,30
169,72,0,6
169,73,0,28
169,74,0,3
169,75,0,9
169,76,0,31
169,79,0,49
169,80,0,2
169,81,0,4
169,82,0,2
169,84,0,23
169,86,0,18
169,87,0,47
169,88,0,38
169,89,0,11
169,91,0,4
169,92,0,34
169,93,0,16
169,94,0,31
169,97,0,47
169,99,0,3
169,61,0,49
169,5,0,44
169,66,0,42
169,11,0,32
169,32,0,28
169,1,0,10
170,4,0,25
170,7,0,22
170,8,0,3
170,12,0,26
170,14,0,20
170,17,0,19
170,19,0,27
170,20,0,40
170,22,0,10
170,26,0,3
170,28,0,11
170,30,0,45
170,31,0,27
170,36,0,18
170,38,0,45
170,41,0,24
170,42,0,39
170,43,0,31
170,48,0,27
170,49,0,24
170,50,0,44
170,51,0,44
170,52,0,11
170,53,0,25
170,54,0,22
170,55,0,27
170,59,0,47
170,62,0,39
170,64,0,15
170,65,0,30
170,72,0,6
170,73,0,28
170,74,0,3
170,75,0,9
170,76,0,31
170,79,0,49
170,80,0,2
170,81,0,4
170,82,0,2
170,84,0,23
170,86,0,18
170,87,0,47
170,88,0,38
170,89,0,11
170,91,0,4
170,92,0,34
170,93,0,16
170,94,0,31
170,97,0,47
170,99,0,3
170,61,0,49
170,5,0,44
170,66,0,42
170,11,0,32
170,32,0,28
170,1,0,10
171,4,0,25
171,7,0,22
171,8,0,3
171,12,0,26
171,14,0,20
171,17,0,19
171,19,0,27
171,20,0,40
171,22,0,10
171,26,0,3
171,28,0,11
171,30,0,45
171,31,0,27
171,36,0,18
171,38,0,45
171,41,0,24
171,42,0,39
171,43,0,31
171,48,0,27
171,49,0,24
171,50,0,44
171,51,0,44
171,52,0,11
171,53,0,25
171,54,0,22
171,55,0,27
171,59,0,47
171,62,0,39
171,64,0,15
171,65,0,30
171,72,0,6
171,73,0,28
171,74,0,3
171,75,0,9
171,76,0,31
171,79,0,49
171,80,0,2
171,81,0,4
171,82,0,2
171,84,0,23
171,86,0,18
171,87,0,47
171,88,0,38
171,89,0,11
171,91,0,4
171,92,0,34
171,93,0,16
171,94,0,31
171,97,0,47
171,99,0,3
171,61,0,49
171,5,0,44
171,66,0,42
171,11,0,32
171,32,0,28
171,1,0,10
172,4,0,25
172,7,0,22
172,8,0,3
172,12,0,26
172,14,0,20
172,17,0,19
172,19,0,27
172,20,0,40
172,22,0,10
172,26,0,3
172,28,0,11
172,30,0,45
172,31,0,27
172,36,0,18
172,38,0,45
172,41,0,24
172,42,0,39
172,43,0,31
172,48,0,27
172,49,0,24
172,50,0,44
172,51,0,44
172,52,0,11
172,53,0,25
172,54,0,22
172,55,0,27
172,59,0,47
172,62,0,39
172,64,0,15
172,65,0,30
172,72,0,6
172,73,0,28
172,74,0,3
172,75,0,9
172,76,0,31
172,79,0,49
172,80,0,2
172,81,0,4
172,82,0,2
172,84,0,23
172,86,0,18
172,87,0,47
172,88,0,38
172,89,0,11
172,91,0,4
172,92,0,34
172,93,0,16
172,94,0,31
172,97,0,47
172,99,0,3
172,61,0,49
172,5,0,44
172,66,0,42
172,11,0,32
172,32,0,28
172,1,0,10
173,4,0,25
173,7,0,22
173,8,0,3
173,12,0,26
173,14,0,20
173,17,0,19
173,19,0,27
173,20,0,40
173,22,0,10
173,26,0,3
173,28,0,11
173,30,0,45
173,31,0,27
173,36,0,18
173,38,0,45
173,41,0,24
173,42,0,39
173,43,0,31
173,48,0,27
173,49,0,24
173,50,0,44
173,51,0,44
173,52,0,11
173,53,0,25
173,54,0,22
173,55,0,27
173,59,0,47
173,62,0,39
173,64,0,15
173,65,0,30
173,72,0,6
173,73,0,28
173,74,0,3
173,75,0,9
173,76,0,31
173,79,0,49
173,80,0,2
173,81,0,4
173,82,0,2
173,84,0,23
173,86,0,18
173,87,0,47
173,88,0,38
173,89,0,11
173,91,0,4
173,92,0,34
173,93,0,16
173,94,0,31
173,97,0,47
173,99,0,3
173,61,0,49
173,5,0,44
173,66,0,42
173,11,0,32
173,32,0,28
173,1,0,10
174,4,0,25
174,7,0,22
174,8,0,3
174,12,0,26
174,14,0,20
174,17,0,19
174,19,0,27
174,20,0,40
174,22,0,10
174,26,0,3
174,28,0,11
174,30,0,45
174,31,0,27
174,36,0,18
174,38,0,45
174,41,0,24
174,42,0,39
174,43,0,31
174,48,0,27
174,49,0,24
174,50,0,44
174,51,0,44
174,52,0,11
174,53,0,25
174,54,0,22
174,55,0,27
174,59,0,47
174,62,0,39
174,64,0,15
174,65,0,30
174,72,0,6
174,73,0,28
174,74,0,3
174,75,0,9
174,76,0,31
174,79,0,49
174,80,0,2
174,81,0,4
174,82,0,2
174,84,0,23
174,86,0,18
174,87,0,47
174,88,0,38
174,89,0,11
174,91,0,4
174,92,0,34
174,93,0,16
174,94,0,31
174,97,0,47
174,99,0,3
174,61,0,49
174,5,0,44
174,66,0,42
174,11,0,32
174,32,0,28
174,1,0,10
175,4,0,25
175,7,0,22
175,8,0,3
175,12,0,26
175,14,0,20
175,17,0,19
175,19,0,27
175,20,0,40
175,22,0,10
175,26,0,3
175,28,0,11
175,30,0,45
175,31,0,27
175,36,0,18
175,38,0,45
175,41,0,24
175,42,0,39
175,43,0,31
175,48,0,27
175,49,0,24
175,50,0,44
175,51,0,44
175,52,0,11
175,53,0,25
175,54,0,22
175,55,0,27
175,59,0,47
175,62,0,39
175,64,0,15
175,65,0,30
175,72,0,6
175,73,0,28
175,74,0,3
175,75,0,9
175,76,0,31
175,79,0,49
175,80,0,2
175,81,0,4
175,82,0,2
175,84,0,23
175,86,0,18
175,87,0,47
175,88,0,38
175,89,0,11
175,91,0,4
175,92,0,34
175,93,0,16
175,94,0,31
175,97,0,47
175,99,0,3
175,61,0,49
175,5,0,44
175,66,0,42
175,11,0,32
175,32,0,28
175,1,0,10
176,4,0,25
176,7,0,22
176,8,0,3
176,12,0,26
176,14,0,20
176,17,0,19
176,19,0,27
176,20,0,40
176,22,0,10
176,26,0,3
176,28,0,11
176,30,0,45
176,31,0,27
176,36,0,18
176,38,0,45
176,41,0,24
176,42,0,39
176,43,0,31
176,48,0,27
176,49,0,24
176,50,0,44
176,51,0,44
176,52,0,11
176,53,0,25
176,54,0,22
176,55,0,27
176,59,0,47
176,62,0,39
176,64,0,15
176,65,0,30
176,72,0,6
176,73,0,28
176,74,0,3
176,75,0,9
176,76,0,31
176,79,0,49
176,80,0,2
176,81,0,4
176,82,0,2
176,84,0,23
176,86,0,18
176,87,0,47
176,88,0,38
176,89,0,11
176,91,0,4
176,92,0,34
176,93,0,16
176,94,0,31
176,97,0,47
176,99,0,3
176,61,0,49
176,5,0,44
176,66,0,42
176,11,0,32
176,32,0,28
176,1,0,10
177,4,0,25
177,7,0,22
177,8,0,3
177,12,0,26
177,14,0,20
177,17,0,19
177,19,0,27
177,20,0,40
177,22,0,10
177,26,0,3
177,28,0,11
177,30,0,45
177,31,0,27
177,36,0,18
177,38,0,45
177,41,0,24
177,42,0,39
177,43,0,31
177,48,0,27
177,49,0,24
177,50,0,44
177,51,0,44
177,52,0,11
177,53,0,25
177,54,0,22
177,55,0,27
177,59,0,47
177,62,0,39
177,64,0,15
177,65,0,30
177,72,0,6
177,73,0,28
177,74,0,3
177,75,0,9
177,76,0,31
177,79,0,49
177,80,0,2
177,81,0,4
177,82,0,2
177,84,0,23
177,86,0,18
177,87,0,47
177,88,0,38
177,89,0,11
177,91,0,4
177,92,0,34
177,93,0,16
177,94,0,31
177,97,0,47
177,99,0,3
177,61,0,49
177,5,0,44
177,66,0,42
177,11,0,32
177,32,0,28
177,1,0,10
178,4,0,25
178,7,0,22
178,8,0,3
178,12,0,26
178,14,0,20
178,17,0,19
178,19,0,27
178,20,0,40
178,22,0,10
178,26,0,3
178,28,0,11
178,30,0,45
178,31,0,27
178,36,0,18
178,38,0,45
178,41,0,24
178,42,0,39
178,43,0,31
178,48,0,27
178,49,0,24
178,50,0,44
178,51,0,44
178,52,0,11
178,53,0,25
178,54,0,22
178,55,0,27
178,59,0,47
178,62,0,39
178,64,0,15
178,65,0,30
178,72,0,6
178,73,0,28
178,74,0,3
178,75,0,9
178,76,0,31
178,79,0,49
178,80,0,2
178,81,0,4
178,82,0,2
178,84,0,23
178,86,0,18
178,87,0,47
178,88,0,38
178,89,0,11
178,91,0,4
178,92,0,34
178,93,0,16
178,94,0,31
178,97,0,47
178,99,0,3
178,61,0,49
178,5,0,44
178,66,0,42
178,11,0,32
178,32,0,28
178,1,0,10
179,4,0,25
179,7,0,22
179,8,0,3
179,12,0,26
179,14,0,20
179,17,0,19
179,19,0,27
179,20,0,40
179,22,0,10
179,26,0,3
179,28,0,11
179,30,0,45
179,31,0,27
179,36,0,18
179,38,0,45
179,41,0,24
179,42,0,39
179,43,0,31
179,48,0,27
179,49,0,24
179,50,0,44
179,51,0,44
179,52,0,11
179,53,0,25
179,54,0,22
179,55,0,27
179,59,0,47
179,62,0,39
179,64,0,15
179,65,0,30
179,72,0,6
179,73,0,28
179,74,0,3
179,75,0,9
179,76,0,31
179,79,0,49
179,80,0,2
179,81,0,4
179,82,0,2
179,84,0,23
179,86,0,18
179,87,0,47
179,88,0,38
179,89,0,11
179,91,0,4
179,92,0,34
179,93,0,16
179,94,0,31
179,97,0,47
179,99,0,3
179,61,0,49
179,5,0,44
179,66,0,42
179,11,0,32
179,32,0,28
179,1,0,10
180,4,0,25
180,7,0,22
180,8,0,3
180,12,0,26
180,14,0,20
180,17,0,19
180,19,0,27
180,20,0,40
180,22,0,10
180,26,0,3
180,28,0,11
180,30,0,45
180,31,0,27
180,36,0,18
180,38,0,45
180,41,0,24
180,42,0,39
180,43,0,31
180,48,0,27
180,49,0,24
180,50,0,44
180,51,0,44
180,52,0,11
180,53,0,25
180,54,0,22
180,55,0,27
180,59,0,47
180,62,0,39
180,64,0,15
180,65,0,30
180,72,0,6
180,73,0,28
180,74,0,3
180,75,0,9
180,76,0,31
180,79,0,49
180,80,0,2
180,81,0,4
180,82,0,2
180,84,0,23
180,86,0,18
180,87,0,47
180,88,0,38
180,89,0,11
180,91,0,4
180,92,0,34
180,93,0,16
180,94,0,31
180,97,0,47
180,99,0,3
180,61,0,49
180,5,0,44
180,66,0,42
180,11,0,32
180,32,0,28
180,1,0,10
181,4,0,25
181,7,0,22
181,8,0,3
181,12,0,26
181,14,0,20
181,17,0,19
181,19,0,27
181,20,0,40
181,22,0,10
181,26,0,3
181,28,0,11
181,30,0,45
181,31,0,27
181,36,0,18
181,38,0,45
181,41,0,24
181,42,0,39
181,43,0,31
181,48,0,27
181,49,0,24
181,50,0,44
181,51,0,44
181,52,0,11
181,53,0,25
181,54,0,22
181,55,0,27
181,59,0,47
181,62,0,39
181,64,0,15
181,65,0,30
181,72,0,6
181,73,0,28
181,74,0,3
181,75,0,9
181,76,0,31
181,79,0,49
181,80,0,2
181,81,0,4
181,82,0,2
181,84,0,23
181,86,0,18
181,87,0,47
181,88,0,38
181,89,0,11
181,91,0,4
181,92,0,34
181,93,0,16
181,94,0,31
181,97,0,47
181,99,0,3
181,61,0,49
181,5,0,44
181,66,0,42
181,11,0,32
181,32,0,28
181,1,0,10
182,4,0,25
182,7,0,22
182,8,0,3
182,12,0,26
182,14,0,20
182,17,0,19
182,19,0,27
182,20,0,40
182,22,0,10
182,26,0,3
182,28,0,11
182,30,0,45
182,31,0,27
182,36,0,18
182,38,0,45
182,41,0,24
182,42,0,39
182,43,0,31
182,48,0,27
182,49,0,24
182,50,0,44
182,51,0,44
182,52,0,11
182,53,0,25
182,54,0,22
182,55,0,27
182,59,0,47
182,62,0,39
182,64,0,15
182,65,0,30
182,72,0,6
182,73,0,28
182,74,0,3
182,75,0,9
182,76,0,31
182,79,0,49
182,80,0,2
182,81,0,4
182,82,0,2
182,84,0,23
182,86,0,18
182,87,0,47
182,88,0,38
182,89,0,11
182,91,0,4
182,92,0,34
182,93,0,16
182,94,0,31
182,97,0,47
182,99,0,3
182,61,0,49
182,5,0,44
182,66,0,42
182,11,0,32
182,32,0,28
182,1,0,10
183,4,0,25
183,7,0,22
183,8,0,3
183,12,0,26
183,14,0,20
183,17,0,19
183,19,0,27
183,20,0,40
183,22,0,10
183,26,0,3
183,28,0,11
183,30,0,45
183,31,0,27
183,36,0,18
183,38,0,45
183,41,0,24
183,42,0,39
183,43,0,31
183,48,0,27
183,49,0,24
183,50,0,44
183,51,0,44
183,52,0,11
183,53,0,25
183,54,0,22
183,55,0,27
183,59,0,47
183,62,0,39
183,64,0,15
183,65,0,30
183,72,0,6
183,73,0,28
183,74,0,3
183,75,0,9
183,76,0,31
183,79,0,49
183,80,0,2
183,81,0,4
183,82,0,2
183,84,0,23
183,86,0,18
183,87,0,47
183,88,0,38
183,89,0,11
183,91,0,4
183,92,0,34
183,93,0,16
183,94,0,31
183,97,0,47
183,99,0,3
183,61,0,49
183,5,0,44
183,66,0,42
183,11,0,32
183,32,0,28
183,1,0,10
184,4,0,25
184,7,0,22
184,8,0,3
184,12,0,26
184,14,0,20
184,17,0,19
184,19,0,27
184,20,0,40
184,22,0,10
184,26,0,3
184,28,0,11
184,30,0,45
184,31,0,27
184,36,0,18
184,38,0,45
184,41,0,24
184,42,0,39
184,43,0,31
184,48,0,27
184,49,0,24
184,50,0,44
184,51,0,44
184,52,0,11
184,53,0,25
184,54,0,22
184,55,0,27
184,59,0,47
184,62,0,39
184,64,0,15
184,65,0,30
184,72,0,6
184,73,0,28
184,74,0,3
184,75,0,9
184,76,0,31
184,79,0,49
184,80,0,2
184,81,0,4
184,82,0,2
184,84,0,23
184,86,0,18
184,87,0,47
184,88,0,38
184,89,0,11
184,91,0,4
184,92,0,34
184,93,0,16
184,94,0,31
184,97,0,47
184,99,0,3
184,61,0,49
184,5,0,44
184,66,0,42
184,11,0,32
184,32,0,28
184,1,0,10
185,4,0,25
185,7,0,22
185,8,0,3
185,12,0,26
185,14,0,20
185,17,0,19
185,19,0,27
185,20,0,40
185,22,0,10
185,26,0,3
185,28,0,11
185,30,0,45
185,31,0,27
185,36,0,18
185,38,0,45
185,41,0,24
185,42,0,39
185,43,0,31
185,48,0,27
185,49,0,24
185,50,0,44
185,51,0,44
185,52,0,11
185,53,0,25
185,54,0,22
185,55,0,27
185,59,0,47
185,62,0,39
185,64,0,15
185,65,0,30
185,72,0,6
185,73,0,28
185,74,0,3
185,75,0,9
185,76,0,31
185,79,0,49
185,80,0,2
185,81,0,4
185,82,0,2
185,84,0,23
185,86,0,18
185,87,0,47
185,88,0,38
185,89,0,11
185,91,0,4
185,92,0,34
185,93,0,16
185,94,0,31
185,97,0,47
185,99,0,3
185,61,0,49
185,5,0,44
185,66,0,42
185,11,0,32
185,32,0,28
185,1,0,10
186,4,0,25
186,7,0,22
186,8,0,3
186,12,0,26
186,14,0,20
186,17,0,19
186,19,0,27
186,20,0,40
186,22,0,10
186,26,0,3
186,28,0,11
186,30,0,45
186,31,0,27
186,36,0,18
186,38,0,45
186,41,0,24
186,42,0,39
186,43,0,31
186,48,0,27
186,49,0,24
186,50,0,44
186,51,0,44
186,52,0,11
186,53,0,25
186,54,0,22
186,55,0,27
186,59,0,47
186,62,0,39
186,64,0,15
186,65,0,30
186,72,0,6
186,73,0,28
186,74,0,3
186,75,0,9
186,76,0,31
186,79,0,49
186,80,0,2
186,81,0,4
186,82,0,2
186,84,0,23
186,86,0,18
186,87,0,47
186,88,0,38
186,89,0,11
186,91,0,4
186,92,0,34
186,93,0,16
186,94,0,31
186,97,0,47
186,99,0,3
186,61,0,49
186,5,0,44
186,66,0,42
186,11,0,32
186,32,0,28
186,1,0,10
187,4,0,25
187,7,0,22
187,8,0,3
187,12,0,26
187,14,0,20
187,17,0,19
187,19,0,27
187,20,0,40
187,22,0,10
187,26,0,3
187,28,0,11
187,30,0,45
187,31,0,27
187,36,0,18
187,38,0,45
187,41,0,24
187,42,0,39
187,43,0,31
187,48,0,27
187,49,0,24
187,50,0,44
187,51,0,44
187,52,0,11
187,53,0,25
187,54,0,22
187,55,0,27
187,59,0,47
187,62,0,39
187,64,0,15
187,65,0,30
187,72,0,6
187,73,0,28
187,74,0,3
187,75,0,9
187,76,0,31
187,79,0,49
187,80,0,2
187,81,0,4
187,82,0,2
187,84,0,23
187,86,0,18
187,87,0,47
187,88,0,38
187,89,0,11
187,91,0,4
187,92,0,34
187,93,0,16
187,94,0,31
187,97,0,47
187,99,0,3
187,61,0,49
187,5,0,44
187,66,0,42
187,11,0,32
187,32,0,28
187,1,0,10
188,4,0,25
188,7,0,22
188,8,0,3
188,12,0,26
188,14,0,20
188,17,0,19
188,19,0,27
188,20,0,40
188,22,0,10
188,26,0,3
188,28,0,11
188,30,0,45
188,31,0,27
188,36,0,18
188,38,0,45
188,41,0,24
188,42,0,39
188,43,0,31
188,48,0,27
188,49,0,24
188,50,0,44
188,51,0,44
188,52,0,11
188,53,0,25
188,54,0,22
188,55,0,27
188,59,0,47
188,62,0,39
188,64,0,15
188,65,0,30
188,72,0,6
188,73,0,28
188,74,0,3
188,75,0,9
188,76,0,31
188,79,0,49
188,80,0,2
188,81,0,4
188,82,0,2
188,84,0,23
188,86,0,18
188,87,0,47
188,88,0,38
188,89,0,11
188,91,0,4
188,92,0,34
188,93,0,16
188,94,0,31
188,97,0,47
188,99,0,3
188,61,0,49
188,5,0,44
188,66,0,42
188,11,0,32
188,32,0,28
188,1,0,10
189,4,0,25
189,7,0,22
189,8,0,3
189,12,0,26
189,14,0,20
189,17,0,19
189,19,0,27
189,20,0,40
189,22,0,10
189,26,0,3
189,28,0,11
189,30,0,45
189,31,0,27
189,36,0,18
189,38,0,45
189,41,0,24
189,42,0,39
189,43,0,31
189,48,0,27
189,49,0,24
189,50,0,44
189,51,0,44
189,52,0,11
189,53,0,25
189,54,0,22
189,55,0,27
189,59,0,47
189,62,0,39
189,64,0,15
189,65,0,30
189,72,0,6
189,73,0,28
189,74,0,3
189,75,0,9
189,76,0,31
189,79,0,49
189,80,0,2
189,81,0,4
189,82,0,2
189,84,0,23
189,86,0,18
189,87,0,47
189,88,0,38
189,89,0,11
189,91,0,4
189,92,0,34
189,93,0,16
189,94,0,31
189,97,0,47
189,99,0,3
189,61,0,49
189,5,0,44
189,66,0,42
189,11,0,32
189,32,0,28
189,1,0,10
190,4,0,25
190,7,0,22
190,8,0,3
190,12,0,26
190,14,0,20
190,17,0,19
190,19,0,27
190,20,0,40
190,22,0,10
190,26,0,3
190,28,0,11
190,30,0,45
190,31,0,27
190,36,0,18
190,38,0,45
190,41,0,24
190,42,0,39
190,43,0,31
190,48,0,27
190,49,0,24
190,50,0,44
190,51,0,44
190,52,0,11
190,53,0,25
190,54,0,22
190,55,0,27
190,59,0,47
190,62,0,39
190,64,0,15
190,65,0,30
190,72,0,6
190,73,0,28
190,74,0,3
190,75,0,9
190,76,0,31
190,79,0,49
190,80,0,2
190,81,0,4
190,82,0,2
190,84,0,23
190,86,0,18
190,87,0,47
190,88,0,38
190,89,0,11
190,91,0,4
190,92,0,34
190,93,0,16
190,94,0,31
190,97,0,47
190,99,0,3
190,61,0,49
190,5,0,44
190,66,0,42
190,11,0,32
190,32,0,28
190,1,0,10
191,4,0,25
191,7,0,22
191,8,0,3
191,12,0,26
191,14,0,20
191,17,0,19
191,19,0,27
191,20,0,40
191,22,0,10
191,26,0,3
191,28,0,11
191,30,0,45
191,31,0,27
191,36,0,18
191,38,0,45
191,41,0,24
191,42,0,39
191,43,0,31
191,48,0,27
191,49,0,24
191,50,0,44
191,51,0,44
191,52,0,11
191,53,0,25
191,54,0,22
191,55,0,27
191,59,0,47
191,62,0,39
191,64,0,15
191,65,0,30
191,72,0,6
191,73,0,28
191,74,0,3
191,75,0,9
191,76,0,31
191,79,0,49
191,80,0,2
191,81,0,4
191,82,0,2
191,84,0,23
191,86,0,18
191,87,0,47
191,88,0,38
191,89,0,11
191,91,0,4
191,92,0,34
191,93,0,16
191,94,0,31
191,97,0,47
191,99,0,3
191,61,0,49
191,5,0,44
191,66,0,42
191,11,0,32
191,32,0,28
191,1,0,10
192,4,0,25
192,7,0,22
192,8,0,3
192,12,0,26
192,14,0,20
192,17,0,19
192,19,0,27
192,20,0,40
192,22,0,10
192,26,0,3
192,28,0,11
192,30,0,45
192,31,0,27
192,36,0,18
192,38,0,45
192,41,0,24
192,42,0,39
192,43,0,31
192,48,0,27
192,49,0,24
192,50,0,44
192,51,0,44
192,52,0,11
192,53,0,25
192,54,0,22
192,55,0,27
192,59,0,47
192,62,0,39
192,64,0,15
192,65,0,30
192,72,0,6
192,73,0,28
192,74,0,3
192,75,0,9
192,76,0,31
192,79,0,49
192,80,0,2
192,81,0,4
192,82,0,2
192,84,0,23
192,86,0,18
192,87,0,47
192,88,0,38
192,89,0,11
192,91,0,4
192,92,0,34
192,93,0,16
192,94,0,31
192,97,0,47
192,99,0,3
192,61,0,49
192,5,0,44
192,66,0,42
192,11,0,32
192,32,0,28
192,1,0,10
193,4,0,25
193,7,0,22
193,8,0,3
193,12,0,26
193,14,0,20
193,17,0,19
193,19,0,27
193,20,0,40
193,22,0,10
193,26,0,3
193,28,0,11
193,30,0,45
193,31,0,27
193,36,0,18
193,38,0,45
193,41,0,24
193,42,0,39
193,43,0,31
193,48,0,27
193,49,0,24
193,50,0,44
193,51,0,44
193,52,0,11
193,53,0,25
193,54,0,22
193,55,0,27
193,59,0,47
193,62,0,39
193,64,0,15
193,65,0,30
193,72,0,6
193,73,0,28
193,74,0,3
193,75,0,9
193,76,0,31
193,79,0,49
193,80,0,2
193,81,0,4
193,82,0,2
193,84,0,23
193,86,0,18
193,87,0,47
193,88,0,38
193,89,0,11
193,91,0,4
193,92,0,34
193,93,0,16
193,94,0,31
193,97,0,47
193,99,0,3
193,61,0,49
193,5,0,44
193,66,0,42
193,11,0,32
193,32,0,28
193,1,0,10
194,4,0,25
194,7,0,22
194,8,0,3
194,12,0,26
194,14,0,20
194,17,0,19
194,19,0,27
194,20,0,40
194,22,0,10
194,26,0,3
194,28,0,11
194,30,0,45
194,31,0,27
194,36,0,18
194,38,0,45
194,41,0,24
194,42,0,39
194,43,0,31
194,48,0,27
194,49,0,24
194,50,0,44
194,51,0,44
194,52,0,11
194,53,0,25
194,54,0,22
194,55,0,27
194,59,0,47
194,62,0,39
194,64,0,15
194,65,0,30
194,72,0,6
194,73,0,28
194,74,0,3
194,75,0,9
194,76,0,31
194,79,0,49
194,80,0,2
194,81,0,4
194,82,0,2
194,84,0,23
194,86,0,18
194,87,0,47
194,88,0,38
194,89,0,11
194,91,0,4
194,92,0,34
194,93,0,16
194,94,0,31
194,97,0,47
194,99,0,3
194,61,0,49
194,5,0,44
194,66,0,42
194,11,0,32
194,32,0,28
194,1,0,10
195,4,0,25
195,7,0,22
195,8,0,3
195,12,0,26
195,14,0,20
195,17,0,19
195,19,0,27
195,20,0,40
195,22,0,10
195,26,0,3
195,28,0,11
195,30,0,45
195,31,0,27
195,36,0,18
195,38,0,45
195,41,0,24
195,42,0,39
195,43,0,31
195,48,0,27
195,49,0,24
195,50,0,44
195,51,0,44
195,52,0,11
195,53,0,25
195,54,0,22
195,55,0,27
195,59,0,47
195,62,0,39
195,64,0,15
195,65,0,30
195,72,0,6
195,73,0,28
195,74,0,3
195,75,0,9
195,76,0,31
195,79,0,49
195,80,0,2
195,81,0,4
195,82,0,2
195,84,0,23
195,86,0,18
195,87,0,47
195,88,0,38
195,89,0,11
195,91,0,4
195,92,0,34
195,93,0,16
195,94,0,31
195,97,0,47
195,99,0,3
195,61,0,49
195,5,0,44
195,66,0,42
195,11,0,32
195,32,0,28
195,1,0,10
196,4,0,25
196,7,0,22
196,8,0,3
196,12,0,26
196,14,0,20
196,17,0,19
196,19,0,27
196,20,0,40
196,22,0,10
196,26,0,3
196,28,0,11
196,30,0,45
196,31,0,27
196,36,0,18
196,38,0,45
196,41,0,24
196,42,0,39
196,43,0,31
196,48,0,27
196,49,0,24
196,50,0,44
196,51,0,44
196,52,0,11
196,53,0,25
196,54,0,22
196,55,0,27
196,59,0,47
196,62,0,39
196,64,0,15
196,65,0,30
196,72,0,6
196,73,0,28
196,74,0,3
196,75,0,9
196,76,0,31
196,79,0,49
196,80,0,2
196,81,0,4
196,82,0,2
196,84,0,23
196,86,0,18
196,87,0,47
196,88,0,38
196,89,0,11
196,91,0,4
196,92,0,34
196,93,0,16
196,94,0,31
196,97,0,47
196,99,0,3
196,61,0,49
196,5,0,44
196,66,0,42
196,11,0,32
196,32,0,28
196,1,0,10
197,4,0,25
197,7,0,22
197,8,0,3
197,12,0,26
197,14,0,20
197,17,0,19
197,19,0,27
197,20,0,40
197,22,0,10
197,26,0,3
197,28,0,11
197,30,0,45
197,31,0,27
197,36,0,18
197,38,0,45
197,41,0,24
197,42,0,39
197,43,0,31
197,48,0,27
197,49,0,24
197,50,0,44
197,51,0,44
197,52,0,11
197,53,0,25
197,54,0,22
197,55,0,27
197,59,0,47
197,62,0,39
197,64,0,15
197,65,0,30
197,72,0,6
197,73,0,28
197,74,0,3
197,75,0,9
197,76,0,31
197,79,0,49
197,80,0,2
197,81,0,4
197,82,0,2
197,84,0,23
197,86,0,18
197,87,0,47
197,88,0,38
197,89,0,11
197,91,0,4
197,92,0,34
197,93,0,16
197,94,0,31
197,97,0,47
197,99,0,3
197,61,0,49
197,5,0,44
197,66,0,42
197,11,0,32
197,32,0,28
197,1,0,10
198,4,0,25
198,7,0,22
198,8,0,3
198,12,0,26
198,14,0,20
198,17,0,19
198,19,0,27
198,20,0,40
198,22,0,10
198,26,0,3
198,28,0,11
198,30,0,45
198,31,0,27
198,36,0,18
198,38,0,45
198,41,0,24
198,42,0,39
198,43,0,31
198,48,0,27
198,49,0,24
198,50,0,44
198,51,0,44
198,52,0,11
198,53,0,25
198,54,0,22
198,55,0,27
198,59,0,47
198,62,0,39
198,64,0,15
198,65,0,30
198,72,0,6
198,73,0,28
198,74,0,3
198,75,0,9
198,76,0,31
198,79,0,49
198,80,0,2
198,81,0,4
198,82,0,2
198,84,0,23
198,86,0,18
198,87,0,47
198,88,0,38
198,89,0,11
198,91,0,4
198,92,0,34
198,93,0,16
198,94,0,31
198,97,0,47
198,99,0,3
198,61,0,49
198,5,0,44
198,66,0,42
198,11,0,32
198,32,0,28
198,1,0,10
199,4,0,25
199,7,0,22
199,8,0,3
199,12,0,26
199,14,0,20
199,17,0,19
199,19,0,27
199,20,0,40
199,22,0,10
199,26,0,3
199,28,0,11
199,30,0,45
199,31,0,27
199,36,0,18
199,38,0,45
199,41,0,24
199,42,0,39
199,43,0,31
199,48,0,27
199,49,0,24
199,50,0,44
199,51,0,44
199,52,0,11
199,53,0,25
199,54,0,22
199,55,0,27
199,59,0,47
199,62,0,39
199,64,0,15
199,65,0,30
199,72,0,6
199,73,0,28
199,74,0,3
199,75,0,9
199,76,0,31
199,79,0,49
199,80,0,2
199,81,0,4
199,82,0,2
199,84,0,23
199,86,0,18
199,87,0,47
199,88,0,38
199,89,0,11
199,91,0,4
199,92,0,34
199,93,0,16
199,94,0,31
199,97,0,47
199,99,0,3
199,61,0,49
199,5,0,44
199,66,0,42
199,11,0,32
199,32,0,28
199,1,0,10
200,4,0,25
200,7,0,22
200,8,0,3
200,12,0,26
200,14,0,20
200,17,0,19
200,19,0,27
200,20,0,40
200,22,0,10
200,26,0,3
200,28,0,11
200,30,0,45
200,31,0,27
200,36,0,18
200,38,0,45
200,41,0,24
200,42,0,39
200,43,0,31
200,48,0,27
200,49,0,24
200,50,0,44
200,51,0,44
200,52,0,11
200,53,0,25
200,54,0,22
200,55,0,27
200,59,0,47
200,62,0,39
200,64,0,15
200,65,0,30
200,72,0,6
200,73,0,28
200,74,0,3
200,75,0,9
200,76,0,31
200,79,0,49
200,80,0,2
200,81,0,4
200,82,0,2
200,84,0,23
200,86,0,18
200,87,0,47
200,88,0,38
200,89,0,11
200,91,0,4
200,92,0,34
200,93,0,16
200,94,0,31
200,97,0,47
200,99,0,3
200,61,0,49
200,5,0,44
200,66,0,42
200,11,0,32
200,32,0,28
200,1,0,10
201,4,0,25
201,7,0,22
201,8,0,3
201,12,0,26
201,14,0,20
201,17,0,19
201,19,0,27
201,20,0,40
201,22,0,10
201,26,0,3
201,28,0,11
201,30,0,45
201,31,0,27
201,36,0,18
201,38,0,45
201,41,0,24
201,42,0,39
201,43,0,31
201,48,0,27
201,49,0,24
201,50,0,44
201,51,0,44
201,52,0,11
201,53,0,25
201,54,0,22
201,55,0,27
201,59,0,47
201,62,0,39
201,64,0,15
201,65,0,30
201,72,0,6
201,73,0,28
201,74,0,3
201,75,0,9
201,76,0,31
201,79,0,49
201,80,0,2
201,81,0,4
201,82,0,2
201,84,0,23
201,86,0,18
201,87,0,47
201,88,0,38
201,89,0,11
201,91,0,4
201,92,0,34
201,93,0,16
201,94,0,31
201,97,0,47
201,99,0,3
201,61,0,49
201,5,0,44
201,66,0,42
201,11,0,32
201,32,0,28
201,1,0,10
202,4,0,25
202,7,0,22
202,8,0,3
202,12,0,26
202,14,0,20
202,17,0,19
202,19,0,27
202,20,0,40
202,22,0,10
202,26,0,3
202,28,0,11
202,30,0,45
202,31,0,27
202,36,0,18
202,38,0,45
202,41,0,24
202,42,0,39
202,43,0,31
202,48,0,27
202,49,0,24
202,50,0,44
202,51,0,44
202,52,0,11
202,53,0,25
202,54,0,22
202,55,0,27
202,59,0,47
202,62,0,39
202,64,0,15
202,65,0,30
202,72,0,6
202,73,0,28
202,74,0,3
202,75,0,9
202,76,0,31
202,79,0,49
202,80,0,2
202,81,0,4
202,82,0,2
202,84,0,23
202,86,0,18
202,87,0,47
202,88,0,38
202,89,0,11
202,91,0,4
202,92,0,34
202,93,0,16
202,94,0,31
202,97,0,47
202,99,0,3
202,61,0,49
202,5,0,44
202,66,0,42
202,11,0,32
202,32,0,28
202,1,0,10
203,4,0,25
203,7,0,22
203,8,0,3
203,12,0,26
203,14,0,20
203,17,0,19
203,19,0,27
203,20,0,40
203,22,0,10
203,26,0,3
203,28,0,11
203,30,0,45
203,31,0,27
203,36,0,18
203,38,0,45
203,41,0,24
203,42,0,39
203,43,0,31
203,48,0,27
203,49,0,24
203,50,0,44
203,51,0,44
203,52,0,11
203,53,0,25
203,54,0,22
203,55,0,27
203,59,0,47
203,62,0,39
203,64,0,15
203,65,0,30
203,72,0,6
203,73,0,28
203,74,0,3
203,75,0,9
203,76,0,31
203,79,0,49
203,80,0,2
203,81,0,4
203,82,0,2
203,84,0,23
203,86,0,18
203,87,0,47
203,88,0,38
203,89,0,11
203,91,0,4
203,92,0,34
203,93,0,16
203,94,0,31
203,97,0,47
203,99,0,3
203,61,0,49
203,5,0,44
203,66,0,42
203,11,0,32
203,32,0,28
203,1,0,10
204,4,0,25
204,7,0,22
204,8,0,3
204,12,0,26
204,14,0,20
204,17,0,19
204,19,0,27
204,20,0,40
204,22,0,10
204,26,0,3
204,28,0,11
204,30,0,45
204,31,0,27
204,36,0,18
204,38,0,45
204,41,0,24
204,42,0,39
204,43,0,31
204,48,0,27
204,49,0,24
204,50,0,44
204,51,0,44
204,52,0,11
204,53,0,25
204,54,0,22
204,55,0,27
204,59,0,47
204,62,0,39
204,64,0,15
204,65,0,30
204,72,0,6
204,73,0,28
204,74,0,3
204,75,0,9
204,76,0,31
204,79,0,49
204,80,0,2
204,81,0,4
204,82,0,2
204,84,0,23
204,86,0,18
204,87,0,47
204,88,0,38
204,89,0,11
204,91,0,4
204,92,0,34
204,93,0,16
204,94,0,31
204,97,0,47
204,99,0,3
204,61,0,49
204,5,0,44
204,66,0,42
204,11,0,32
204,32,0,28
204,1,0,10
205,4,0,25
205,7,0,22
205,8,0,3
205,12,0,26
205,14,0,20
205,17,0,19
205,19,0,27
205,20,0,40
205,22,0,10
205,26,0,3
205,28,0,11
205,30,0,45
205,31,0,27
205,36,0,18
205,38,0,45
205,41,0,24
205,42,0,39
205,43,0,31
205,48,0,27
205,49,0,24
205,50,0,44
205,51,0,44
205,52,0,11
205,53,0,25
205,54,0,22
205,55,0,27
205,59,0,47
205,62,0,39
205,64,0,15
205,65,0,30
205,72,0,6
205,73,0,28
205,74,0,3
205,75,0,9
205,76,0,31
205,79,0,49
205,80,0,2
205,81,0,4
205,82,0,2
205,84,0,23
205,86,0,18
205,87,0,47
205,88,0,38
205,89,0,11
205,91,0,4
205,92,0,34
205,93,0,16
205,94,0,31
205,97,0,47
205,99,0,3
205,61,0,49
205,5,0,44
205,66,0,42
205,11,0,32
205,32,0,28
205,1,0,10
206,4,0,25
206,7,0,22
206,8,0,3
206,12,0,26
206,14,0,20
206,17,0,19
206,19,0,27
206,20,0,40
206,22,0,10
206,26,0,3
206,28,0,11
206,30,0,45
206,31,0,27
206,36,0,18
206,38,0,45
206,41,0,24
206,42,0,39
206,43,0,31
206,48,0,27
206,49,0,24
206,50,0,44
206,51,0,44
206,52,0,11
206,53,0,25
206,54,0,22
206,55,0,27
206,59,0,47
206,62,0,39
206,64,0,15
206,65,0,30
206,72,0,6
206,73,0,28
206,74,0,3
206,75,0,9
206,76,0,31
206,79,0,49
206,80,0,2
206,81,0,4
206,82,0,2
206,84,0,23
206,86,0,18
206,87,0,47
206,88,0,38
206,89,0,11
206,91,0,4
206,92,0,34
206,93,0,16
206,94,0,31
206,97,0,47
206,99,0,3
206,61,0,49
206,5,0,44
206,66,0,42
206,11,0,32
206,32,0,28
206,1,0,10
207,4,0,25
207,7,0,22
207,8,0,3
207,12,0,26
207,14,0,20
207,17,0,19
207,19,0,27
207,20,0,40
207,22,0,10
207,26,0,3
207,28,0,11
207,30,0,45
207,31,0,27
207,36,0,18
207,38,0,45
207,41,0,24
207,42,0,39
207,43,0,31
207,48,0,27
207,49,0,24
207,50,0,44
207,51,0,44
207,52,0,11
207,53,0,25
207,54,0,22
207,55,0,27
207,59,0,47
207,62,0,39
207,64,0,15
207,65,0,30
207,72,0,6
207,73,0,28
207,74,0,3
207,75,0,9
207,76,0,31
207,79,0,49
207,80,0,2
207,81,0,4
207,82,0,2
207,84,0,23
207,86,0,18
207,87,0,47
207,88,0,38
207,89,0,11
207,91,0,4
207,92,0,34
207,93,0,16
207,94,0,31
207,97,0,47
207,99,0,3
207,61,0,49
207,5,0,44
207,66,0,42
207,11,0,32
207,32,0,28
207,1,0,10
208,4,0,25
208,7,0,22
208,8,0,3
208,12,0,26
208,14,0,20
208,17,0,19
208,19,0,27
208,20,0,40
208,22,0,10
208,26,0,3
208,28,0,11
208,30,0,45
208,31,0,27
208,36,0,18
208,38,0,45
208,41,0,24
208,42,0,39
208,43,0,31
208,48,0,27
208,49,0,24
208,50,0,44
208,51,0,44
208,52,0,11
208,53,0,25
208,54,0,22
208,55,0,27
208,59,0,47
208,62,0,39
208,64,0,15
208,65,0,30
208,72,0,6
208,73,0,28
208,74,0,3
208,75,0,9
208,76,0,31
208,79,0,49
208,80,0,2
208,81,0,4
208,82,0,2
208,84,0,23
208,86,0,18
208,87,0,47
208,88,0,38
208,89,0,11
208,91,0,4
208,92,0,34
208,93,0,16
208,94,0,31
208,97,0,47
208,99,0,3
208,61,0,49
208,5,0,44
208,66,0,42
208,11,0,32
208,32,0,28
208,1,0,10
209,4,0,25
209,7,0,22
209,8,0,3
209,12,0,26
209,14,0,20
209,17,0,19
209,19,0,27
209,20,0,40
209,22,0,10
209,26,0,3
209,28,0,11
209,30,0,45
209,31,0,27
209,36,0,18
209,38,0,45
209,41,0,24
209,42,0,39
209,43,0,31
209,48,0,27
209,49,0,24
209,50,0,44
209,51,0,44
209,52,0,11
209,53,0,25
209,54,0,22
209,55,0,27
209,59,0,47
209,62,0,39
209,64,0,15
209,65,0,30
209,72,0,6
209,73,0,28
209,74,0,3
209,75,0,9
209,76,0,31
209,79,0,49
209,80,0,2
209,81,0,4
209,82,0,2
209,84,0,23
209,86,0,18
209,87,0,47
209,88,0,38
209,89,0,11
209,91,0,4
209,92,0,34
209,93,0,16
209,94,0,31
209,97,0,47
209,99,0,3
209,61,0,49
209,5,0,44
209,66,0,42
209,11,0,32
209,32,0,28
209,1,0,10
210,4,0,25
210,7,0,22
210,8,0,3
210,12,0,26
210,14,0,20
210,17,0,19
210,19,0,27
210,20,0,40
210,22,0,10
210,26,0,3
210,28,0,11
210,30,0,45
210,31,0,27
210,36,0,18
210,38,0,45
210,41,0,24
210,42,0,39
210,43,0,31
210,48,0,27
210,49,0,24
210,50,0,44
210,51,0,44
210,52,0,11
210,53,0,25
210,54,0,22
210,55,0,27
210,59,0,47
210,62,0,39
210,64,0,15
210,65,0,30
210,72,0,6
210,73,0,28
210,74,0,3
210,75,0,9
210,76,0,31
210,79,0,49
210,80,0,2
210,81,0,4
210,82,0,2
210,84,0,23
210,86,0,18
210,87,0,47
210,88,0,38
210,89,0,11
210,91,0,4
210,92,0,34
210,93,0,16
210,94,0,31
210,97,0,47
210,99,0,3
210,61,0,49
210,5,0,44
210,66,0,42
210,11,0,32
210,32,0,28
210,1,0,10
211,4,0,25
211,7,0,22
211,8,0,3
211,12,0,26
211,14,0,20
211,17,0,19
211,19,0,27
211,20,0,40
211,22,0,10
211,26,0,3
211,28,0,11
211,30,0,45
211,31,0,27
211,36,0,18
211,38,0,45
211,41,0,24
211,42,0,39
211,43,0,31
211,48,0,27
211,49,0,24
211,50,0,44
211,51,0,44
211,52,0,11
211,53,0,25
211,54,0,22
211,55,0,27
211,59,0,47
211,62,0,39
211,64,0,15
211,65,0,30
211,72,0,6
211,73,0,28
211,74,0,3
211,75,0,9
211,76,0,31
211,79,0,49
211,80,0,2
211,81,0,4
211,82,0,2
211,84,0,23
211,86,0,18
211,87,0,47
211,88,0,38
211,89,0,11
211,91,0,4
211,92,0,34
211,93,0,16
211,94,0,31
211,97,0,47
211,99,0,3
211,61,0,49
211,5,0,44
211,66,0,42
211,11,0,32
211,32,0,28
211,1,0,10
212,4,0,25
212,7,0,22
212,8,0,3
212,12,0,26
212,14,0,20
212,17,0,19
212,19,0,27
212,20,0,40
212,22,0,10
212,26,0,3
212,28,0,11
212,30,0,45
212,31,0,27
212,36,0,18
212,38,0,45
212,41,0,24
212,42,0,39
212,43,0,31
212,48,0,27
212,49,0,24
212,50,0,44
212,51,0,44
212,52,0,11
212,53,0,25
212,54,0,22
212,55,0,27
212,59,0,47
212,62,0,39
212,64,0,15
212,65,0,30
212,72,0,6
212,73,0,28
212,74,0,3
212,75,0,9
212,76,0,31
212,79,0,49
212,80,0,2
212,81,0,4
212,82,0,2
212,84,0,23
212,86,0,18
212,87,0,47
212,88,0,38
212,89,0,11
212,91,0,4
212,92,0,34
212,93,0,16
212,94,0,31
212,97,0,47
212,99,0,3
212,61,0,49
212,5,0,44
212,66,0,42
212,11,0,32
212,32,0,28
212,1,0,10
213,4,0,25
213,7,0,22
213,8,0,3
213,12,0,26
213,14,0,20
213,17,0,19
213,19,0,27
213,20,0,40
213,22,0,10
213,26,0,3
213,28,0,11
213,30,0,45
213,31,0,27
213,36,0,18
213,38,0,45
213,41,0,24
213,42,0,39
213,43,0,31
213,48,0,27
213,49,0,24
213,50,0,44
213,51,0,44
213,52,0,11
213,53,0,25
213,54,0,22
213,55,0,27
213,59,0,47
213,62,0,39
213,64,0,15
213,65,0,30
213,72,0,6
213,73,0,28
213,74,0,3
213,75,0,9
213,76,0,31
213,79,0,49
213,80,0,2
213,81,0,4
213,82,0,2
213,84,0,23
213,86,0,18
213,87,0,47
213,88,0,38
213,89,0,11
213,91,0,4
213,92,0,34
213,93,0,16
213,94,0,31
213,97,0,47
213,99,0,3
213,61,0,49
213,5,0,44
213,66,0,42
213,11,0,32
213,32,0,28
213,1,0,10
214,4,0,25
214,7,0,22
214,8,0,3
214,12,0,26
214,14,0,20
214,17,0,19
214,19,0,27
214,20,0,40
214,22,0,10
214,26,0,3
214,28,0,11
214,30,0,45
214,31,0,27
214,36,0,18
214,38,0,45
214,41,0,24
214,42,0,39
214,43,0,31
214,48,0,27
214,49,0,24
214,50,0,44
214,51,0,44
214,52,0,11
214,53,0,25
214,54,0,22
214,55,0,27
214,59,0,47
214,62,0,39
214,64,0,15
214,65,0,30
214,72,0,6
214,73,0,28
214,74,0,3
214,75,0,9
214,76,0,31
214,79,0,49
214,80,0,2
214,81,0,4
214,82,0,2
214,84,0,23
214,86,0,18
214,87,0,47
214,88,0,38
214,89,0,11
214,91,0,4
214,92,0,34
214,93,0,16
214,94,0,31
214,97,0,47
214,99,0,3
214,61,0,49
214,5,0,44
214,66,0,42
214,11,0,32
214,32,0,28
214,1,0,10
215,4,0,25
215,7,0,22
215,8,0,3
215,12,0,26
215,14,0,20
215,17,0,19
215,19,0,27
215,20,0,40
215,22,0,10
215,26,0,3
215,28,0,11
215,30,0,45
215,31,0,27
215,36,0,18
215,38,0,45
215,41,0,24
215,42,0,39
215,43,0,31
215,48,0,27
215,49,0,24
215,50,0,44
215,51,0,44
215,52,0,11
215,53,0,25
215,54,0,22
215,55,0,27
215,59,0,47
215,62,0,39
215,64,0,15
215,65,0,30
215,72,0,6
215,73,0,28
215,74,0,3
215,75,0,9
215,76,0,31
215,79,0,49
215,80,0,2
215,81,0,4
215,82,0,2
215,84,0,23
215,86,0,18
215,87,0,47
215,88,0,38
215,89,0,11
215,91,0,4
215,92,0,34
215,93,0,16
215,94,0,31
215,97,0,47
215,99,0,3
215,61,0,49
215,5,0,44
215,66,0,42
215,11,0,32
215,32,0,28
215,1,0,10
216,4,0,25
216,7,0,22
216,8,0,3
216,12,0,26
216,14,0,20
216,17,0,19
216,19,0,27
216,20,0,40
216,22,0,10
216,26,0,3
216,28,0,11
216,30,0,45
216,31,0,27
216,36,0,18
216,38,0,45
216,41,0,24
216,42,0,39
216,43,0,31
216,48,0,27
216,49,0,24
216,50,0,44
216,51,0,44
216,52,0,11
216,53,0,25
216,54,0,22
216,55,0,27
216,59,0,47
216,62,0,39
216,64,0,15
216,65,0,30
216,72,0,6
216,73,0,28
216,74,0,3
216,75,0,9
216,76,0,31
216,79,0,49
216,80,0,2
216,81,0,4
216,82,0,2
216,84,0,23
216,86,0,18
216,87,0,47
216,88,0,38
216,89,0,11
216,91,0,4
216,92,0,34
216,93,0,16
216,94,0,31
216,97,0,47
216,99,0,3
216,61,0,49
216,5,0,44
216,66,0,42
216,11,0,32
216,32,0,28
216,1,0,10
217,4,0,25
217,7,0,22
217,8,0,3
217,12,0,26
217,14,0,20
217,17,0,19
217,19,0,27
217,20,0,40
217,22,0,10
217,26,0,3
217,28,0,11
217,30,0,45
217,31,0,27
217,36,0,18
217,38,0,45
217,41,0,24
217,42,0,39
217,43,0,31
217,48,0,27
217,49,0,24
217,50,0,44
217,51,0,44
217,52,0,11
217,53,0,25
217,54,0,22
217,55,0,27
217,59,0,47
217,62,0,39
217,64,0,15
217,65,0,30
217,72,0,6
217,73,0,28
217,74,0,3
217,75,0,9
217,76,0,31
217,79,0,49
217,80,0,2
217,81,0,4
217,82,0,2
217,84,0,23
217,86,0,18
217,87,0,47
217,88,0,38
217,89,0,11
217,91,0,4
217,92,0,34
217,93,0,16
217,94,0,31
217,97,0,47
217,99,0,3
217,61,0,49
217,5,0,44
217,66,0,42
217,11,0,32
217,32,0,28
217,1,0,10
218,4,0,25
218,7,0,22
218,8,0,3
218,12,0,26
218,14,0,20
218,17,0,19
218,19,0,27
218,20,0,40
218,22,0,10
218,26,0,3
218,28,0,11
218,30,0,45
218,31,0,27
218,36,0,18
218,38,0,45
218,41,0,24
218,42,0,39
218,43,0,31
218,48,0,27
218,49,0,24
218,50,0,44
218,51,0,44
218,52,0,11
218,53,0,25
218,54,0,22
218,55,0,27
218,59,0,47
218,62,0,39
218,64,0,15
218,65,0,30
218,72,0,6
218,73,0,28
218,74,0,3
218,75,0,9
218,76,0,31
218,79,0,49
218,80,0,2
218,81,0,4
218,82,0,2
218,84,0,23
218,86,0,18
218,87,0,47
218,88,0,38
218,89,0,11
218,91,0,4
218,92,0,34
218,93,0,16
218,94,0,31
218,97,0,47
218,99,0,3
218,61,0,49
218,5,0,44
218,66,0,42
218,11,0,32
218,32,0,28
218,1,0,10
219,4,0,25
219,7,0,22
219,8,0,3
219,12,0,26
219,14,0,20
219,17,0,19
219,19,0,27
219,20,0,40
219,22,0,10
219,26,0,3
219,28,0,11
219,30,0,45
219,31,0,27
219,36,0,18
219,38,0,45
219,41,0,24
219,42,0,39
219,43,0,31
219,48,0,27
219,49,0,24
219,50,0,44
219,51,0,44
219,52,0,11
219,53,0,25
219,54,0,22
219,55,0,27
219,59,0,47
219,62,0,39
219,64,0,15
219,65,0,30
219,72,0,6
219,73,0,28
219,74,0,3
219,75,0,9
219,76,0,31
219,79,0,49
219,80,0,2
219,81,0,4
219,82,0,2
219,84,0,23
219,86,0,18
219,87,0,47
219,88,0,38
219,89,0,11
219,91,0,4
219,92,0,34
219,93,0,16
219,94,0,31
219,97,0,47
219,99,0,3
219,61,0,49
219,5,0,44
219,66,0,42
219,11,0,32
219,32,0,28
219,1,0,10
220,4,0,25
220,7,0,22
220,8,0,3
220,12,0,26
220,14,0,20
220,17,0,19
220,19,0,27
220,20,0,40
220,22,0,10
220,26,0,3
220,28,0,11
220,30,0,45
220,31,0,27
220,36,0,18
220,38,0,45
220,41,0,24
220,42,0,39
220,43,0,31
220,48,0,27
220,49,0,24
220,50,0,44
220,51,0,44
220,52,0,11
220,53,0,25
220,54,0,22
220,55,0,27
220,59,0,47
220,62,0,39
220,64,0,15
220,65,0,30
220,72,0,6
220,73,0,28
220,74,0,3
220,75,0,9
220,76,0,31
220,79,0,49
220,80,0,2
220,81,0,4
220,82,0,2
220,84,0,23
220,86,0,18
220,87,0,47
220,88,0,38
220,89,0,11
220,91,0,4
220,92,0,34
220,93,0,16
220,94,0,31
220,97,0,47
220,99,0,3
220,61,0,49
220,5,0,44
220,66,0,42
220,11,0,32
220,32,0,28
220,1,0,10
221,4,0,25
221,7,0,22
221,8,0,3
221,12,0,26
221,14,0,20
221,17,0,19
221,19,0,27
221,20,0,40
221,22,0,10
221,26,0,3
221,28,0,11
221,30,0,45
221,31,0,27
221,36,0,18
221,38,0,45
221,41,0,24
221,42,0,39
221,43,0,31
221,48,0,27
221,49,0,24
221,50,0,44
221,51,0,44
221,52,0,11
221,53,0,25
221,54,0,22
221,55,0,27
221,59,0,47
221,62,0,39
221,64,0,15
221,65,0,30
221,72,0,6
221,73,0,28
221,74,0,3
221,75,0,9
221,76,0,31
221,79,0,49
221,80,0,2
221,81,0,4
221,82,0,2
221,84,0,23
221,86,0,18
221,87,0,47
221,88,0,38
221,89,0,11
221,91,0,4
221,92,0,34
221,93,0,16
221,94,0,31
221,97,0,47
221,99,0,3
221,61,0,49
221,5,0,44
221,66,0,42
221,11,0,32
221,32,0,28
221,1,0,10
222,4,0,25
222,7,0,22
222,8,0,3
222,12,0,26
222,14,0,20
222,17,0,19
222,19,0,27
222,20,0,40
222,22,0,10
222,26,0,3
222,28,0,11
222,30,0,45
222,31,0,27
222,36,0,18
222,38,0,45
222,41,0,24
222,42,0,39
222,43,0,31
222,48,0,27
222,49,0,24
222,50,0,44
222,51,0,44
222,52,0,11
222,53,0,25
222,54,0,22
222,55,0,27
222,59,0,47
222,62,0,39
222,64,0,15
222,65,0,30
222,72,0,6
222,73,0,28
222,74,0,3
222,75,0,9
222,76,0,31
222,79,0,49
222,80,0,2
222,81,0,4
222,82,0,2
222,84,0,23
222,86,0,18
222,87,0,47
222,88,0,38
222,89,0,11
222,91,0,4
222,92,0,34
222,93,0,16
222,94,0,31
222,97,0,47
222,99,0,3
222,61,0,49
222,5,0,44
222,66,0,42
222,11,0,32
222,32,0,28
222,1,0,10
223,4,0,25
223,7,0,22
223,8,0,3
223,12,0,26
223,14,0,20
223,17,0,19
223,19,0,27
223,20,0,40
223,22,0,10
223,26,0,3
223,28,0,11
223,30,0,45
223,31,0,27
223,36,0,18
223,38,0,45
223,41,0,24
223,42,0,39
223,43,0,31
223,48,0,27
223,49,0,24
223,50,0,44
223,51,0,44
223,52,0,11
223,53,0,25
223,54,0,22
223,55,0,27
223,59,0,47
223,62,0,39
223,64,0,15
223,65,0,30
223,72,0,6
223,73,0,28
223,74,0,3
223,75,0,9
223,76,0,31
223,79,0,49
223,80,0,2
223,81,0,4
223,82,0,2
223,84,0,23
223,86,0,18
223,87,0,47
223,88,0,38
223,89,0,11
223,91,0,4
223,92,0,34
223,93,0,16
223,94,0,31
223,97,0,47
223,99,0,3
223,61,0,49
223,5,0,44
223,66,0,42
223,11,0,32
223,32,0,28
223,1,0,10
224,4,0,25
224,7,0,22
224,8,0,3
224,12,0,26
224,14,0,20
224,17,0,19
224,19,0,27
224,20,0,40
224,22,0,10
224,26,0,3
224,28,0,11
224,30,0,45
224,31,0,27
224,36,0,18
224,38,0,45
224,41,0,24
224,42,0,39
224,43,0,31
224,48,0,27
224,49,0,24
224,50,0,44
224,51,0,44
224,52,0,11
224,53,0,25
224,54,0,22
224,55,0,27
224,59,0,47
224,62,0,39
224,64,0,15
224,65,0,30
224,72,0,6
224,73,0,28
224,74,0,3
224,75,0,9
224,76,0,31
224,79,0,49
224,80,0,2
224,81,0,4
224,82,0,2
224,84,0,23
224,86,0,18
224,87,0,47
224,88,0,38
224,89,0,11
224,91,0,4
224,92,0,34
224,93,0,16
224,94,0,31
224,97,0,47
224,99,0,3
224,61,0,49
224,5,0,44
224,66,0,42
224,11,0,32
224,32,0,28
224,1,0,10
225,4,0,25
225,7,0,22
225,8,0,3
225,12,0,26
225,14,0,20
225,17,0,19
225,19,0,27
225,20,0,40
225,22,0,10
225,26,0,3
225,28,0,11
225,30,0,45
225,31,0,27
225,36,0,18
225,38,0,45
225,41,0,24
225,42,0,39
225,43,0,31
225,48,0,27
225,49,0,24
225,50,0,44
225,51,0,44
225,52,0,11
225,53,0,25
225,54,0,22
225,55,0,27
225,59,0,47
225,62,0,39
225,64,0,15
225,65,0,30
225,72,0,6
225,73,0,28
225,74,0,3
225,75,0,9
225,76,0,31
225,79,0,49
225,80,0,2
225,81,0,4
225,82,0,2
225,84,0,23
225,86,0,18
225,87,0,47
225,88,0,38
225,89,0,11
225,91,0,4
225,92,0,34
225,93,0,16
225,94,0,31
225,97,0,47
225,99,0,3
225,61,0,49
225,5,0,44
225,66,0,42
225,11,0,32
225,32,0,28
225,1,0,10
226,4,0,25
226,7,0,22
226,8,0,3
226,12,0,26
226,14,0,20
226,17,0,19
226,19,0,27
226,20,0,40
226,22,0,10
226,26,0,3
226,28,0,11
226,30,0,45
226,31,0,27
226,36,0,18
226,38,0,45
226,41,0,24
226,42,0,39
226,43,0,31
226,48,0,27
226,49,0,24
226,50,0,44
226,51,0,44
226,52,0,11
226,53,0,25
226,54,0,22
226,55,0,27
226,59,0,47
226,62,0,39
226,64,0,15
226,65,0,30
226,72,0,6
226,73,0,28
226,74,0,3
226,75,0,9
226,76,0,31
226,79,0,49
226,80,0,2
226,81,0,4
226,82,0,2
226,84,0,23
226,86,0,18
226,87,0,47
226,88,0,38
226,89,0,11
226,91,0,4
226,92,0,34
226,93,0,16
226,94,0,31
226,97,0,47
226,99,0,3
226,61,0,49
226,5,0,44
226,66,0,42
226,11,0,32
226,32,0,28
226,1,0,10
227,4,0,25
227,7,0,22
227,8,0,3
227,12,0,26
227,14,0,20
227,17,0,19
227,19,0,27
227,20,0,40
227,22,0,10
227,26,0,3
227,28,0,11
227,30,0,45
227,31,0,27
227,36,0,18
227,38,0,45
227,41,0,24
227,42,0,39
227,43,0,31
227,48,0,27
227,49,0,24
227,50,0,44
227,51,0,44
227,52,0,11
227,53,0,25
227,54,0,22
227,55,0,27
227,59,0,47
227,62,0,39
227,64,0,15
227,65,0,30
227,72,0,6
227,73,0,28
227,74,0,3
227,75,0,9
227,76,0,31
227,79,0,49
227,80,0,2
227,81,0,4
227,82,0,2
227,84,0,23
227,86,0,18
227,87,0,47
227,88,0,38
227,89,0,11
227,91,0,4
227,92,0,34
227,93,0,16
227,94,0,31
227,97,0,47
227,99,0,3
227,61,0,49
227,5,0,44
227,66,0,42
227,11,0,32
227,32,0,28
227,1,0,10
228,4,0,25
228,7,0,22
228,8,0,3
228,12,0,26
228,14,0,20
228,17,0,19
228,19,0,27
228,20,0,40
228,22,0,10
228,26,0,3
228,28,0,11
228,30,0,45
228,31,0,27
228,36,0,18
228,38,0,45
228,41,0,24
228,42,0,39
228,43,0,31
228,48,0,27
228,49,0,24
228,50,0,44
228,51,0,44
228,52,0,11
228,53,0,25
228,54,0,22
228,55,0,27
228,59,0,47
228,62,0,39
228,64,0,15
228,65,0,30
228,72,0,6
228,73,0,28
228,74,0,3
228,75,0,9
228,76,0,31
228,79,0,49
228,80,0,2
228,81,0,4
228,82,0,2
228,84,0,23
228,86,0,18
228,87,0,47
228,88,0,38
228,89,0,11
228,91,0,4
228,92,0,34
228,93,0,16
228,94,0,31
228,97,0,47
228,99,0,3
228,61,0,49
228,5,0,44
228,66,0,42
228,11,0,32
228,32,0,28
228,1,0,10
229,4,0,25
229,7,0,22
229,8,0,3
229,12,0,26
229,14,0,20
229,17,0,19
229,19,0,27
229,20,0,40
229,22,0,10
229,26,0,3
229,28,0,11
229,30,0,45
229,31,0,27
229,36,0,18
229,38,0,45
229,41,0,24
229,42,0,39
229,43,0,31
229,48,0,27
229,49,0,24
229,50,0,44
229,51,0,44
229,52,0,11
229,53,0,25
229,54,0,22
229,55,0,27
229,59,0,47
229,62,0,39
229,64,0,15
229,65,0,30
229,72,0,6
229,73,0,28
229,74,0,3
229,75,0,9
229,76,0,31
229,79,0,49
229,80,0,2
229,81,0,4
229,82,0,2
229,84,0,23
229,86,0,18
229,87,0,47
229,88,0,38
229,89,0,11
229,91,0,4
229,92,0,34
229,93,0,16
229,94,0,31
229,97,0,47
229,99,0,3
229,61,0,49
229,5,0,44
229,66,0,42
229,11,0,32
229,32,0,28
229,1,0,10
230,4,0,25
230,7,0,22
230,8,0,3
230,12,0,26
230,14,0,20
230,17,0,19
230,19,0,27
230,20,0,40
230,22,0,10
230,26,0,3
230,28,0,11
230,30,0,45
230,31,0,27
230,36,0,18
230,38,0,45
230,41,0,24
230,42,0,39
230,43,0,31
230,48,0,27
230,49,0,24
230,50,0,44
230,51,0,44
230,52,0,11
230,53,0,25
230,54,0,22
230,55,0,27
230,59,0,47
230,62,0,39
230,64,0,15
230,65,0,30
230,72,0,6
230,73,0,28
230,74,0,3
230,75,0,9
230,76,0,31
230,79,0,49
230,80,0,2
230,81,0,4
230,82,0,2
230,84,0,23
230,86,0,18
230,87,0,47
230,88,0,38
230,89,0,11
230,91,0,4
230,92,0,34
230,93,0,16
230,94,0,31
230,97,0,47
230,99,0,3
230,61,0,49
230,5,0,44
230,66,0,42
230,11,0,32
230,32,0,28
230,1,0,10
231,4,0,25
231,7,0,22
231,8,0,3
231,12,0,26
231,14,0,20
231,17,0,19
231,19,0,27
231,20,0,40
231,22,0,10
231,26,0,3
231,28,0,11
231,30,0,45
231,31,0,27
231,36,0,18
231,38,0,45
231,41,0,24
231,42,0,39
231,43,0,31
231,48,0,27
231,49,0,24
231,50,0,44
231,51,0,44
231,52,0,11
231,53,0,25
231,54,0,22
231,55,0,27
231,59,0,47
231,62,0,39
231,64,0,15
231,65,0,30
231,72,0,6
231,73,0,28
231,74,0,3
231,75,0,9
231,76,0,31
231,79,0,49
231,80,0,2
231,81,0,4
231,82,0,2
231,84,0,23
231,86,0,18
231,87,0,47
231,88,0,38
231,89,0,11
231,91,0,4
231,92,0,34
231,93,0,16
231,94,0,31
231,97,0,47
231,99,0,3
231,61,0,49
231,5,0,44
231,66,0,42
231,11,0,32
231,32,0,28
231,1,0,10
232,4,0,25
232,7,0,22
232,8,0,3
232,12,0,26
232,14,0,20
232,17,0,19
232,19,0,27
232,20,0,40
232,22,0,10
232,26,0,3
232,28,0,11
232,30,0,45
232,31,0,27
232,36,0,18
232,38,0,45
232,41,0,24
232,42,0,39
232,43,0,31
232,48,0,27
232,49,0,24
232,50,0,44
232,51,0,44
232,52,0,11
232,53,0,25
232,54,0,22
232,55,0,27
232,59,0,47
232,62,0,39
232,64,0,15
232,65,0,30
232,72,0,6
232,73,0,28
232,74,0,3
232,75,0,9
232,76,0,31
232,79,0,49
232,80,0,2
232,81,0,4
232,82,0,2
232,84,0,23
232,86,0,18
232,87,0,47
232,88,0,38
232,89,0,11
232,91,0,4
232,92,0,34
232,93,0,16
232,94,0,31
232,97,0,47
232,99,0,3
232,61,0,49
232,5,0,44
232,66,0,42
232,11,0,32
232,32,0,28
232,1,0,10
233,4,0,25
233,7,0,22
233,8,0,3
233,12,0,26
233,14,0,20
233,17,0,19
233,19,0,27
233,20,0,40
233,22,0,10
233,26,0,3
233,28,0,11
233,30,0,45
233,31,0,27
233,36,0,18
233,38,0,45
233,41,0,24
233,42,0,39
233,43,0,31
233,48,0,27
233,49,0,24
233,50,0,44
233,51,0,44
233,52,0,11
233,53,0,25
233,54,0,22
233,55,0,27
233,59,0,47
233,62,0,39
233,64,0,15
233,65,0,30
233,72,0,6
233,73,0,28
233,74,0,3
233,75,0,9
233,76,0,31
233,79,0,49
233,80,0,2
233,81,0,4
233,82,0,2
233,84,0,23
233,86,0,18
233,87,0,47
233,88,0,38
233,89,0,11
233,91,0,4
233,92,0,34
233,93,0,16
233,94,0,31
233,97,0,47
233,99,0,3
233,61,0,49
233,5,0,44
233,66,0,42
233,11,0,32
233,32,0,28
233,1,0,10
234,4,0,25
234,7,0,22
234,8,0,3
234,12,0,26
234,14,0,20
234,17,0,19
234,19,0,27
234,20,0,40
234,22,0,10
234,26,0,3
234,28,0,11
234,30,0,45
234,31,0,27
234,36,0,18
234,38,0,45
234,41,0,24
234,42,0,39
234,43,0,31
234,48,0,27
234,49,0,24
234,50,0,44
234,51,0,44
234,52,0,11
234,53,0,25
234,54,0,22
234,55,0,27
234,59,0,47
234,62,0,39
234,64,0,15
234,65,0,30
234,72,0,6
234,73,0,28
234,74,0,3
234,75,0,9
234,76,0,31
234,79,0,49
234,80,0,2
234,81,0,4
234,82,0,2
234,84,0,23
234,86,0,18
234,87,0,47
234,88,0,38
234,89,0,11
234,91,0,4
234,92,0,34
234,93,0,16
234,94,0,31
234,97,0,47
234,99,0,3
234,61,0,49
234,5,0,44
234,66,0,42
234,11,0,32
234,32,0,28
234,1,0,10
235,4,0,25
235,7,0,22
235,8,0,3
235,12,0,26
235,14,0,20
235,17,0,19
235,19,0,27
235,20,0,40
235,22,0,10
235,26,0,3
235,28,0,11
235,30,0,45
235,31,0,27
235,36,0,18
235,38,0,45
235,41,0,24
235,42,0,39
235,43,0,31
235,48,0,27
235,49,0,24
235,50,0,44
235,51,0,44
235,52,0,11
235,53,0,25
235,54,0,22
235,55,0,27
235,59,0,47
235,62,0,39
235,64,0,15
235,65,0,30
235,72,0,6
235,73,0,28
235,74,0,3
235,75,0,9
235,76,0,31
235,79,0,49
235,80,0,2
235,81,0,4
235,82,0,2
235,84,0,23
235,86,0,18
235,87,0,47
235,88,0,38
235,89,0,11
235,91,0,4
235,92,0,34
235,93,0,16
235,94,0,31
235,97,0,47
235,99,0,3
235,61,0,49
235,5,0,44
235,66,0,42
235,11,0,32
235,32,0,28
235,1,0,10
236,4,0,25
236,7,0,22
236,8,0,3
236,12,0,26
236,14,0,20
236,17,0,19
236,19,0,27
236,20,0,40
236,22,0,10
236,26,0,3
236,28,0,11
236,30,0,45
236,31,0,27
236,36,0,18
236,38,0,45
236,41,0,24
236,42,0,39
236,43,0,31
236,48,0,27
236,49,0,24
236,50,0,44
236,51,0,44
236,52,0,11
236,53,0,25
236,54,0,22
236,55,0,27
236,59,0,47
236,62,0,39
236,64,0,15
236,65,0,30
236,72,0,6
236,73,0,28
236,74,0,3
236,75,0,9
236,76,0,31
236,79,0,49
236,80,0,2
236,81,0,4
236,82,0,2
236,84,0,23
236,86,0,18
236,87,0,47
236,88,0,38
236,89,0,11
236,91,0,4
236,92,0,34
236,93,0,16
236,94,0,31
236,97,0,47
236,99,0,3
236,61,0,49
236,5,0,44
236,66,0,42
236,11,0,32
236,32,0,28
236,1,0,10
237,4,0,25
237,7,0,22
237,8,0,3
237,12,0,26
237,14,0,20
237,17,0,19
237,19,0,27
237,20,0,40
237,22,0,10
237,26,0,3
237,28,0,11
237,30,0,45
237,31,0,27
237,36,0,18
237,38,0,45
237,41,0,24
237,42,0,39
237,43,0,31
237,48,0,27
237,49,0,24
237,50,0,44
237,51,0,44
237,52,0,11
237,53,0,25
237,54,0,22
237,55,0,27
237,59,0,47
237,62,0,39
237,64,0,15
237,65,0,30
237,72,0,6
237,73,0,28
237,74,0,3
237,75,0,9
237,76,0,31
237,79,0,49
237,80,0,2
237,81,0,4
237,82,0,2
237,84,0,23
237,86,0,18
237,87,0,47
237,88,0,38
237,89,0,11
237,91,0,4
237,92,0,34
237,93,0,16
237,94,0,31
237,97,0,47
237,99,0,3
237,61,0,49
237,5,0,44
237,66,0,42
237,11,0,32
237,32,0,28
237,1,0,10
238,4,0,25
238,7,0,22
238,8,0,3
238,12,0,26
238,14,0,20
238,17,0,19
238,19,0,27
238,20,0,40
238,22,0,10
238,26,0,3
238,28,0,11
238,30,0,45
238,31,0,27
238,36,0,18
238,38,0,45
238,41,0,24
238,42,0,39
238,43,0,31
238,48,0,27
238,49,0,24
238,50,0,44
238,51,0,44
238,52,0,11
238,53,0,25
238,54,0,22
238,55,0,27
238,59,0,47
238,62,0,39
238,64,0,15
238,65,0,30
238,72,0,6
238,73,0,28
238,74,0,3
238,75,0,9
238,76,0,31
238,79,0,49
238,80,0,2
238,81,0,4
238,82,0,2
238,84,0,23
238,86,0,18
238,87,0,47
238,88,0,38
238,89,0,11
238,91,0,4
238,92,0,34
238,93,0,16
238,94,0,31
238,97,0,47
238,99,0,3
238,61,0,49
238,5,0,44
238,66,0,42
238,11,0,32
238,32,0,28
238,1,0,10
239,4,0,25
239,7,0,22
239,8,0,3
239,12,0,26
239,14,0,20
239,17,0,19
239,19,0,27
239,20,0,40
239,22,0,10
239,26,0,3
239,28,0,11
239,30,0,45
239,31,0,27
239,36,0,18
239,38,0,45
239,41,0,24
239,42,0,39
239,43,0,31
239,48,0,27
239,49,0,24
239,50,0,44
239,51,0,44
239,52,0,11
239,53,0,25
239,54,0,22
239,55,0,27
239,59,0,47
239,62,0,39
239,64,0,15
239,65,0,30
239,72,0,6
239,73,0,28
239,74,0,3
239,75,0,9
239,76,0,31
239,79,0,49
239,80,0,2
239,81,0,4
239,82,0,2
239,84,0,23
239,86,0,18
239,87,0,47
239,88,0,38
239,89,0,11
239,91,0,4
239,92,0,34
239,93,0,16
239,94,0,31
239,97,0,47
239,99,0,3
239,61,0,49
239,5,0,44
239,66,0,42
239,11,0,32
239,32,0,28
239,1,0,10
240,4,0,25
240,7,0,22
240,8,0,3
240,12,0,26
240,14,0,20
240,17,0,19
240,19,0,27
240,20,0,40
240,22,0,10
240,26,0,3
240,28,0,11
240,30,0,45
240,31,0,27
240,36,0,18
240,38,0,45
240,41,0,24
240,42,0,39
240,43,0,31
240,48,0,27
240,49,0,24
240,50,0,44
240,51,0,44
240,52,0,11
240,53,0,25
240,54,0,22
240,55,0,27
240,59,0,47
240,62,0,39
240,64,0,15
240,65,0,30
240,72,0,6
240,73,0,28
240,74,0,3
240,75,0,9
240,76,0,31
240,79,0,49
240,80,0,2
240,81,0,4
240,82,0,2
240,84,0,23
240,86,0,18
240,87,0,47
240,88,0,38
240,89,0,11
240,91,0,4
240,92,0,34
240,93,0,16
240,94,0,31
240,97,0,47
240,99,0,3
240,61,0,49
240,5,0,44
240,66,0,42
240,11,0,32
240,32,0,28
240,1,0,10
241,4,0,25
241,7,0,22
241,8,0,3
241,12,0,26
241,14,0,20
241,17,0,19
241,19,0,27
241,20,0,40
241,22,0,10
241,26,0,3
241,28,0,11
241,30,0,45
241,31,0,27
241,36,0,18
241,38,0,45
241,41,0,24
241,42,0,39
241,43,0,31
241,48,0,27
241,49,0,24
241,50,0,44
241,51,0,44
241,52,0,11
241,53,0,25
241,54,0,22
241,55,0,27
241,59,0,47
241,62,0,39
241,64,0,15
241,65,0,30
241,72,0,6
241,73,0,28
241,74,0,3
241,75,0,9
241,76,0,31
241,79,0,49
241,80,0,2
241,81,0,4
241,82,0,2
241,84,0,23
241,86,0,18
241,87,0,47
241,88,0,38
241,89,0,11
241,91,0,4
241,92,0,34
241,93,0,16
241,94,0,31
241,97,0,47
241,99,0,3
241,61,0,49
241,5,0,44
241,66,0,42
241,11,0,32
241,32,0,28
241,1,0,10
242,4,0,25
242,7,0,22
242,8,0,3
242,12,0,26
242,14,0,20
242,17,0,19
242,19,0,27
242,20,0,40
242,22,0,10
242,26,0,3
242,28,0,11
242,30,0,45
242,31,0,27
242,36,0,18
242,38,0,45
242,41,0,24
242,42,0,39
242,43,0,31
242,48,0,27
242,49,0,24
242,50,0,44
242,51,0,44
242,52,0,11
242,53,0,25
242,54,0,22
242,55,0,27
242,59,0,47
242,62,0,39
242,64,0,15
242,65,0,30
242,72,0,6
242,73,0,28
242,74,0,3
242,75,0,9
242,76,0,31
242,79,0,49
242,80,0,2
242,81,0,4
242,82,0,2
242,84,0,23
242,86,0,18
242,87,0,47
242,88,0,38
242,89,0,11
242,91,0,4
242,92,0,34
242,93,0,16
242,94,0,31
242,97,0,47
242,99,0,3
242,61,0,49
242,5,0,44
242,66,0,42
242,11,0,32
242,32,0,28
242,1,0,10
243,4,0,25
243,7,0,22
243,8,0,3
243,12,0,26
243,14,0,20
243,17,0,19
243,19,0,27
243,20,0,40
243,22,0,10
243,26,0,3
243,28,0,11
243,30,0,45
243,31,0,27
243,36,0,18
243,38,0,45
243,41,0,24
243,42,0,39
243,43,0,31
243,48,0,27
243,49,0,24
243,50,0,44
243,51,0,44
243,52,0,11
243,53,0,25
243,54,0,22
243,55,0,27
243,59,0,47
243,62,0,39
243,64,0,15
243,65,0,30
243,72,0,6
243,73,0,28
243,74,0,3
243,75,0,9
243,76,0,31
243,79,0,49
243,80,0,2
243,81,0,4
243,82,0,2
243,84,0,23
243,86,0,18
243,87,0,47
243,88,0,38
243,89,0,11
243,91,0,4
243,92,0,34
243,93,0,16
243,94,0,31
243,97,0,47
243,99,0,3
243,61,0,49
243,5,0,44
243,66,0,42
243,11,0,32
243,32,0,28
243,1,0,10
244,4,0,25
244,7,0,22
244,8,0,3
244,12,0,26
244,14,0,20
244,17,0,19
244,19,0,27
244,20,0,40
244,22,0,10
244,26,0,3
244,28,0,11
244,30,0,45
244,31,0,27
244,36,0,18
244,38,0,45
244,41,0,24
244,42,0,39
244,43,0,31
244,48,0,27
244,49,0,24
244,50,0,44
244,51,0,44
244,52,0,11
244,53,0,25
244,54,0,22
244,55,0,27
244,59,0,47
244,62,0,39
244,64,0,15
244,65,0,30
244,72,0,6
244,73,0,28
244,74,0,3
244,75,0,9
244,76,0,31
244,79,0,49
244,80,0,2
244,81,0,4
244,82,0,2
244,84,0,23
244,86,0,18
244,87,0,47
244,88,0,38
244,89,0,11
244,91,0,4
244,92,0,34
244,93,0,16
244,94,0,31
244,97,0,47
244,99,0,3
244,61,0,49
244,5,0,44
244,66,0,42
244,11,0,32
244,32,0,28
244,1,0,10
245,4,0,25
245,7,0,22
245,8,0,3
245,12,0,26
245,14,0,20
245,17,0,19
245,19,0,27
245,20,0,40
245,22,0,10
245,26,0,3
245,28,0,11
245,30,0,45
245,31,0,27
245,36,0,18
245,38,0,45
245,41,0,24
245,42,0,39
245,43,0,31
245,48,0,27
245,49,0,24
245,50,0,44
245,51,0,44
245,52,0,11
245,53,0,25
245,54,0,22
245,55,0,27
245,59,0,47
245,62,0,39
245,64,0,15
245,65,0,30
245,72,0,6
245,73,0,28
245,74,0,3
245,75,0,9
245,76,0,31
245,79,0,49
245,80,0,2
245,81,0,4
245,82,0,2
245,84,0,23
245,86,0,18
245,87,0,47
245,88,0,38
245,89,0,11
245,91,0,4
245,92,0,34
245,93,0,16
245,94,0,31
245,97,0,47
245,99,0,3
245,61,0,49
245,5,0,44
245,66,0,42
245,11,0,32
245,32,0,28
245,1,0,10
246,4,0,25
246,7,0,22
246,8,0,3
246,12,0,26
246,14,0,20
246,17,0,19
246,19,0,27
246,20,0,40
246,22,0,10
246,26,0,3
246,28,0,11
246,30,0,45
246,31,0,27
246,36,0,18
246,38,0,45
246,41,0,24
246,42,0,39
246,43,0,31
246,48,0,27
246,49,0,24
246,50,0,44
246,51,0,44
246,52,0,11
246,53,0,25
246,54,0,22
246,55,0,27
246,59,0,47
246,62,0,39
246,64,0,15
246,65,0,30
246,72,0,6
246,73,0,28
246,74,0,3
246,75,0,9
246,76,0,31
246,79,0,49
246,80,0,2
246,81,0,4
246,82,0,2
246,84,0,23
246,86,0,18
246,87,0,47
246,88,0,38
246,89,0,11
246,91,0,4
246,92,0,34
246,93,0,16
246,94,0,31
246,97,0,47
246,99,0,3
246,61,0,49
246,5,0,44
246,66,0,42
246,11,0,32
246,32,0,28
246,1,0,10
247,4,0,25
247,7,0,22
247,8,0,3
247,12,0,26
247,14,0,20
247,17,0,19
247,19,0,27
247,20,0,40
247,22,0,10
247,26,0,3
247,28,0,11
247,30,0,45
247,31,0,27
247,36,0,18
247,38,0,45
247,41,0,24
247,42,0,39
247,43,0,31
247,48,0,27
247,49,0,24
247,50,0,44
247,51,0,44
247,52,0,11
247,53,0,25
247,54,0,22
247,55,0,27
247,59,0,47
247,62,0,39
247,64,0,15
247,65,0,30
247,72,0,6
247,73,0,28
247,74,0,3
247,75,0,9
247,76,0,31
247,79,0,49
247,80,0,2
247,81,0,4
247,82,0,2
247,84,0,23
247,86,0,18
247,87,0,47
247,88,0,38
247,89,0,11
247,91,0,4
247,92,0,34
247,93,0,16
247,94,0,31
247,97,0,47
247,99,0,3
247,61,0,49
247,5,0,44
247,66,0,42
247,11,0,32
247,32,0,28
247,1,0,10
248,4,0,25
248,7,0,22
248,8,0,3
248,12,0,26
248,14,0,20
248,17,0,19
248,19,0,27
248,20,0,40
248,22,0,10
248,26,0,3
248,28,0,11
248,30,0,45
248,31,0,27
248,36,0,18
248,38,0,45
248,41,0,24
248,42,0,39
248,43,0,31
248,48,0,27
248,49,0,24
248,50,0,44
248,51,0,44
248,52,0,11
248,53,0,25
248,54,0,22
248,55,0,27
248,59,0,47
248,62,0,39
248,64,0,15
248,65,0,30
248,72,0,6
248,73,0,28
248,74,0,3
248,75,0,9
248,76,0,31
248,79,0,49
248,80,0,2
248,81,0,4
248,82,0,2
248,84,0,23
248,86,0,18
248,87,0,47
248,88,0,38
248,89,0,11
248,91,0,4
248,92,0,34
248,93,0,16
248,94,0,31
248,97,0,47
248,99,0,3
248,61,0,49
248,5,0,44
248,66,0,42
248,11,0,32
248,32,0,28
248,1,0,10
249,4,0,25
249,7,0,22
249,8,0,3
249,12,0,26
249,14,0,20
249,17,0,19
249,19,0,27
249,20,0,40
249,22,0,10
249,26,0,3
249,28,0,11
249,30,0,45
249,31,0,27
249,36,0,18
249,38,0,45
249,41,0,24
249,42,0,39
249,43,0,31
249,48,0,27
249,49,0,24
249,50,0,44
249,51,0,44
249,52,0,11
249,53,0,25
249,54,0,22
249,55,0,27
249,59,0,47
249,62,0,39
249,64,0,15
249,65,0,30
249,72,0,6
249,73,0,28
249,74,0,3
249,75,0,9
249,76,0,31
249,79,0,49
249,80,0,2
249,81,0,4
249,82,0,2
249,84,0,23
249,86,0,18
249,87,0,47
249,88,0,38
249,89,0,11
249,91,0,4
249,92,0,34
249,93,0,16
249,94,0,31
249,97,0,47
249,99,0,3
249,61,0,49
249,5,0,44
249,66,0,42
249,11,0,32
249,32,0,28
249,1,0,10
250,4,0,25
250,7,0,22
250,8,0,3
250,12,0,26
250,14,0,20
250,17,0,19
250,19,0,27
250,20,0,40
250,22,0,10
250,26,0,3
250,28,0,11
250,30,0,45
250,31,0,27
250,36,0,18
250,38,0,45
250,41,0,24
250,42,0,39
250,43,0,31
250,48,0,27
250,49,0,24
250,50,0,44
250,51,0,44
250,52,0,11
250,53,0,25
250,54,0,22
250,55,0,27
250,59,0,47
250,62,0,39
250,64,0,15
250,65,0,30
250,72,0,6
250,73,0,28
250,74,0,3
250,75,0,9
250,76,0,31
250,79,0,49
250,80,0,2
250,81,0,4
250,82,0,2
250,84,0,23
250,86,0,18
250,87,0,47
250,88,0,38
250,89,0,11
250,91,0,4
250,92,0,34
250,93,0,16
250,94,0,31
250,97,0,47
250,99,0,3
250,61,0,49
250,5,0,44
250,66,0,42
250,11,0,32
250,32,0,28
250,1,0,10
251,4,0,25
251,7,0,22
251,8,0,3
251,12,0,26
251,14,0,20
251,17,0,19
251,19,0,27
251,20,0,40
251,22,0,10
251,26,0,3
251,28,0,11
251,30,0,45
251,31,0,27
251,36,0,18
251,38,0,45
251,41,0,24
251,42,0,39
251,43,0,31
251,48,0,27
251,49,0,24
251,50,0,44
251,51,0,44
251,52,0,11
251,53,0,25
251,54,0,22
251,55,0,27
251,59,0,47
251,62,0,39
251,64,0,15
251,65,0,30
251,72,0,6
251,73,0,28
251,74,0,3
251,75,0,9
251,76,0,31
251,79,0,49
251,80,0,2
251,81,0,4
251,82,0,2
251,84,0,23
251,86,0,18
251,87,0,47
251,88,0,38
251,89,0,11
251,91,0,4
251,92,0,34
251,93,0,16
251,94,0,31
251,97,0,47
251,99,0,3
251,61,0,49
251,5,0,44
251,66,0,42
251,11,0,32
251,32,0,28
251,1,0,10
252,4,0,25
252,7,0,22
252,8,0,3
252,12,0,26
252,14,0,20
252,17,0,19
252,19,0,27
252,20,0,40
252,22,0,10
252,26,0,3
252,28,0,11
252,30,0,45
252,31,0,27
252,36,0,18
252,38,0,45
252,41,0,24
252,42,0,39
252,43,0,31
252,48,0,27
252,49,0,24
252,50,0,44
252,51,0,44
252,52,0,11
252,53,0,25
252,54,0,22
252,55,0,27
252,59,0,47
252,62,0,39
252,64,0,15
252,65,0,30
252,72,0,6
252,73,0,28
252,74,0,3
252,75,0,9
252,76,0,31
252,79,0,49
252,80,0,2
252,81,0,4
252,82,0,2
252,84,0,23
252,86,0,18
252,87,0,47
252,88,0,38
252,89,0,11
252,91,0,4
252,92,0,34
252,93,0,16
252,94,0,31
252,97,0,47
252,99,0,3
252,61,0,49
252,5,0,44
252,66,0,42
252,11,0,32
252,32,0,28
252,1,0,10
253,4,0,25
253,7,0,22
253,8,0,3
253,12,0,26
253,14,0,20
253,17,0,19
253,19,0,27
253,20,0,40
253,22,0,10
253,26,0,3
253,28,0,11
253,30,0,45
253,31,0,27
253,36,0,18
253,38,0,45
253,41,0,24
253,42,0,39
253,43,0,31
253,48,0,27
253,49,0,24
253,50,0,44
253,51,0,44
253,52,0,11
253,53,0,25
253,54,0,22
253,55,0,27
253,59,0,47
253,62,0,39
253,64,0,15
253,65,0,30
253,72,0,6
253,73,0,28
253,74,0,3
253,75,0,9
253,76,0,31
253,79,0,49
253,80,0,2
253,81,0,4
253,82,0,2
253,84,0,23
253,86,0,18
253,87,0,47
253,88,0,38
253,89,0,11
253,91,0,4
253,92,0,34
253,93,0,16
253,94,0,31
253,97,0,47
253,99,0,3
253,61,0,49
253,5,0,44
253,66,0,42
253,11,0,32
253,32,0,28
253,1,0,10
254,4,0,25
254,7,0,22
254,8,0,3
254,12,0,26
254,14,0,20
254,17,0,19
254,19,0,27
254,20,0,40
254,22,0,10
254,26,0,3
254,28,0,11
254,30,0,45
254,31,0,27
254,36,0,18
254,38,0,45
254,41,0,24
254,42,0,39
254,43,0,31
254,48,0,27
254,49,0,24
254,50,0,44
254,51,0,44
254,52,0,11
254,53,0,25
254,54,0,22
254,55,0,27
254,59,0,47
254,62,0,39
254,64,0,15
254,65,0,30
254,72,0,6
254,73,0,28
254,74,0,3
254,75,0,9
254,76,0,31
254,79,0,49
254,80,0,2
254,81,0,4
254,82,0,2
254,84,0,23
254,86,0,18
254,87,0,47
254,88,0,38
254,89,0,11
254,91,0,4
254,92,0,34
254,93,0,16
254,94,0,31
254,97,0,47
254,99,0,3
254,61,0,49
254,5,0,44
254,66,0,42
254,11,0,32
254,32,0,28
254,1,0,10
255,4,0,25
255,7,0,22
255,8,0,3
255,12,0,26
255,14,0,20
255,17,0,19
255,19,0,27
255,20,0,40
255,22,0,10
255,26,0,3
255,28,0,11
255,30,0,45
255,31,0,27
255,36,0,18
255,38,0,45
255,41,0,24
255,42,0,39
255,43,0,31
255,48,0,27
255,49,0,24
255,50,0,44
255,51,0,44
255,52,0,11
255,53,0,25
255,54,0,22
255,55,0,27
255,59,0,47
255,62,0,39
255,64,0,15
255,65,0,30
255,72,0,6
255,73,0,28
255,74,0,3
255,75,0,9
255,76,0,31
255,79,0,49
255,80,0,2
255,81,0,4
255,82,0,2
255,84,0,23
255,86,0,18
255,87,0,47
255,88,0,38
255,89,0,11
255,91,0,4
255,92,0,34
255,93,0,16
255,94,0,31
255,97,0,47
255,99,0,3
255,61,0,49
255,5,0,44
255,66,0,42
255,11,0,32
255,32,0,28
255,1,0,10
256,4,0,25
256,7,0,22
256,8,0,3
256,12,0,26
256,14,0,20
256,17,0,19
256,19,0,27
256,20,0,40
256,22,0,10
256,26,0,3
256,28,0,11
256,30,0,45
256,31,0,27
256,36,0,18
256,38,0,45
256,41,0,24
256,42,0,39
256,43,0,31
256,48,0,27
256,49,0,24
256,50,0,44
256,51,0,44
256,52,0,11
256,53,0,25
256,54,0,22
256,55,0,27
256,59,0,47
256,62,0,39
256,64,0,15
256,65,0,30
256,72,0,6
256,73,0,28
256,74,0,3
256,75,0,9
256,76,0,31
256,79,0,49
256,80,0,2
256,81,0,4
256,82,0,2
256,84,0,23
256,86,0,18
256,87,0,47
256,88,0,38
256,89,0,11
256,91,0,4
256,92,0,34
256,93,0,16
256,94,0,31
256,97,0,47
256,99,0,3
256,61,0,49
256,5,0,44
256,66,0,42
256,11,0,32
256,32,0,28
256,1,0,10
257,4,0,25
257,7,0,22
257,8,0,3
257,12,0,26
257,14,0,20
257,17,0,19
257,19,0,27
257,20,0,40
257,22,0,10
257,26,0,3
257,28,0,11
257,30,0,45
257,31,0,27
257,36,0,18
257,38,0,45
257,41,0,24
257,42,0,39
257,43,0,31
257,48,0,27
257,49,0,24
257,50,0,44
257,51,0,44
257,52,0,11
257,53,0,25
257,54,0,22
257,55,0,27
257,59,0,47
257,62,0,39
257,64,0,15
257,65,0,30
257,72,0,6
257,73,0,28
257,74,0,3
257,75,0,9
257,76,0,31
257,79,0,49
257,80,0,2
257,81,0,4
257,82,0,2
257,84,0,23
257,86,0,18
257,87,0,47
257,88,0,38
257,89,0,11
257,91,0,4
257,92,0,34
257,93,0,16
257,94,0,31
257,97,0,47
257,99,0,3
257,61,0,49
257,5,0,44
257,66,0,42
257,11,0,32
257,32,0,28
257,1,0,10
258,4,0,25
258,7,0,22
258,8,0,3
258,12,0,26
258,14,0,20
258,17,0,19
258,19,0,27
258,20,0,40
258,22,0,10
258,26,0,3
258,28,0,11
258,30,0,45
258,31,0,27
258,36,0,18
258,38,0,45
258,41,0,24
258,42,0,39
258,43,0,31
258,48,0,27
258,49,0,24
258,50,0,44
258,51,0,44
258,52,0,11
258,53,0,25
258,54,0,22
258,55,0,27
258,59,0,47
258,62,0,39
258,64,0,15
258,65,0,30
258,72,0,6
258,73,0,28
258,74,0,3
258,75,0,9
258,76,0,31
258,79,0,49
258,80,0,2
258,81,0,4
258,82,0,2
258,84,0,23
258,86,0,18
258,87,0,47
258,88,0,38
258,89,0,11
258,91,0,4
258,92,0,34
258,93,0,16
258,94,0,31
258,97,0,47
258,99,0,3
258,61,0,49
258,5,0,44
258,66,0,42
258,11,0,32
258,32,0,28
258,1,0,10
259,4,0,25
259,7,0,22
259,8,0,3
259,12,0,26
259,14,0,20
259,17,0,19
259,19,0,27
259,20,0,40
259,22,0,10
259,26,0,3
259,28,0,11
259,30,0,45
259,31,0,27
259,36,0,18
259,38,0,45
259,41,0,24
259,42,0,39
259,43,0,31
259,48,0,27
259,49,0,24
259,50,0,44
259,51,0,44
259,52,0,11
259,53,0,25
259,54,0,22
259,55,0,27
259,59,0,47
259,62,0,39
259,64,0,15
259,65,0,30
259,72,0,6
259,73,0,28
259,74,0,3
259,75,0,9
259,76,0,31
259,79,0,49
259,80,0,2
259,81,0,4
259,82,0,2
259,84,0,23
259,86,0,18
259,87,0,47
259,88,0,38
259,89,0,11
259,91,0,4
259,92,0,34
259,93,0,16
259,94,0,31
259,97,0,47
259,99,0,3
259,61,0,49
259,5,0,44
259,66,0,42
259,11,0,32
259,32,0,28
259,1,0,10
260,4,0,25
260,7,0,22
260,8,0,3
260,12,0,26
260,14,0,20
260,17,0,19
260,19,0,27
260,20,0,40
260,22,0,10
260,26,0,3
260,28,0,11
260,30,0,45
260,31,0,27
260,36,0,18
260,38,0,45
260,41,0,24
260,42,0,39
260,43,0,31
260,48,0,27
260,49,0,24
260,50,0,44
260,51,0,44
260,52,0,11
260,53,0,25
260,54,0,22
260,55,0,27
260,59,0,47
260,62,0,39
260,64,0,15
260,65,0,30
260,72,0,6
260,73,0,28
260,74,0,3
260,75,0,9
260,76,0,31
260,79,0,49
260,80,0,2
260,81,0,4
260,82,0,2
260,84,0,23
260,86,0,18
260,87,0,47
260,88,0,38
260,89,0,11
260,91,0,4
260,92,0,34
260,93,0,16
260,94,0,31
260,97,0,47
260,99,0,3
260,61,0,49
260,5,0,44
260,66,0,42
260,11,0,32
260,32,0,28
260,1,0,10
261,4,0,25
261,7,0,22
261,8,0,3
261,12,0,26
261,14,0,20
261,17,0,19
261,19,0,27
261,20,0,40
261,22,0,10
261,26,0,3
261,28,0,11
261,30,0,45
261,31,0,27
261,36,0,18
261,38,0,45
261,41,0,24
261,42,0,39
261,43,0,31
261,48,0,27
261,49,0,24
261,50,0,44
261,51,0,44
261,52,0,11
261,53,0,25
261,54,0,22
261,55,0,27
261,59,0,47
261,62,0,39
261,64,0,15
261,65,0,30
261,72,0,6
261,73,0,28
261,74,0,3
261,75,0,9
261,76,0,31
261,79,0,49
261,80,0,2
261,81,0,4
261,82,0,2
261,84,0,23
261,86,0,18
261,87,0,47
261,88,0,38
261,89,0,11
261,91,0,4
261,92,0,34
261,93,0,16
261,94,0,31
261,97,0,47
261,99,0,3
261,61,0,49
261,5,0,44
261,66,0,42
261,11,0,32
261,32,0,28
261,1,0,10
262,4,0,25
262,7,0,22
262,8,0,3
262,12,0,26
262,14,0,20
262,17,0,19
262,19,0,27
262,20,0,40
262,22,0,10
262,26,0,3
262,28,0,11
262,30,0,45
262,31,0,27
262,36,0,18
262,38,0,45
262,41,0,24
262,42,0,39
262,43,0,31
262,48,0,27
262,49,0,24
262,50,0,44
262,51,0,44
262,52,0,11
262,53,0,25
262,54,0,22
262,55,0,27
262,59,0,47
262,62,0,39
262,64,0,15
262,65,0,30
262,72,0,6
262,73,0,28
262,74,0,3
262,75,0,9
262,76,0,31
262,79,0,49
262,80,0,2
262,81,0,4
262,82,0,2
262,84,0,23
262,86,0,18
262,87,0,47
262,88,0,38
262,89,0,11
262,91,0,4
262,92,0,34
262,93,0,16
262,94,0,31
262,97,0,47
262,99,0,3
262,61,0,49
262,5,0,44
262,66,0,42
262,11,0,32
262,32,0,28
262,1,0,10
263,4,0,25
263,7,0,22
263,8,0,3
263,12,0,26
263,14,0,20
263,17,0,19
263,19,0,27
263,20,0,40
263,22,0,10
263,26,0,3
263,28,0,11
263,30,0,45
263,31,0,27
263,36,0,18
263,38,0,45
263,41,0,24
263,42,0,39
263,43,0,31
263,48,0,27
263,49,0,24
263,50,0,44
263,51,0,44
263,52,0,11
263,53,0,25
263,54,0,22
263,55,0,27
263,59,0,47
263,62,0,39
263,64,0,15
263,65,0,30
263,72,0,6
263,73,0,28
263,74,0,3
263,75,0,9
263,76,0,31
263,79,0,49
263,80,0,2
263,81,0,4
263,82,0,2
263,84,0,23
263,86,0,18
263,87,0,47
263,88,0,38
263,89,0,11
263,91,0,4
263,92,0,34
263,93,0,16
263,94,0,31
263,97,0,47
263,99,0,3
263,61,0,49
263,5,0,44
263,66,0,42
263,11,0,32
263,32,0,28
263,1,0,10
264,4,0,25
264,7,0,22
264,8,0,3
264,12,0,26
264,14,0,20
264,17,0,19
264,19,0,27
264,20,0,40
264,22,0,10
264,26,0,3
264,28,0,11
264,30,0,45
264,31,0,27
264,36,0,18
264,38,0,45
264,41,0,24
264,42,0,39
264,43,0,31
264,48,0,27
264,49,0,24
264,50,0,44
264,51,0,44
264,52,0,11
264,53,0,25
264,54,0,22
264,55,0,27
264,59,0,47
264,62,0,39
264,64,0,15
264,65,0,30
264,72,0,6
264,73,0,28
264,74,0,3
264,75,0,9
264,76,0,31
264,79,0,49
264,80,0,2
264,81,0,4
264,82,0,2
264,84,0,23
264,86,0,18
264,87,0,47
264,88,0,38
264,89,0,11
264,91,0,4
264,92,0,34
264,93,0,16
264,94,0,31
264,97,0,47
264,99,0,3
264,61,0,49
264,5,0,44
264,66,0,42
264,11,0,32
264,32,0,28
264,1,0,10
265,4,0,25
265,7,0,22
265,8,0,3
265,12,0,26
265,14,0,20
265,17,0,19
265,19,0,27
265,20,0,40
265,22,0,10
265,26,0,3
265,28,0,11
265,30,0,45
265,31,0,27
265,36,0,18
265,38,0,45
265,41,0,24
265,42,0,39
265,43,0,31
265,48,0,27
265,49,0,24
265,50,0,44
265,51,0,44
265,52,0,11
265,53,0,25
265,54,0,22
265,55,0,27
265,59,0,47
265,62,0,39
265,64,0,15
265,65,0,30
265,72,0,6
265,73,0,28
265,74,0,3
265,75,0,9
265,76,0,31
265,79,0,49
265,80,0,2
265,81,0,4
265,82,0,2
265,84,0,23
265,86,0,18
265,87,0,47
265,88,0,38
265,89,0,11
265,91,0,4
265,92,0,34
265,93,0,16
265,94,0,31
265,97,0,47
265,99,0,3
265,61,0,49
265,5,0,44
265,66,0,42
265,11,0,32
265,32,0,28
265,1,0,10
266,4,0,25
266,7,0,22
266,8,0,3
266,12,0,26
266,14,0,20
266,17,0,19
266,19,0,27
266,20,0,40
266,22,0,10
266,26,0,3
266,28,0,11
266,30,0,45
266,31,0,27
266,36,0,18
266,38,0,45
266,41,0,24
266,42,0,39
266,43,0,31
266,48,0,27
266,49,0,24
266,50,0,44
266,51,0,44
266,52,0,11
266,53,0,25
266,54,0,22
266,55,0,27
266,59,0,47
266,62,0,39
266,64,0,15
266,65,0,30
266,72,0,6
266,73,0,28
266,74,0,3
266,75,0,9
266,76,0,31
266,79,0,49
266,80,0,2
266,81,0,4
266,82,0,2
266,84,0,23
266,86,0,18
266,87,0,47
266,88,0,38
266,89,0,11
266,91,0,4
266,92,0,34
266,93,0,16
266,94,0,31
266,97,0,47
266,99,0,3
266,61,0,49
266,5,0,44
266,66,0,42
266,11,0,32
266,32,0,28
266,1,0,10
267,4,0,25
267,7,0,22
267,8,0,3
267,12,0,26
267,14,0,20
267,17,0,19
267,19,0,27
267,20,0,40
267,22,0,10
267,26,0,3
267,28,0,11
267,30,0,45
267,31,0,27
267,36,0,18
267,38,0,45
267,41,0,24
267,42,0,39
267,43,0,31
267,48,0,27
267,49,0,24
267,50,0,44
267,51,0,44
267,52,0,11
267,53,0,25
267,54,0,22
267,55,0,27
267,59,0,47
267,62,0,39
267,64,0,15
267,65,0,30
267,72,0,6
267,73,0,28
267,74,0,3
267,75,0,9
267,76,0,31
267,79,0,49
267,80,0,2
267,81,0,4
267,82,0,2
267,84,0,23
267,86,0,18
267,87,0,47
267,88,0,38
267,89,0,11
267,91,0,4
267,92,0,34
267,93,0,16
267,94,0,31
267,97,0,47
267,99,0,3
267,61,0,49
267,5,0,44
267,66,0,42
267,11,0,32
267,32,0,28
267,1,0,10
268,4,0,25
268,7,0,22
268,8,0,3
268,12,0,26
268,14,0,20
268,17,0,19
268,19,0,27
268,20,0,40
268,22,0,10
268,26,0,3
268,28,0,11
268,30,0,45
268,31,0,27
268,36,0,18
268,38,0,45
268,41,0,24
268,42,0,39
268,43,0,31
268,48,0,27
268,49,0,24
268,50,0,44
268,51,0,44
268,52,0,11
268,53,0,25
268,54,0,22
268,55,0,27
268,59,0,47
268,62,0,39
268,64,0,15
268,65,0,30
268,72,0,6
268,73,0,28
268,74,0,3
268,75,0,9
268,76,0,31
268,79,0,49
268,80,0,2
268,81,0,4
268,82,0,2
268,84,0,23
268,86,0,18
268,87,0,47
268,88,0,38
268,89,0,11
268,91,0,4
268,92,0,34
268,93,0,16
268,94,0,31
268,97,0,47
268,99,0,3
268,61,0,49
268,5,0,44
268,66,0,42
268,11,0,32
268,32,0,28
268,1,0,10
269,4,0,25
269,7,0,22
269,8,0,3
269,12,0,26
269,14,0,20
269,17,0,19
269,19,0,27
269,20,0,40
269,22,0,10
269,26,0,3
269,28,0,11
269,30,0,45
269,31,0,27
269,36,0,18
269,38,0,45
269,41,0,24
269,42,0,39
269,43,0,31
269,48,0,27
269,49,0,24
269,50,0,44
269,51,0,44
269,52,0,11
269,53,0,25
269,54,0,22
269,55,0,27
269,59,0,47
269,62,0,39
269,64,0,15
269,65,0,30
269,72,0,6
269,73,0,28
269,74,0,3
269,75,0,9
269,76,0,31
269,79,0,49
269,80,0,2
269,81,0,4
269,82,0,2
269,84,0,23
269,86,0,18
269,87,0,47
269,88,0,38
269,89,0,11
269,91,0,4
269,92,0,34
269,93,0,16
269,94,0,31
269,97,0,47
269,99,0,3
269,61,0,49
269,5,0,44
269,66,0,42
269,11,0,32
269,32,0,28
269,1,0,10
270,4,0,25
270,7,0,22
270,8,0,3
270,12,0,26
270,14,0,20
270,17,0,19
270,19,0,27
270,20,0,40
270,22,0,10
270,26,0,3
270,28,0,11
270,30,0,45
270,31,0,27
270,36,0,18
270,38,0,45
270,41,0,24
270,42,0,39
270,43,0,31
270,48,0,27
270,49,0,24
270,50,0,44
270,51,0,44
270,52,0,11
270,53,0,25
270,54,0,22
270,55,0,27
270,59,0,47
270,62,0,39
270,64,0,15
270,65,0,30
270,72,0,6
270,73,0,28
270,74,0,3
270,75,0,9
270,76,0,31
270,79,0,49
270,80,0,2
270,81,0,4
270,82,0,2
270,84,0,23
270,86,0,18
270,87,0,47
270,88,0,38
270,89,0,11
270,91,0,4
270,92,0,34
270,93,0,16
270,94,0,31
270,97,0,47
270,99,0,3
270,61,0,49
270,5,0,44
270,66,0,42
270,11,0,32
270,32,0,28
270,1,0,10
271,4,0,25
271,7,0,22
271,8,0,3
271,12,0,26
271,14,0,20
271,17,0,19
271,19,0,27
271,20,0,40
271,22,0,10
271,26,0,3
271,28,0,11
271,30,0,45
271,31,0,27
271,36,0,18
271,38,0,45
271,41,0,24
271,42,0,39
271,43,0,31
271,48,0,27
271,49,0,24
271,50,0,44
271,51,0,44
271,52,0,11
271,53,0,25
271,54,0,22
271,55,0,27
271,59,0,47
271,62,0,39
271,64,0,15
271,65,0,30
271,72,0,6
271,73,0,28
271,74,0,3
271,75,0,9
271,76,0,31
271,79,0,49
271,80,0,2
271,81,0,4
271,82,0,2
271,84,0,23
271,86,0,18
271,87,0,47
271,88,0,38
271,89,0,11
271,91,0,4
271,92,0,34
271,93,0,16
271,94,0,31
271,97,0,47
271,99,0,3
271,61,0,49
271,5,0,44
271,66,0,42
271,11,0,32
271,32,0,28
271,1,0,10
272,4,0,25
272,7,0,22
272,8,0,3
272,12,0,26
272,14,0,20
272,17,0,19
272,19,0,27
272,20,0,40
272,22,0,10
272,26,0,3
272,28,0,11
272,30,0,45
272,31,0,27
272,36,0,18
272,38,0,45
272,41,0,24
272,42,0,39
272,43,0,31
272,48,0,27
272,49,0,24
272,50,0,44
272,51,0,44
272,52,0,11
272,53,0,25
272,54,0,22
272,55,0,27
272,59,0,47
272,62,0,39
272,64,0,15
272,65,0,30
272,72,0,6
272,73,0,28
272,74,0,3
272,75,0,9
272,76,0,31
272,79,0,49
272,80,0,2
272,81,0,4
272,82,0,2
272,84,0,23
272,86,0,18
272,87,0,47
272,88,0,38
272,89,0,11
272,91,0,4
272,92,0,34
272,93,0,16
272,94,0,31
272,97,0,47
272,99,0,3
272,61,0,49
272,5,0,44
272,66,0,42
272,11,0,32
272,32,0,28
272,1,0,10
273,4,0,25
273,7,0,22
273,8,0,3
273,12,0,26
273,14,0,20
273,17,0,19
273,19,0,27
273,20,0,40
273,22,0,10
273,26,0,3
273,28,0,11
273,30,0,45
273,31,0,27
273,36,0,18
273,38,0,45
273,41,0,24
273,42,0,39
273,43,0,31
273,48,0,27
273,49,0,24
273,50,0,44
273,51,0,44
273,52,0,11
273,53,0,25
273,54,0,22
273,55,0,27
273,59,0,47
273,62,0,39
273,64,0,15
273,65,0,30
273,72,0,6
273,73,0,28
273,74,0,3
273,75,0,9
273,76,0,31
273,79,0,49
273,80,0,2
273,81,0,4
273,82,0,2
273,84,0,23
273,86,0,18
273,87,0,47
273,88,0,38
273,89,0,11
273,91,0,4
273,92,0,34
273,93,0,16
273,94,0,31
273,97,0,47
273,99,0,3
273,61,0,49
273,5,0,44
273,66,0,42
273,11,0,32
273,32,0,28
273,1,0,10
274,4,0,25
274,7,0,22
274,8,0,3
274,12,0,26
274,14,0,20
274,17,0,19
274,19,0,27
274,20,0,40
274,22,0,10
274,26,0,3
274,28,0,11
274,30,0,45
274,31,0,27
274,36,0,18
274,38,0,45
274,41,0,24
274,42,0,39
274,43,0,31
274,48,0,27
274,49,0,24
274,50,0,44
274,51,0,44
274,52,0,11
274,53,0,25
274,54,0,22
274,55,0,27
274,59,0,47
274,62,0,39
274,64,0,15
274,65,0,30
274,72,0,6
274,73,0,28
274,74,0,3
274,75,0,9
274,76,0,31
274,79,0,49
274,80,0,2
274,81,0,4
274,82,0,2
274,84,0,23
274,86,0,18
274,87,0,47
274,88,0,38
274,89,0,11
274,91,0,4
274,92,0,34
274,93,0,16
274,94,0,31
274,97,0,47
274,99,0,3
274,61,0,49
274,5,0,44
274,66,0,42
274,11,0,32
274,32,0,28
274,1,0,10
275,4,0,25
275,7,0,22
275,8,0,3
275,12,0,26
275,14,0,20
275,17,0,19
275,19,0,27
275,20,0,40
275,22,0,10
275,26,0,3
275,28,0,11
275,30,0,45
275,31,0,27
275,36,0,18
275,38,0,45
275,41,0,24
275,42,0,39
275,43,0,31
275,48,0,27
275,49,0,24
275,50,0,44
275,51,0,44
275,52,0,11
275,53,0,25
275,54,0,22
275,55,0,27
275,59,0,47
275,62,0,39
275,64,0,15
275,65,0,30
275,72,0,6
275,73,0,28
275,74,0,3
275,75,0,9
275,76,0,31
275,79,0,49
275,80,0,2
275,81,0,4
275,82,0,2
275,84,0,23
275,86,0,18
275,87,0,47
275,88,0,38
275,89,0,11
275,91,0,4
275,92,0,34
275,93,0,16
275,94,0,31
275,97,0,47
275,99,0,3
275,61,0,49
275,5,0,44
275,66,0,42
275,11,0,32
275,32,0,28
275,1,0,10
276,4,0,25
276,7,0,22
276,8,0,3
276,12,0,26
276,14,0,20
276,17,0,19
276,19,0,27
276,20,0,40
276,22,0,10
276,26,0,3
276,28,0,11
276,30,0,45
276,31,0,27
276,36,0,18
276,38,0,45
276,41,0,24
276,42,0,39
276,43,0,31
276,48,0,27
276,49,0,24
276,50,0,44
276,51,0,44
276,52,0,11
276,53,0,25
276,54,0,22
276,55,0,27
276,59,0,47
276,62,0,39
276,64,0,15
276,65,0,30
276,72,0,6
276,73,0,28
276,74,0,3
276,75,0,9
276,76,0,31
276,79,0,49
276,80,0,2
276,81,0,4
276,82,0,2
276,84,0,23
276,86,0,18
276,87,0,47
276,88,0,38
276,89,0,11
276,91,0,4
276,92,0,34
276,93,0,16
276,94,0,31
276,97,0,47
276,99,0,3
276,61,0,49
276,5,0,44
276,66,0,42
276,11,0,32
276,32,0,28
276,1,0,10
277,4,0,25
277,7,0,22
277,8,0,3
277,12,0,26
277,14,0,20
277,17,0,19
277,19,0,27
277,20,0,40
277,22,0,10
277,26,0,3
277,28,0,11
277,30,0,45
277,31,0,27
277,36,0,18
277,38,0,45
277,41,0,24
277,42,0,39
277,43,0,31
277,48,0,27
277,49,0,24
277,50,0,44
277,51,0,44
277,52,0,11
277,53,0,25
277,54,0,22
277,55,0,27
277,59,0,47
277,62,0,39
277,64,0,15
277,65,0,30
277,72,0,6
277,73,0,28
277,74,0,3
277,75,0,9
277,76,0,31
277,79,0,49
277,80,0,2
277,81,0,4
277,82,0,2
277,84,0,23
277,86,0,18
277,87,0,47
277,88,0,38
277,89,0,11
277,91,0,4
277,92,0,34
277,93,0,16
277,94,0,31
277,97,0,47
277,99,0,3
277,61,0,49
277,5,0,44
277,66,0,42
277,11,0,32
277,32,0,28
277,1,0,10
278,4,0,25
278,7,0,22
278,8,0,3
278,12,0,26
278,14,0,20
278,17,0,19
278,19,0,27
278,20,0,40
278,22,0,10
278,26,0,3
278,28,0,11
278,30,0,45
278,31,0,27
278,36,0,18
278,38,0,45
278,41,0,24
278,42,0,39
278,43,0,31
278,48,0,27
278,49,0,24
278,50,0,44
278,51,0,44
278,52,0,11
278,53,0,25
278,54,0,22
278,55,0,27
278,59,0,47
278,62,0,39
278,64,0,15
278,65,0,30
278,72,0,6
278,73,0,28
278,74,0,3
278,75,0,9
278,76,0,31
278,79,0,49
278,80,0,2
278,81,0,4
278,82,0,2
278,84,0,23
278,86,0,18
278,87,0,47
278,88,0,38
278,89,0,11
278,91,0,4
278,92,0,34
278,93,0,16
278,94,0,31
278,97,0,47
278,99,0,3
278,61,0,49
278,5,0,44
278,66,0,42
278,11,0,32
278,32,0,28
278,1,0,10
279,4,0,25
279,7,0,22
279,8,0,3
279,12,0,26
279,14,0,20
279,17,0,19
279,19,0,27
279,20,0,40
279,22,0,10
279,26,0,3
279,28,0,11
279,30,0,45
279,31,0,27
279,36,0,18
279,38,0,45
279,41,0,24
279,42,0,39
279,43,0,31
279,48,0,27
279,49,0,24
279,50,0,44
279,51,0,44
279,52,0,11
279,53,0,25
279,54,0,22
279,55,0,27
279,59,0,47
279,62,0,39
279,64,0,15
279,65,0,30
279,72,0,6
279,73,0,28
279,74,0,3
279,75,0,9
279,76,0,31
279,79,0,49
279,80,0,2
279,81,0,4
279,82,0,2
279,84,0,23
279,86,0,18
279,87,0,47
279,88,0,38
279,89,0,11
279,91,0,4
279,92,0,34
279,93,0,16
279,94,0,31
279,97,0,47
279,99,0,3
279,61,0,49
279,5,0,44
279,66,0,42
279,11,0,32
279,32,0,28
279,1,0,10
280,4,0,25
280,7,0,22
280,8,0,3
280,12,0,26
280,14,0,20
280,17,0,19
280,19,0,27
280,20,0,40
280,22,0,10
280,26,0,3
280,28,0,11
280,30,0,45
280,31,0,27
280,36,0,18
280,38,0,45
280,41,0,24
280,42,0,39
280,43,0,31
280,48,0,27
280,49,0,24
280,50,0,44
280,51,0,44
280,52,0,11
280,53,0,25
280,54,0,22
280,55,0,27
280,59,0,47
280,62,0,39
280,64,0,15
280,65,0,30
280,72,0,6
280,73,0,28
280,74,0,3
280,75,0,9
280,76,0,31
280,79,0,49
280,80,0,2
280,81,0,4
280,82,0,2
280,84,0,23
280,86,0,18
280,87,0,47
280,88,0,38
280,89,0,11
280,91,0,4
280,92,0,34
280,93,0,16
280,94,0,31
280,97,0,47
280,99,0,3
280,61,0,49
280,5,0,44
280,66,0,42
280,11,0,32
280,32,0,28
280,1,0,10
281,4,0,25
281,7,0,22
281,8,0,3
281,12,0,26
281,14,0,20
281,17,0,19
281,19,0,27
281,20,0,40
281,22,0,10
281,26,0,3
281,28,0,11
281,30,0,45
281,31,0,27
281,36,0,18
281,38,0,45
281,41,0,24
281,42,0,39
281,43,0,31
281,48,0,27
281,49,0,24
281,50,0,44
281,51,0,44
281,52,0,11
281,53,0,25
281,54,0,22
281,55,0,27
281,59,0,47
281,62,0,39
281,64,0,15
281,65,0,30
281,72,0,6
281,73,0,28
281,74,0,3
281,75,0,9
281,76,0,31
281,79,0,49
281,80,0,2
281,81,0,4
281,82,0,2
281,84,0,23
281,86,0,18
281,87,0,47
281,88,0,38
281,89,0,11
281,91,0,4
281,92,0,34
281,93,0,16
281,94,0,31
281,97,0,47
281,99,0,3
281,61,0,49
281,5,0,44
281,66,0,42
281,11,0,32
281,32,0,28
281,1,0,10
282,4,0,25
282,7,0,22
282,8,0,3
282,12,0,26
282,14,0,20
282,17,0,19
282,19,0,27
282,20,0,40
282,22,0,10
282,26,0,3
282,28,0,11
282,30,0,45
282,31,0,27
282,36,0,18
282,38,0,45
282,41,0,24
282,42,0,39
282,43,0,31
282,48,0,27
282,49,0,24
282,50,0,44
282,51,0,44
282,52,0,11
282,53,0,25
282,54,0,22
282,55,0,27
282,59,0,47
282,62,0,39
282,64,0,15
282,65,0,30
282,72,0,6
282,73,0,28
282,74,0,3
282,75,0,9
282,76,0,31
282,79,0,49
282,80,0,2
282,81,0,4
282,82,0,2
282,84,0,23
282,86,0,18
282,87,0,47
282,88,0,38
282,89,0,11
282,91,0,4
282,92,0,34
282,93,0,16
282,94,0,31
282,97,0,47
282,99,0,3
282,61,0,49
282,5,0,44
282,66,0,42
282,11,0,32
282,32,0,28
282,1,0,10
283,4,0,25
283,7,0,22
283,8,0,3
283,12,0,26
283,14,0,20
283,17,0,19
283,19,0,27
283,20,0,40
283,22,0,10
283,26,0,3
283,28,0,11
283,30,0,45
283,31,0,27
283,36,0,18
283,38,0,45
283,41,0,24
283,42,0,39
283,43,0,31
283,48,0,27
283,49,0,24
283,50,0,44
283,51,0,44
283,52,0,11
283,53,0,25
283,54,0,22
283,55,0,27
283,59,0,47
283,62,0,39
283,64,0,15
283,65,0,30
283,72,0,6
283,73,0,28
283,74,0,3
283,75,0,9
283,76,0,31
283,79,0,49
283,80,0,2
283,81,0,4
283,82,0,2
283,84,0,23
283,86,0,18
283,87,0,47
283,88,0,38
283,89,0,11
283,91,0,4
283,92,0,34
283,93,0,16
283,94,0,31
283,97,0,47
283,99,0,3
283,61,0,49
283,5,0,44
283,66,0,42
283,11,0,32
283,32,0,28
283,1,0,10
284,4,0,25
284,7,0,22
284,8,0,3
284,12,0,26
284,14,0,20
284,17,0,19
284,19,0,27
284,20,0,40
284,22,0,10
284,26,0,3
284,28,0,11
284,30,0,45
284,31,0,27
284,36,0,18
284,38,0,45
284,41,0,24
284,42,0,39
284,43,0,31
284,48,0,27
284,49,0,24
284,50,0,44
284,51,0,44
284,52,0,11
284,53,0,25
284,54,0,22
284,55,0,27
284,59,0,47
284,62,0,39
284,64,0,15
284,65,0,30
284,72,0,6
284,73,0,28
284,74,0,3
284,75,0,9
284,76,0,31
284,79,0,49
284,80,0,2
284,81,0,4
284,82,0,2
284,84,0,23
284,86,0,18
284,87,0,47
284,88,0,38
284,89,0,11
284,91,0,4
284,92,0,34
284,93,0,16
284,94,0,31
284,97,0,47
284,99,0,3
284,61,0,49
284,5,0,44
284,66,0,42
284,11,0,32
284,32,0,28
284,1,0,10
285,4,0,25
285,7,0,22
285,8,0,3
285,12,0,26
285,14,0,20
285,17,0,19
285,19,0,27
285,20,0,40
285,22,0,10
285,26,0,3
285,28,0,11
285,30,0,45
285,31,0,27
285,36,0,18
285,38,0,45
285,41,0,24
285,42,0,39
285,43,0,31
285,48,0,27
285,49,0,24
285,50,0,44
285,51,0,44
285,52,0,11
285,53,0,25
285,54,0,22
285,55,0,27
285,59,0,47
285,62,0,39
285,64,0,15
285,65,0,30
285,72,0,6
285,73,0,28
285,74,0,3
285,75,0,9
285,76,0,31
285,79,0,49
285,80,0,2
285,81,0,4
285,82,0,2
285,84,0,23
285,86,0,18
285,87,0,47
285,88,0,38
285,89,0,11
285,91,0,4
285,92,0,34
285,93,0,16
285,94,0,31
285,97,0,47
285,99,0,3
285,61,0,49
285,5,0,44
285,66,0,42
285,11,0,32
285,32,0,28
285,1,0,10
286,4,0,25
286,7,0,22
286,8,0,3
286,12,0,26
286,14,0,20
286,17,0,19
286,19,0,27
286,20,0,40
286,22,0,10
286,26,0,3
286,28,0,11
286,30,0,45
286,31,0,27
286,36,0,18
286,38,0,45
286,41,0,24
286,42,0,39
286,43,0,31
286,48,0,27
286,49,0,24
286,50,0,44
286,51,0,44
286,52,0,11
286,53,0,25
286,54,0,22
286,55,0,27
286,59,0,47
286,62,0,39
286,64,0,15
286,65,0,30
286,72,0,6
286,73,0,28
286,74,0,3
286,75,0,9
286,76,0,31
286,79,0,49
286,80,0,2
286,81,0,4
286,82,0,2
286,84,0,23
286,86,0,18
286,87,0,47
286,88,0,38
286,89,0,11
286,91,0,4
286,92,0,34
286,93,0,16
286,94,0,31
286,97,0,47
286,99,0,3
286,61,0,49
286,5,0,44
286,66,0,42
286,11,0,32
286,32,0,28
286,1,0,10
287,4,0,25
287,7,0,22
287,8,0,3
287,12,0,26
287,14,0,20
287,17,0,19
287,19,0,27
287,20,0,40
287,22,0,10
287,26,0,3
287,28,0,11
287,30,0,45
287,31,0,27
287,36,0,18
287,38,0,45
287,41,0,24
287,42,0,39
287,43,0,31
287,48,0,27
287,49,0,24
287,50,0,44
287,51,0,44
287,52,0,11
287,53,0,25
287,54,0,22
287,55,0,27
287,59,0,47
287,62,0,39
287,64,0,15
287,65,0,30
287,72,0,6
287,73,0,28
287,74,0,3
287,75,0,9
287,76,0,31
287,79,0,49
287,80,0,2
287,81,0,4
287,82,0,2
287,84,0,23
287,86,0,18
287,87,0,47
287,88,0,38
287,89,0,11
287,91,0,4
287,92,0,34
287,93,0,16
287,94,0,31
287,97,0,47
287,99,0,3
287,61,0,49
287,5,0,44
287,66,0,42
287,11,0,32
287,32,0,28
287,1,0,10
288,4,0,25
288,7,0,22
288,8,0,3
288,12,0,26
288,14,0,20
288,17,0,19
288,19,0,27
288,20,0,40
288,22,0,10
288,26,0,3
288,28,0,11
288,30,0,45
288,31,0,27
288,36,0,18
288,38,0,45
288,41,0,24
288,42,0,39
288,43,0,31
288,48,0,27
288,49,0,24
288,50,0,44
288,51,0,44
288,52,0,11
288,53,0,25
288,54,0,22
288,55,0,27
288,59,0,47
288,62,0,39
288,64,0,15
288,65,0,30
288,72,0,6
288,73,0,28
288,74,0,3
288,75,0,9
288,76,0,31
288,79,0,49
288,80,0,2
288,81,0,4
288,82,0,2
288,84,0,23
288,86,0,18
288,87,0,47
288,88,0,38
288,89,0,11
288,91,0,4
288,92,0,34
288,93,0,16
288,94,0,31
288,97,0,47
288,99,0,3
288,61,0,49
288,5,0,44
288,66,0,42
288,11,0,32
288,32,0,28
288,1,0,10
289,4,0,25
289,7,0,22
289,8,0,3
289,12,0,26
289,14,0,20
289,17,0,19
289,19,0,27
289,20,0,40
289,22,0,10
289,26,0,3
289,28,0,11
289,30,0,45
289,31,0,27
289,36,0,18
289,38,0,45
289,41,0,24
289,42,0,39
289,43,0,31
289,48,0,27
289,49,0,24
289,50,0,44
289,51,0,44
289,52,0,11
289,53,0,25
289,54,0,22
289,55,0,27
289,59,0,47
289,62,0,39
289,64,0,15
289,65,0,30
289,72,0,6
289,73,0,28
289,74,0,3
289,75,0,9
289,76,0,31
289,79,0,49
289,80,0,2
289,81,0,4
289,82,0,2
289,84,0,23
289,86,0,18
289,87,0,47
289,88,0,38
289,89,0,11
289,91,0,4
289,92,0,34
289,93,0,16
289,94,0,31
289,97,0,47
289,99,0,3
289,61,0,49
289,5,0,44
289,66,0,42
289,11,0,32
289,32,0,28
289,1,0,10
290,4,0,25
290,7,0,22
290,8,0,3
290,12,0,26
290,14,0,20
290,17,0,19
290,19,0,27
290,20,0,40
290,22,0,10
290,26,0,3
290,28,0,11
290,30,0,45
290,31,0,27
290,36,0,18
290,38,0,45
290,41,0,24
290,42,0,39
290,43,0,31
290,48,0,27
290,49,0,24
290,50,0,44
290,51,0,44
290,52,0,11
290,53,0,25
290,54,0,22
290,55,0,27
290,59,0,47
290,62,0,39
290,64,0,15
290,65,0,30
290,72,0,6
290,73,0,28
290,74,0,3
290,75,0,9
290,76,0,31
290,79,0,49
290,80,0,2
290,81,0,4
290,82,0,2
290,84,0,23
290,86,0,18
290,87,0,47
290,88,0,38
290,89,0,11
290,91,0,4
290,92,0,34
290,93,0,16
290,94,0,31
290,97,0,47
290,99,0,3
290,61,0,49
290,5,0,44
290,66,0,42
290,11,0,32
290,32,0,28
290,1,0,10
291,4,0,25
291,7,0,22
291,8,0,3
291,12,0,26
291,14,0,20
291,17,0,19
291,19,0,27
291,20,0,40
291,22,0,10
291,26,0,3
291,28,0,11
291,30,0,45
291,31,0,27
291,36,0,18
291,38,0,45
291,41,0,24
291,42,0,39
291,43,0,31
291,48,0,27
291,49,0,24
291,50,0,44
291,51,0,44
291,52,0,11
291,53,0,25
291,54,0,22
291,55,0,27
291,59,0,47
291,62,0,39
291,64,0,15
291,65,0,30
291,72,0,6
291,73,0,28
291,74,0,3
291,75,0,9
291,76,0,31
291,79,0,49
291,80,0,2
291,81,0,4
291,82,0,2
291,84,0,23
291,86,0,18
291,87,0,47
291,88,0,38
291,89,0,11
291,91,0,4
291,92,0,34
291,93,0,16
291,94,0,31
291,97,0,47
291,99,0,3
291,61,0,49
291,5,0,44
291,66,0,42
291,11,0,32
291,32,0,28
291,1,0,10
292,4,0,25
292,7,0,22
292,8,0,3
292,12,0,26
292,14,0,20
292,17,0,19
292,19,0,27
292,20,0,40
292,22,0,10
292,26,0,3
292,28,0,11
292,30,0,45
292,31,0,27
292,36,0,18
292,38,0,45
292,41,0,24
292,42,0,39
292,43,0,31
292,48,0,27
292,49,0,24
292,50,0,44
292,51,0,44
292,52,0,11
292,53,0,25
292,54,0,22
292,55,0,27
292,59,0,47
292,62,0,39
292,64,0,15
292,65,0,30
292,72,0,6
292,73,0,28
292,74,0,3
292,75,0,9
292,76,0,31
292,79,0,49
292,80,0,2
292,81,0,4
292,82,0,2
292,84,0,23
292,86,0,18
292,87,0,47
292,88,0,38
292,89,0,11
292,91,0,4
292,92,0,34
292,93,0,16
292,94,0,31
292,97,0,47
292,99,0,3
292,61,0,49
292,5,0,44
292,66,0,42
292,11,0,32
292,32,0,28
292,1,0,10
293,4,0,25
293,7,0,22
293,8,0,3
293,12,0,26
293,14,0,20
293,17,0,19
293,19,0,27
293,20,0,40
293,22,0,10
293,26,0,3
293,28,0,11
293,30,0,45
293,31,0,27
293,36,0,18
293,38,0,45
293,41,0,24
293,42,0,39
293,43,0,31
293,48,0,27
293,49,0,24
293,50,0,44
293,51,0,44
293,52,0,11
293,53,0,25
293,54,0,22
293,55,0,27
293,59,0,47
293,62,0,39
293,64,0,15
293,65,0,30
293,72,0,6
293,73,0,28
293,74,0,3
293,75,0,9
293,76,0,31
293,79,0,49
293,80,0,2
293,81,0,4
293,82,0,2
293,84,0,23
293,86,0,18
293,87,0,47
293,88,0,38
293,89,0,11
293,91,0,4
293,92,0,34
293,93,0,16
293,94,0,31
293,97,0,47
293,99,0,3
293,61,0,49
293,5,0,44
293,66,0,42
293,11,0,32
293,32,0,28
293,1,0,10
294,4,0,25
294,7,0,22
294,8,0,3
294,12,0,26
294,14,0,20
294,17,0,19
294,19,0,27
294,20,0,40
294,22,0,10
294,26,0,3
294,28,0,11
294,30,0,45
294,31,0,27
294,36,0,18
294,38,0,45
294,41,0,24
294,42,0,39
294,43,0,31
294,48,0,27
294,49,0,24
294,50,0,44
294,51,0,44
294,52,0,11
294,53,0,25
294,54,0,22
294,55,0,27
294,59,0,47
294,62,0,39
294,64,0,15
294,65,0,30
294,72,0,6
294,73,0,28
294,74,0,3
294,75,0,9
294,76,0,31
294,79,0,49
294,80,0,2
294,81,0,4
294,82,0,2
294,84,0,23
294,86,0,18
294,87,0,47
294,88,0,38
294,89,0,11
294,91,0,4
294,92,0,34
294,93,0,16
294,94,0,31
294,97,0,47
294,99,0,3
294,61,0,49
294,5,0,44
294,66,0,42
294,11,0,32
294,32,0,28
294,1,0,10
295,4,0,25
295,7,0,22
295,8,0,3
295,12,0,26
295,14,0,20
295,17,0,19
295,19,0,27
295,20,0,40
295,22,0,10
295,26,0,3
295,28,0,11
295,30,0,45
295,31,0,27
295,36,0,18
295,38,0,45
295,41,0,24
295,42,0,39
295,43,0,31
295,48,0,27
295,49,0,24
295,50,0,44
295,51,0,44
295,52,0,11
295,53,0,25
295,54,0,22
295,55,0,27
295,59,0,47
295,62,0,39
295,64,0,15
295,65,0,30
295,72,0,6
295,73,0,28
295,74,0,3
295,75,0,9
295,76,0,31
295,79,0,49
295,80,0,2
295,81,0,4
295,82,0,2
295,84,0,23
295,86,0,18
295,87,0,47
295,88,0,38
295,89,0,11
295,91,0,4
295,92,0,34
295,93,0,16
295,94,0,31
295,97,0,47
295,99,0,3
295,61,0,49
295,5,0,44
295,66,0,42
295,11,0,32
295,32,0,28
295,1,0,10
296,4,0,25
296,7,0,22
296,8,0,3
296,12,0,26
296,14,0,20
296,17,0,19
296,19,0,27
296,20,0,40
296,22,0,10
296,26,0,3
296,28,0,11
296,30,0,45
296,31,0,27
296,36,0,18
296,38,0,45
296,41,0,24
296,42,0,39
296,43,0,31
296,48,0,27
296,49,0,24
296,50,0,44
296,51,0,44
296,52,0,11
296,53,0,25
296,54,0,22
296,55,0,27
296,59,0,47
296,62,0,39
296,64,0,15
296,65,0,30
296,72,0,6
296,73,0,28
296,74,0,3
296,75,0,9
296,76,0,31
296,79,0,49
296,80,0,2
296,81,0,4
296,82,0,2
296,84,0,23
296,86,0,18
296,87,0,47
296,88,0,38
296,89,0,11
296,91,0,4
296,92,0,34
296,93,0,16
296,94,0,31
296,97,0,47
296,99,0,3
296,61,0,49
296,5,0,44
296,66,0,42
296,11,0,32
296,32,0,28
296,1,0,10
297,4,0,25
297,7,0,22
297,8,0,3
297,12,0,26
297,14,0,20
297,17,0,19
297,19,0,27
297,20,0,40
297,22,0,10
297,26,0,3
297,28,0,11
297,30,0,45
297,31,0,27
297,36,0,18
297,38,0,45
297,41,0,24
297,42,0,39
297,43,0,31
297,48,0,27
297,49,0,24
297,50,0,44
297,51,0,44
297,52,0,11
297,53,0,25
297,54,0,22
297,55,0,27
297,59,0,47
297,62,0,39
297,64,0,15
297,65,0,30
297,72,0,6
297,73,0,28
297,74,0,3
297,75,0,9
297,76,0,31
297,79,0,49
297,80,0,2
297,81,0,4
297,82,0,2
297,84,0,23
297,86,0,18
297,87,0,47
297,88,0,38
297,89,0,11
297,91,0,4
297,92,0,34
297,93,0,16
297,94,0,31
297,97,0,47
297,99,0,3
297,61,0,49
297,5,0,44
297,66,0,42
297,11,0,32
297,32,0,28
297,1,0,10
298,4,0,25
298,7,0,22
298,8,0,3
298,12,0,26
298,14,0,20
298,17,0,19
298,19,0,27
298,20,0,40
298,22,0,10
298,26,0,3
298,28,0,11
298,30,0,45
298,31,0,27
298,36,0,18
298,38,0,45
298,41,0,24
298,42,0,39
298,43,0,31
298,48,0,27
298,49,0,24
298,50,0,44
298,51,0,44
298,52,0,11
298,53,0,25
298,54,0,22
298,55,0,27
298,59,0,47
298,62,0,39
298,64,0,15
298,65,0,30
298,72,0,6
298,73,0,28
298,74,0,3
298,75,0,9
298,76,0,31
298,79,0,49
298,80,0,2
298,81,0,4
298,82,0,2
298,84,0,23
298,86,0,18
298,87,0,47
298,88,0,38
298,89,0,11
298,91,0,4
298,92,0,34
298,93,0,16
298,94,0,31
298,97,0,47
298,99,0,3
298,61,0,49
298,5,0,44
298,66,0,42
298,11,0,32
298,32,0,28
298,1,0,10
299,4,0,25
299,7,0,22
299,8,0,3
299,12,0,26
299,14,0,20
299,17,0,19
299,19,0,27
299,20,0,40
299,22,0,10
299,26,0,3
299,28,0,11
299,30,0,45
299,31,0,27
299,36,0,18
299,38,0,45
299,41,0,24
299,42,0,39
299,43,0,31
299,48,0,27
299,49,0,24
299,50,0,44
299,51,0,44
299,52,0,11
299,53,0,25
299,54,0,22
299,55,0,27
299,59,0,47
299,62,0,39
299,64,0,15
299,65,0,30
299,72,0,6
299,73,0,28
299,74,0,3
299,75,0,9
299,76,0,31
299,79,0,49
299,80,0,2
299,81,0,4
299,82,0,2
299,84,0,23
299,86,0,18
299,87,0,47
299,88,0,38
299,89,0,11
299,91,0,4
299,92,0,34
299,93,0,16
299,94,0,31
299,97,0,47
299,99,0,3
299,61,0,49
299,5,0,44
299,66,0,42
299,11,0,32
299,32,0,28
299,1,0,10
300,4,0,25
300,7,0,22
300,8,0,3
300,12,0,26
300,14,0,20
300,17,0,19
300,19,0,27
300,20,0,40
300,22,0,10
300,26,0,3
300,28,0,11
300,30,0,45
300,31,0,27
300,36,0,18
300,38,0,45
300,41,0,24
300,42,0,39
300,43,0,31
300,48,0,27
300,49,0,24
300,50,0,44
300,51,0,44
300,52,0,11
300,53,0,25
300,54,0,22
300,55,0,27
300,59,0,47
300,62,0,39
300,64,0,15
300,65,0,30
300,72,0,6
300,73,0,28
300,74,0,3
300,75,0,9
300,76,0,31
300,79,0,49
300,80,0,2
300,81,0,4
300,82,0,2
300,84,0,23
300,86,0,18
300,87,0,47
300,88,0,38
300,89,0,11
300,91,0,4
300,92,0,34
300,93,0,16
300,94,0,31
300,97,0,47
300,99,0,3
300,61,0,49
300,5,0,44
300,66,0,42
300,11,0,32
300,32,0,28
300,1,0,10
301,4,0,25
301,7,0,22
301,8,0,3
301,12,0,26
301,14,0,20
301,17,0,19
301,19,0,27
301,20,0,40
301,22,0,10
301,26,0,3
301,28,0,11
301,30,0,45
301,31,0,27
301,36,0,18
301,38,0,45
301,41,0,24
301,42,0,39
301,43,0,31
301,48,0,27
301,49,0,24
301,50,0,44
301,51,0,44
301,52,0,11
301,53,0,25
301,54,0,22
301,55,0,27
301,59,0,47
301,62,0,39
301,64,0,15
301,65,0,30
301,72,0,6
301,73,0,28
301,74,0,3
301,75,0,9
301,76,0,31
301,79,0,49
301,80,0,2
301,81,0,4
301,82,0,2
301,84,0,23
301,86,0,18
301,87,0,47
301,88,0,38
301,89,0,11
301,91,0,4
301,92,0,34
301,93,0,16
301,94,0,31
301,97,0,47
301,99,0,3
301,61,0,49
301,5,0,44
301,66,0,42
301,11,0,32
301,32,0,28
301,1,0,10
302,4,0,25
302,7,0,22
302,8,0,3
302,12,0,26
302,14,0,20
302,17,0,19
302,19,0,27
302,20,0,40
302,22,0,10
302,26,0,3
302,28,0,11
302,30,0,45
302,31,0,27
302,36,0,18
302,38,0,45
302,41,0,24
302,42,0,39
302,43,0,31
302,48,0,27
302,49,0,24
302,50,0,44
302,51,0,44
302,52,0,11
302,53,0,25
302,54,0,22
302,55,0,27
302,59,0,47
302,62,0,39
302,64,0,15
302,65,0,30
302,72,0,6
302,73,0,28
302,74,0,3
302,75,0,9
302,76,0,31
302,79,0,49
302,80,0,2
302,81,0,4
302,82,0,2
302,84,0,23
302,86,0,18
302,87,0,47
302,88,0,38
302,89,0,11
302,91,0,4
302,92,0,34
302,93,0,16
302,94,0,31
302,97,0,47
302,99,0,3
302,61,0,49
302,5,0,44
302,66,0,42
302,11,0,32
302,32,0,28
302,1,0,10
303,4,0,25
303,7,0,22
303,8,0,3
303,12,0,26
303,14,0,20
303,17,0,19
303,19,0,27
303,20,0,40
303,22,0,10
303,26,0,3
303,28,0,11
303,30,0,45
303,31,0,27
303,36,0,18
303,38,0,45
303,41,0,24
303,42,0,39
303,43,0,31
303,48,0,27
303,49,0,24
303,50,0,44
303,51,0,44
303,52,0,11
303,53,0,25
303,54,0,22
303,55,0,27
303,59,0,47
303,62,0,39
303,64,0,15
303,65,0,30
303,72,0,6
303,73,0,28
303,74,0,3
303,75,0,9
303,76,0,31
303,79,0,49
303,80,0,2
303,81,0,4
303,82,0,2
303,84,0,23
303,86,0,18
303,87,0,47
303,88,0,38
303,89,0,11
303,91,0,4
303,92,0,34
303,93,0,16
303,94,0,31
303,97,0,47
303,99,0,3
303,61,0,49
303,5,0,44
303,66,0,42
303,11,0,32
303,32,0,28
303,1,0,10
304,4,0,25
304,7,0,22
304,8,0,3
304,12,0,26
304,14,0,20
304,17,0,19
304,19,0,27
304,20,0,40
304,22,0,10
304,26,0,3
304,28,0,11
304,30,0,45
304,31,0,27
304,36,0,18
304,38,0,45
304,41,0,24
304,42,0,39
304,43,0,31
304,48,0,27
304,49,0,24
304,50,0,44
304,51,0,44
304,52,0,11
304,53,0,25
304,54,0,22
304,55,0,27
304,59,0,47
304,62,0,39
304,64,0,15
304,65,0,30
304,72,0,6
304,73,0,28
304,74,0,3
304,75,0,9
304,76,0,31
304,79,0,49
304,80,0,2
304,81,0,4
304,82,0,2
304,84,0,23
304,86,0,18
304,87,0,47
304,88,0,38
304,89,0,11
304,91,0,4
304,92,0,34
304,93,0,16
304,94,0,31
304,97,0,47
304,99,0,3
304,61,0,49
304,5,0,44
304,66,0,42
304,11,0,32
304,32,0,28
304,1,0,10
305,4,0,25
305,7,0,22
305,8,0,3
305,12,0,26
305,14,0,20
305,17,0,19
305,19,0,27
305,20,0,40
305,22,0,10
305,26,0,3
305,28,0,11
305,30,0,45
305,31,0,27
305,36,0,18
305,38,0,45
305,41,0,24
305,42,0,39
305,43,0,31
305,48,0,27
305,49,0,24
305,50,0,44
305,51,0,44
305,52,0,11
305,53,0,25
305,54,0,22
305,55,0,27
305,59,0,47
305,62,0,39
305,64,0,15
305,65,0,30
305,72,0,6
305,73,0,28
305,74,0,3
305,75,0,9
305,76,0,31
305,79,0,49
305,80,0,2
305,81,0,4
305,82,0,2
305,84,0,23
305,86,0,18
305,87,0,47
305,88,0,38
305,89,0,11
305,91,0,4
305,92,0,34
305,93,0,16
305,94,0,31
305,97,0,47
305,99,0,3
305,61,0,49
305,5,0,44
305,66,0,42
305,11,0,32
305,32,0,28
305,1,0,10
306,4,0,25
306,7,0,22
306,8,0,3
306,12,0,26
306,14,0,20
306,17,0,19
306,19,0,27
306,20,0,40
306,22,0,10
306,26,0,3
306,28,0,11
306,30,0,45
306,31,0,27
306,36,0,18
306,38,0,45
306,41,0,24
306,42,0,39
306,43,0,31
306,48,0,27
306,49,0,24
306,50,0,44
306,51,0,44
306,52,0,11
306,53,0,25
306,54,0,22
306,55,0,27
306,59,0,47
306,62,0,39
306,64,0,15
306,65,0,30
306,72,0,6
306,73,0,28
306,74,0,3
306,75,0,9
306,76,0,31
306,79,0,49
306,80,0,2
306,81,0,4
306,82,0,2
306,84,0,23
306,86,0,18
306,87,0,47
306,88,0,38
306,89,0,11
306,91,0,4
306,92,0,34
306,93,0,16
306,94,0,31
306,97,0,47
306,99,0,3
306,61,0,49
306,5,0,44
306,66,0,42
306,11,0,32
306,32,0,28
306,1,0,10
307,4,0,25
307,7,0,22
307,8,0,3
307,12,0,26
307,14,0,20
307,17,0,19
307,19,0,27
307,20,0,40
307,22,0,10
307,26,0,3
307,28,0,11
307,30,0,45
307,31,0,27
307,36,0,18
307,38,0,45
307,41,0,24
307,42,0,39
307,43,0,31
307,48,0,27
307,49,0,24
307,50,0,44
307,51,0,44
307,52,0,11
307,53,0,25
307,54,0,22
307,55,0,27
307,59,0,47
307,62,0,39
307,64,0,15
307,65,0,30
307,72,0,6
307,73,0,28
307,74,0,3
307,75,0,9
307,76,0,31
307,79,0,49
307,80,0,2
307,81,0,4
307,82,0,2
307,84,0,23
307,86,0,18
307,87,0,47
307,88,0,38
307,89,0,11
307,91,0,4
307,92,0,34
307,93,0,16
307,94,0,31
307,97,0,47
307,99,0,3
307,61,0,49
307,5,0,44
307,66,0,42
307,11,0,32
307,32,0,28
307,1,0,10
308,4,0,25
308,7,0,22
308,8,0,3
308,12,0,26
308,14,0,20
308,17,0,19
308,19,0,27
308,20,0,40
308,22,0,10
308,26,0,3
308,28,0,11
308,30,0,45
308,31,0,27
308,36,0,18
308,38,0,45
308,41,0,24
308,42,0,39
308,43,0,31
308,48,0,27
308,49,0,24
308,50,0,44
308,51,0,44
308,52,0,11
308,53,0,25
308,54,0,22
308,55,0,27
308,59,0,47
308,62,0,39
308,64,0,15
308,65,0,30
308,72,0,6
308,73,0,28
308,74,0,3
308,75,0,9
308,76,0,31
308,79,0,49
308,80,0,2
308,81,0,4
308,82,0,2
308,84,0,23
308,86,0,18
308,87,0,47
308,88,0,38
308,89,0,11
308,91,0,4
308,92,0,34
308,93,0,16
308,94,0,31
308,97,0,47
308,99,0,3
308,61,0,49
308,5,0,44
308,66,0,42
308,11,0,32
308,32,0,28
308,1,0,10
309,4,0,25
309,7,0,22
309,8,0,3
309,12,0,26
309,14,0,20
309,17,0,19
309,19,0,27
309,20,0,40
309,22,0,10
309,26,0,3
309,28,0,11
309,30,0,45
309,31,0,27
309,36,0,18
309,38,0,45
309,41,0,24
309,42,0,39
309,43,0,31
309,48,0,27
309,49,0,24
309,50,0,44
309,51,0,44
309,52,0,11
309,53,0,25
309,54,0,22
309,55,0,27
309,59,0,47
309,62,0,39
309,64,0,15
309,65,0,30
309,72,0,6
309,73,0,28
309,74,0,3
309,75,0,9
309,76,0,31
309,79,0,49
309,80,0,2
309,81,0,4
309,82,0,2
309,84,0,23
309,86,0,18
309,87,0,47
309,88,0,38
309,89,0,11
309,91,0,4
309,92,0,34
309,93,0,16
309,94,0,31
309,97,0,47
309,99,0,3
309,61,0,49
309,5,0,44
309,66,0,42
309,11,0,32
309,32,0,28
309,1,0,10
310,4,0,25
310,7,0,22
310,8,0,3
310,12,0,26
310,14,0,20
310,17,0,19
310,19,0,27
310,20,0,40
310,22,0,10
310,26,0,3
310,28,0,11
310,30,0,45
310,31,0,27
310,36,0,18
310,38,0,45
310,41,0,24
310,42,0,39
310,43,0,31
310,48,0,27
310,49,0,24
310,50,0,44
310,51,0,44
310,52,0,11
310,53,0,25
310,54,0,22
310,55,0,27
310,59,0,47
310,62,0,39
310,64,0,15
310,65,0,30
310,72,0,6
310,73,0,28
310,74,0,3
310,75,0,9
310,76,0,31
310,79,0,49
310,80,0,2
310,81,0,4
310,82,0,2
310,84,0,23
310,86,0,18
310,87,0,47
310,88,0,38
310,89,0,11
310,91,0,4
310,92,0,34
310,93,0,16
310,94,0,31
310,97,0,47
310,99,0,3
310,61,0,49
310,5,0,44
310,66,0,42
310,11,0,32
310,32,0,28
310,1,0,10
311,4,0,25
311,7,0,22
311,8,0,3
311,12,0,26
311,14,0,20
311,17,0,19
311,19,0,27
311,20,0,40
311,22,0,10
311,26,0,3
311,28,0,11
311,30,0,45
311,31,0,27
311,36,0,18
311,38,0,45
311,41,0,24
311,42,0,39
311,43,0,31
311,48,0,27
311,49,0,24
311,50,0,44
311,51,0,44
311,52,0,11
311,53,0,25
311,54,0,22
311,55,0,27
311,59,0,47
311,62,0,39
311,64,0,15
311,65,0,30
311,72,0,6
311,73,0,28
311,74,0,3
311,75,0,9
311,76,0,31
311,79,0,49
311,80,0,2
311,81,0,4
311,82,0,2
311,84,0,23
311,86,0,18
311,87,0,47
311,88,0,38
311,89,0,11
311,91,0,4
311,92,0,34
311,93,0,16
311,94,0,31
311,97,0,47
311,99,0,3
311,61,0,49
311,5,0,44
311,66,0,42
311,11,0,32
311,32,0,28
311,1,0,10
312,4,0,25
312,7,0,22
312,8,0,3
312,12,0,26
312,14,0,20
312,17,0,19
312,19,0,27
312,20,0,40
312,22,0,10
312,26,0,3
312,28,0,11
312,30,0,45
312,31,0,27
312,36,0,18
312,38,0,45
312,41,0,24
312,42,0,39
312,43,0,31
312,48,0,27
312,49,0,24
312,50,0,44
312,51,0,44
312,52,0,11
312,53,0,25
312,54,0,22
312,55,0,27
312,59,0,47
312,62,0,39
312,64,0,15
312,65,0,30
312,72,0,6
312,73,0,28
312,74,0,3
312,75,0,9
312,76,0,31
312,79,0,49
312,80,0,2
312,81,0,4
312,82,0,2
312,84,0,23
312,86,0,18
312,87,0,47
312,88,0,38
312,89,0,11
312,91,0,4
312,92,0,34
312,93,0,16
312,94,0,31
312,97,0,47
312,99,0,3
312,61,0,49
312,5,0,44
312,66,0,42
312,11,0,32
312,32,0,28
312,1,0,10
313,4,0,25
313,7,0,22
313,8,0,3
313,12,0,26
313,14,0,20
313,17,0,19
313,19,0,27
313,20,0,40
313,22,0,10
313,26,0,3
313,28,0,11
313,30,0,45
313,31,0,27
313,36,0,18
313,38,0,45
313,41,0,24
313,42,0,39
313,43,0,31
313,48,0,27
313,49,0,24
313,50,0,44
313,51,0,44
313,52,0,11
313,53,0,25
313,54,0,22
313,55,0,27
313,59,0,47
313,62,0,39
313,64,0,15
313,65,0,30
313,72,0,6
313,73,0,28
313,74,0,3
313,75,0,9
313,76,0,31
313,79,0,49
313,80,0,2
313,81,0,4
313,82,0,2
313,84,0,23
313,86,0,18
313,87,0,47
313,88,0,38
313,89,0,11
313,91,0,4
313,92,0,34
313,93,0,16
313,94,0,31
313,97,0,47
313,99,0,3
313,61,0,49
313,5,0,44
313,66,0,42
313,11,0,32
313,32,0,28
313,1,0,10
314,4,0,25
314,7,0,22
314,8,0,3
314,12,0,26
314,14,0,20
314,17,0,19
314,19,0,27
314,20,0,40
314,22,0,10
314,26,0,3
314,28,0,11
314,30,0,45
314,31,0,27
314,36,0,18
314,38,0,45
314,41,0,24
314,42,0,39
314,43,0,31
314,48,0,27
314,49,0,24
314,50,0,44
314,51,0,44
314,52,0,11
314,53,0,25
314,54,0,22
314,55,0,27
314,59,0,47
314,62,0,39
314,64,0,15
314,65,0,30
314,72,0,6
314,73,0,28
314,74,0,3
314,75,0,9
314,76,0,31
314,79,0,49
314,80,0,2
314,81,0,4
314,82,0,2
314,84,0,23
314,86,0,18
314,87,0,47
314,88,0,38
314,89,0,11
314,91,0,4
314,92,0,34
314,93,0,16
314,94,0,31
314,97,0,47
314,99,0,3
314,61,0,49
314,5,0,44
314,66,0,42
314,11,0,32
314,32,0,28
314,1,0,10
315,4,0,25
315,7,0,22
315,8,0,3
315,12,0,26
315,14,0,20
315,17,0,19
315,19,0,27
315,20,0,40
315,22,0,10
315,26,0,3
315,28,0,11
315,30,0,45
315,31,0,27
315,36,0,18
315,38,0,45
315,41,0,24
315,42,0,39
315,43,0,31
315,48,0,27
315,49,0,24
315,50,0,44
315,51,0,44
315,52,0,11
315,53,0,25
315,54,0,22
315,55,0,27
315,59,0,47
315,62,0,39
315,64,0,15
315,65,0,30
315,72,0,6
315,73,0,28
315,74,0,3
315,75,0,9
315,76,0,31
315,79,0,49
315,80,0,2
315,81,0,4
315,82,0,2
315,84,0,23
315,86,0,18
315,87,0,47
315,88,0,38
315,89,0,11
315,91,0,4
315,92,0,34
315,93,0,16
315,94,0,31
315,97,0,47
315,99,0,3
315,61,0,49
315,5,0,44
315,66,0,42
315,11,0,32
315,32,0,28
315,1,0,10
316,4,0,25
316,7,0,22
316,8,0,3
316,12,0,26
316,14,0,20
316,17,0,19
316,19,0,27
316,20,0,40
316,22,0,10
316,26,0,3
316,28,0,11
316,30,0,45
316,31,0,27
316,36,0,18
316,38,0,45
316,41,0,24
316,42,0,39
316,43,0,31
316,48,0,27
316,49,0,24
316,50,0,44
316,51,0,44
316,52,0,11
316,53,0,25
316,54,0,22
316,55,0,27
316,59,0,47
316,62,0,39
316,64,0,15
316,65,0,30
316,72,0,6
316,73,0,28
316,74,0,3
316,75,0,9
316,76,0,31
316,79,0,49
316,80,0,2
316,81,0,4
316,82,0,2
316,84,0,23
316,86,0,18
316,87,0,47
316,88,0,38
316,89,0,11
316,91,0,4
316,92,0,34
316,93,0,16
316,94,0,31
316,97,0,47
316,99,0,3
316,61,0,49
316,5,0,44
316,66,0,42
316,11,0,32
316,32,0,28
316,1,0,10
317,4,0,25
317,7,0,22
317,8,0,3
317,12,0,26
317,14,0,20
317,17,0,19
317,19,0,27
317,20,0,40
317,22,0,10
317,26,0,3
317,28,0,11
317,30,0,45
317,31,0,27
317,36,0,18
317,38,0,45
317,41,0,24
317,42,0,39
317,43,0,31
317,48,0,27
317,49,0,24
317,50,0,44
317,51,0,44
317,52,0,11
317,53,0,25
317,54,0,22
317,55,0,27
317,59,0,47
317,62,0,39
317,64,0,15
317,65,0,30
317,72,0,6
317,73,0,28
317,74,0,3
317,75,0,9
317,76,0,31
317,79,0,49
317,80,0,2
317,81,0,4
317,82,0,2
317,84,0,23
317,86,0,18
317,87,0,47
317,88,0,38
317,89,0,11
317,91,0,4
317,92,0,34
317,93,0,16
317,94,0,31
317,97,0,47
317,99,0,3
317,61,0,49
317,5,0,44
317,66,0,42
317,11,0,32
317,32,0,28
317,1,0,10
318,4,0,25
318,7,0,22
318,8,0,3
318,12,0,26
318,14,0,20
318,17,0,19
318,19,0,27
318,20,0,40
318,22,0,10
318,26,0,3
318,28,0,11
318,30,0,45
318,31,0,27
318,36,0,18
318,38,0,45
318,41,0,24
318,42,0,39
318,43,0,31
318,48,0,27
318,49,0,24
318,50,0,44
318,51,0,44
318,52,0,11
318,53,0,25
318,54,0,22
318,55,0,27
318,59,0,47
318,62,0,39
318,64,0,15
318,65,0,30
318,72,0,6
318,73,0,28
318,74,0,3
318,75,0,9
318,76,0,31
318,79,0,49
318,80,0,2
318,81,0,4
318,82,0,2
318,84,0,23
318,86,0,18
318,87,0,47
318,88,0,38
318,89,0,11
318,91,0,4
318,92,0,34
318,93,0,16
318,94,0,31
318,97,0,47
318,99,0,3
318,61,0,49
318,5,0,44
318,66,0,42
318,11,0,32
318,32,0,28
318,1,0,10
319,4,0,25
319,7,0,22
319,8,0,3
319,12,0,26
319,14,0,20
319,17,0,19
319,19,0,27
319,20,0,40
319,22,0,10
319,26,0,3
319,28,0,11
319,30,0,45
319,31,0,27
319,36,0,18
319,38,0,45
319,41,0,24
319,42,0,39
319,43,0,31
319,48,0,27
319,49,0,24
319,50,0,44
319,51,0,44
319,52,0,11
319,53,0,25
319,54,0,22
319,55,0,27
319,59,0,47
319,62,0,39
319,64,0,15
319,65,0,30
319,72,0,6
319,73,0,28
319,74,0,3
319,75,0,9
319,76,0,31
319,79,0,49
319,80,0,2
319,81,0,4
319,82,0,2
319,84,0,23
319,86,0,18
319,87,0,47
319,88,0,38
319,89,0,11
319,91,0,4
319,92,0,34
319,93,0,16
319,94,0,31
319,97,0,47
319,99,0,3
319,61,0,49
319,5,0,44
319,66,0,42
319,11,0,32
319,32,0,28
319,1,0,10
320,4,0,25
320,7,0,22
320,8,0,3
320,12,0,26
320,14,0,20
320,17,0,19
320,19,0,27
320,20,0,40
320,22,0,10
320,26,0,3
320,28,0,11
320,30,0,45
320,31,0,27
320,36,0,18
320,38,0,45
320,41,0,24
320,42,0,39
320,43,0,31
320,48,0,27
320,49,0,24
320,50,0,44
320,51,0,44
320,52,0,11
320,53,0,25
320,54,0,22
320,55,0,27
320,59,0,47
320,62,0,39
320,64,0,15
320,65,0,30
320,72,0,6
320,73,0,28
320,74,0,3
320,75,0,9
320,76,0,31
320,79,0,49
320,80,0,2
320,81,0,4
320,82,0,2
320,84,0,23
320,86,0,18
320,87,0,47
320,88,0,38
320,89,0,11
320,91,0,4
320,92,0,34
320,93,0,16
320,94,0,31
320,97,0,47
320,99,0,3
320,61,0,49
320,5,0,44
320,66,0,42
320,11,0,32
320,32,0,28
320,1,0,10
321,4,0,25
321,7,0,22
321,8,0,3
321,12,0,26
321,14,0,20
321,17,0,19
321,19,0,27
321,20,0,40
321,22,0,10
321,26,0,3
321,28,0,11
321,30,0,45
321,31,0,27
321,36,0,18
321,38,0,45
321,41,0,24
321,42,0,39
321,43,0,31
321,48,0,27
321,49,0,24
321,50,0,44
321,51,0,44
321,52,0,11
321,53,0,25
321,54,0,22
321,55,0,27
321,59,0,47
321,62,0,39
321,64,0,15
321,65,0,30
321,72,0,6
321,73,0,28
321,74,0,3
321,75,0,9
321,76,0,31
321,79,0,49
321,80,0,2
321,81,0,4
321,82,0,2
321,84,0,23
321,86,0,18
321,87,0,47
321,88,0,38
321,89,0,11
321,91,0,4
321,92,0,34
321,93,0,16
321,94,0,31
321,97,0,47
321,99,0,3
321,61,0,49
321,5,0,44
321,66,0,42
321,11,0,32
321,32,0,28
321,1,0,10
322,4,0,25
322,7,0,22
322,8,0,3
322,12,0,26
322,14,0,20
322,17,0,19
322,19,0,27
322,20,0,40
322,22,0,10
322,26,0,3
322,28,0,11
322,30,0,45
322,31,0,27
322,36,0,18
322,38,0,45
322,41,0,24
322,42,0,39
322,43,0,31
322,48,0,27
322,49,0,24
322,50,0,44
322,51,0,44
322,52,0,11
322,53,0,25
322,54,0,22
322,55,0,27
322,59,0,47
322,62,0,39
322,64,0,15
322,65,0,30
322,72,0,6
322,73,0,28
322,74,0,3
322,75,0,9
322,76,0,31
322,79,0,49
322,80,0,2
322,81,0,4
322,82,0,2
322,84,0,23
322,86,0,18
322,87,0,47
322,88,0,38
322,89,0,11
322,91,0,4
322,92,0,34
322,93,0,16
322,94,0,31
322,97,0,47
322,99,0,3
322,61,0,49
322,5,0,44
322,66,0,42
322,11,0,32
322,32,0,28
322,1,0,10
323,4,0,25
323,7,0,22
323,8,0,3
323,12,0,26
323,14,0,20
323,17,0,19
323,19,0,27
323,20,0,40
323,22,0,10
323,26,0,3
323,28,0,11
323,30,0,45
323,31,0,27
323,36,0,18
323,38,0,45
323,41,0,24
323,42,0,39
323,43,0,31
323,48,0,27
323,49,0,24
323,50,0,44
323,51,0,44
323,52,0,11
323,53,0,25
323,54,0,22
323,55,0,27
323,59,0,47
323,62,0,39
323,64,0,15
323,65,0,30
323,72,0,6
323,73,0,28
323,74,0,3
323,75,0,9
323,76,0,31
323,79,0,49
323,80,0,2
323,81,0,4
323,82,0,2
323,84,0,23
323,86,0,18
323,87,0,47
323,88,0,38
323,89,0,11
323,91,0,4
323,92,0,34
323,93,0,16
323,94,0,31
323,97,0,47
323,99,0,3
323,61,0,49
323,5,0,44
323,66,0,42
323,11,0,32
323,32,0,28
323,1,0,10
324,4,0,25
324,7,0,22
324,8,0,3
324,12,0,26
324,14,0,20
324,17,0,19
324,19,0,27
324,20,0,40
324,22,0,10
324,26,0,3
324,28,0,11
324,30,0,45
324,31,0,27
324,36,0,18
324,38,0,45
324,41,0,24
324,42,0,39
324,43,0,31
324,48,0,27
324,49,0,24
324,50,0,44
324,51,0,44
324,52,0,11
324,53,0,25
324,54,0,22
324,55,0,27
324,59,0,47
324,62,0,39
324,64,0,15
324,65,0,30
324,72,0,6
324,73,0,28
324,74,0,3
324,75,0,9
324,76,0,31
324,79,0,49
324,80,0,2
324,81,0,4
324,82,0,2
324,84,0,23
324,86,0,18
324,87,0,47
324,88,0,38
324,89,0,11
324,91,0,4
324,92,0,34
324,93,0,16
324,94,0,31
324,97,0,47
324,99,0,3
324,61,0,49
324,5,0,44
324,66,0,42
324,11,0,32
324,32,0,28
324,1,0,10
325,4,0,25
325,7,0,22
325,8,0,3
325,12,0,26
325,14,0,20
325,17,0,19
325,19,0,27
325,20,0,40
325,22,0,10
325,26,0,3
325,28,0,11
325,30,0,45
325,31,0,27
325,36,0,18
325,38,0,45
325,41,0,24
325,42,0,39
325,43,0,31
325,48,0,27
325,49,0,24
325,50,0,44
325,51,0,44
325,52,0,11
325,53,0,25
325,54,0,22
325,55,0,27
325,59,0,47
325,62,0,39
325,64,0,15
325,65,0,30
325,72,0,6
325,73,0,28
325,74,0,3
325,75,0,9
325,76,0,31
325,79,0,49
325,80,0,2
325,81,0,4
325,82,0,2
325,84,0,23
325,86,0,18
325,87,0,47
325,88,0,38
325,89,0,11
325,91,0,4
325,92,0,34
325,93,0,16
325,94,0,31
325,97,0,47
325,99,0,3
325,61,0,49
325,5,0,44
325,66,0,42
325,11,0,32
325,32,0,28
325,1,0,10
326,4,0,25
326,7,0,22
326,8,0,3
326,12,0,26
326,14,0,20
326,17,0,19
326,19,0,27
326,20,0,40
326,22,0,10
326,26,0,3
326,28,0,11
326,30,0,45
326,31,0,27
326,36,0,18
326,38,0,45
326,41,0,24
326,42,0,39
326,43,0,31
326,48,0,27
326,49,0,24
326,50,0,44
326,51,0,44
326,52,0,11
326,53,0,25
326,54,0,22
326,55,0,27
326,59,0,47
326,62,0,39
326,64,0,15
326,65,0,30
326,72,0,6
326,73,0,28
326,74,0,3
326,75,0,9
326,76,0,31
326,79,0,49
326,80,0,2
326,81,0,4
326,82,0,2
326,84,0,23
326,86,0,18
326,87,0,47
326,88,0,38
326,89,0,11
326,91,0,4
326,92,0,34
326,93,0,16
326,94,0,31
326,97,0,47
326,99,0,3
326,61,0,49
326,5,0,44
326,66,0,42
326,11,0,32
326,32,0,28
326,1,0,10
327,4,0,25
327,7,0,22
327,8,0,3
327,12,0,26
327,14,0,20
327,17,0,19
327,19,0,27
327,20,0,40
327,22,0,10
327,26,0,3
327,28,0,11
327,30,0,45
327,31,0,27
327,36,0,18
327,38,0,45
327,41,0,24
327,42,0,39
327,43,0,31
327,48,0,27
327,49,0,24
327,50,0,44
327,51,0,44
327,52,0,11
327,53,0,25
327,54,0,22
327,55,0,27
327,59,0,47
327,62,0,39
327,64,0,15
327,65,0,30
327,72,0,6
327,73,0,28
327,74,0,3
327,75,0,9
327,76,0,31
327,79,0,49
327,80,0,2
327,81,0,4
327,82,0,2
327,84,0,23
327,86,0,18
327,87,0,47
327,88,0,38
327,89,0,11
327,91,0,4
327,92,0,34
327,93,0,16
327,94,0,31
327,97,0,47
327,99,0,3
327,61,0,49
327,5,0,44
327,66,0,42
327,11,0,32
327,32,0,28
327,1,0,10
328,4,0,25
328,7,0,22
328,8,0,3
328,12,0,26
328,14,0,20
328,17,0,19
328,19,0,27
328,20,0,40
328,22,0,10
328,26,0,3
328,28,0,11
328,30,0,45
328,31,0,27
328,36,0,18
328,38,0,45
328,41,0,24
328,42,0,39
328,43,0,31
328,48,0,27
328,49,0,24
328,50,0,44
328,51,0,44
328,52,0,11
328,53,0,25
328,54,0,22
328,55,0,27
328,59,0,47
328,62,0,39
328,64,0,15
328,65,0,30
328,72,0,6
328,73,0,28
328,74,0,3
328,75,0,9
328,76,0,31
328,79,0,49
328,80,0,2
328,81,0,4
328,82,0,2
328,84,0,23
328,86,0,18
328,87,0,47
328,88,0,38
328,89,0,11
328,91,0,4
328,92,0,34
328,93,0,16
328,94,0,31
328,97,0,47
328,99,0,3
328,61,0,49
328,5,0,44
328,66,0,42
328,11,0,32
328,32,0,28
328,1,0,10
329,4,0,25
329,7,0,22
329,8,0,3
329,12,0,26
329,14,0,20
329,17,0,19
329,19,0,27
329,20,0,40
329,22,0,10
329,26,0,3
329,28,0,11
329,30,0,45
329,31,0,27
329,36,0,18
329,38,0,45
329,41,0,24
329,42,0,39
329,43,0,31
329,48,0,27
329,49,0,24
329,50,0,44
329,51,0,44
329,52,0,11
329,53,0,25
329,54,0,22
329,55,0,27
329,59,0,47
329,62,0,39
329,64,0,15
329,65,0,30
329,72,0,6
329,73,0,28
329,74,0,3
329,75,0,9
329,76,0,31
329,79,0,49
329,80,0,2
329,81,0,4
329,82,0,2
329,84,0,23
329,86,0,18
329,87,0,47
329,88,0,38
329,89,0,11
329,91,0,4
329,92,0,34
329,93,0,16
329,94,0,31
329,97,0,47
329,99,0,3
329,61,0,49
329,5,0,44
329,66,0,42
329,11,0,32
329,32,0,28
329,1,0,10
330,4,0,25
330,7,0,22
330,8,0,3
330,12,0,26
330,14,0,20
330,17,0,19
330,19,0,27
330,20,0,40
330,22,0,10
330,26,0,3
330,28,0,11
330,30,0,45
330,31,0,27
330,36,0,18
330,38,0,45
330,41,0,24
330,42,0,39
330,43,0,31
330,48,0,27
330,49,0,24
330,50,0,44
330,51,0,44
330,52,0,11
330,53,0,25
330,54,0,22
330,55,0,27
330,59,0,47
330,62,0,39
330,64,0,15
330,65,0,30
330,72,0,6
330,73,0,28
330,74,0,3
330,75,0,9
330,76,0,31
330,79,0,49
330,80,0,2
330,81,0,4
330,82,0,2
330,84,0,23
330,86,0,18
330,87,0,47
330,88,0,38
330,89,0,11
330,91,0,4
330,92,0,34
330,93,0,16
330,94,0,31
330,97,0,47
330,99,0,3
330,61,0,49
330,5,0,44
330,66,0,42
330,11,0,32
330,32,0,28
330,1,0,10
331,4,0,25
331,7,0,22
331,8,0,3
331,12,0,26
331,14,0,20
331,17,0,19
331,19,0,27
331,20,0,40
331,22,0,10
331,26,0,3
331,28,0,11
331,30,0,45
331,31,0,27
331,36,0,18
331,38,0,45
331,41,0,24
331,42,0,39
331,43,0,31
331,48,0,27
331,49,0,24
331,50,0,44
331,51,0,44
331,52,0,11
331,53,0,25
331,54,0,22
331,55,0,27
331,59,0,47
331,62,0,39
331,64,0,15
331,65,0,30
331,72,0,6
331,73,0,28
331,74,0,3
331,75,0,9
331,76,0,31
331,79,0,49
331,80,0,2
331,81,0,4
331,82,0,2
331,84,0,23
331,86,0,18
331,87,0,47
331,88,0,38
331,89,0,11
331,91,0,4
331,92,0,34
331,93,0,16
331,94,0,31
331,97,0,47
331,99,0,3
331,61,0,49
331,5,0,44
331,66,0,42
331,11,0,32
331,32,0,28
331,1,0,10
332,4,0,25
332,7,0,22
332,8,0,3
332,12,0,26
332,14,0,20
332,17,0,19
332,19,0,27
332,20,0,40
332,22,0,10
332,26,0,3
332,28,0,11
332,30,0,45
332,31,0,27
332,36,0,18
332,38,0,45
332,41,0,24
332,42,0,39
332,43,0,31
332,48,0,27
332,49,0,24
332,50,0,44
332,51,0,44
332,52,0,11
332,53,0,25
332,54,0,22
332,55,0,27
332,59,0,47
332,62,0,39
332,64,0,15
332,65,0,30
332,72,0,6
332,73,0,28
332,74,0,3
332,75,0,9
332,76,0,31
332,79,0,49
332,80,0,2
332,81,0,4
332,82,0,2
332,84,0,23
332,86,0,18
332,87,0,47
332,88,0,38
332,89,0,11
332,91,0,4
332,92,0,34
332,93,0,16
332,94,0,31
332,97,0,47
332,99,0,3
332,61,0,49
332,5,0,44
332,66,0,42
332,11,0,32
332,32,0,28
332,1,0,10
333,4,0,25
333,7,0,22
333,8,0,3
333,12,0,26
333,14,0,20
333,17,0,19
333,19,0,27
333,20,0,40
333,22,0,10
333,26,0,3
333,28,0,11
333,30,0,45
333,31,0,27
333,36,0,18
333,38,0,45
333,41,0,24
333,42,0,39
333,43,0,31
333,48,0,27
333,49,0,24
333,50,0,44
333,51,0,44
333,52,0,11
333,53,0,25
333,54,0,22
333,55,0,27
333,59,0,47
333,62,0,39
333,64,0,15
333,65,0,30
333,72,0,6
333,73,0,28
333,74,0,3
333,75,0,9
333,76,0,31
333,79,0,49
333,80,0,2
333,81,0,4
333,82,0,2
333,84,0,23
333,86,0,18
333,87,0,47
333,88,0,38
333,89,0,11
333,91,0,4
333,92,0,34
333,93,0,16
333,94,0,31
333,97,0,47
333,99,0,3
333,61,0,49
333,5,0,44
333,66,0,42
333,11,0,32
333,32,0,28
333,1,0,10
334,4,0,25
334,7,0,22
334,8,0,3
334,12,0,26
334,14,0,20
334,17,0,19
334,19,0,27
334,20,0,40
334,22,0,10
334,26,0,3
334,28,0,11
334,30,0,45
334,31,0,27
334,36,0,18
334,38,0,45
334,41,0,24
334,42,0,39
334,43,0,31
334,48,0,27
334,49,0,24
334,50,0,44
334,51,0,44
334,52,0,11
334,53,0,25
334,54,0,22
334,55,0,27
334,59,0,47
334,62,0,39
334,64,0,15
334,65,0,30
334,72,0,6
334,73,0,28
334,74,0,3
334,75,0,9
334,76,0,31
334,79,0,49
334,80,0,2
334,81,0,4
334,82,0,2
334,84,0,23
334,86,0,18
334,87,0,47
334,88,0,38
334,89,0,11
334,91,0,4
334,92,0,34
334,93,0,16
334,94,0,31
334,97,0,47
334,99,0,3
334,61,0,49
334,5,0,44
334,66,0,42
334,11,0,32
334,32,0,28
334,1,0,10
335,4,0,25
335,7,0,22
335,8,0,3
335,12,0,26
335,14,0,20
335,17,0,19
335,19,0,27
335,20,0,40
335,22,0,10
335,26,0,3
335,28,0,11
335,30,0,45
335,31,0,27
335,36,0,18
335,38,0,45
335,41,0,24
335,42,0,39
335,43,0,31
335,48,0,27
335,49,0,24
335,50,0,44
335,51,0,44
335,52,0,11
335,53,0,25
335,54,0,22
335,55,0,27
335,59,0,47
335,62,0,39
335,64,0,15
335,65,0,30
335,72,0,6
335,73,0,28
335,74,0,3
335,75,0,9
335,76,0,31
335,79,0,49
335,80,0,2
335,81,0,4
335,82,0,2
335,84,0,23
335,86,0,18
335,87,0,47
335,88,0,38
335,89,0,11
335,91,0,4
335,92,0,34
335,93,0,16
335,94,0,31
335,97,0,47
335,99,0,3
335,61,0,49
335,5,0,44
335,66,0,42
335,11,0,32
335,32,0,28
335,1,0,10
336,4,0,25
336,7,0,22
336,8,0,3
336,12,0,26
336,14,0,20
336,17,0,19
336,19,0,27
336,20,0,40
336,22,0,10
336,26,0,3
336,28,0,11
336,30,0,45
336,31,0,27
336,36,0,18
336,38,0,45
336,41,0,24
336,42,0,39
336,43,0,31
336,48,0,27
336,49,0,24
336,50,0,44
336,51,0,44
336,52,0,11
336,53,0,25
336,54,0,22
336,55,0,27
336,59,0,47
336,62,0,39
336,64,0,15
336,65,0,30
336,72,0,6
336,73,0,28
336,74,0,3
336,75,0,9
336,76,0,31
336,79,0,49
336,80,0,2
336,81,0,4
336,82,0,2
336,84,0,23
336,86,0,18
336,87,0,47
336,88,0,38
336,89,0,11
336,91,0,4
336,92,0,34
336,93,0,16
336,94,0,31
336,97,0,47
336,99,0,3
336,61,0,49
336,5,0,44
336,66,0,42
336,11,0,32
336,32,0,28
336,1,0,10
337,4,0,25
337,7,0,22
337,8,0,3
337,12,0,26
337,14,0,20
337,17,0,19
337,19,0,27
337,20,0,40
337,22,0,10
337,26,0,3
337,28,0,11
337,30,0,45
337,31,0,27
337,36,0,18
337,38,0,45
337,41,0,24
337,42,0,39
337,43,0,31
337,48,0,27
337,49,0,24
337,50,0,44
337,51,0,44
337,52,0,11
337,53,0,25
337,54,0,22
337,55,0,27
337,59,0,47
337,62,0,39
337,64,0,15
337,65,0,30
337,72,0,6
337,73,0,28
337,74,0,3
337,75,0,9
337,76,0,31
337,79,0,49
337,80,0,2
337,81,0,4
337,82,0,2
337,84,0,23
337,86,0,18
337,87,0,47
337,88,0,38
337,89,0,11
337,91,0,4
337,92,0,34
337,93,0,16
337,94,0,31
337,97,0,47
337,99,0,3
337,61,0,49
337,5,0,44
337,66,0,42
337,11,0,32
337,32,0,28
337,1,0,10
338,4,0,25
338,7,0,22
338,8,0,3
338,12,0,26
338,14,0,20
338,17,0,19
338,19,0,27
338,20,0,40
338,22,0,10
338,26,0,3
338,28,0,11
338,30,0,45
338,31,0,27
338,36,0,18
338,38,0,45
338,41,0,24
338,42,0,39
338,43,0,31
338,48,0,27
338,49,0,24
338,50,0,44
338,51,0,44
338,52,0,11
338,53,0,25
338,54,0,22
338,55,0,27
338,59,0,47
338,62,0,39
338,64,0,15
338,65,0,30
338,72,0,6
338,73,0,28
338,74,0,3
338,75,0,9
338,76,0,31
338,79,0,49
338,80,0,2
338,81,0,4
338,82,0,2
338,84,0,23
338,86,0,18
338,87,0,47
338,88,0,38
338,89,0,11
338,91,0,4
338,92,0,34
338,93,0,16
338,94,0,31
338,97,0,47
338,99,0,3
338,61,0,49
338,5,0,44
338,66,0,42
338,11,0,32
338,32,0,28
338,1,0,10
339,4,0,25
339,7,0,22
339,8,0,3
339,12,0,26
339,14,0,20
339,17,0,19
339,19,0,27
339,20,0,40
339,22,0,10
339,26,0,3
339,28,0,11
339,30,0,45
339,31,0,27
339,36,0,18
339,38,0,45
339,41,0,24
339,42,0,39
339,43,0,31
339,48,0,27
339,49,0,24
339,50,0,44
339,51,0,44
339,52,0,11
339,53,0,25
339,54,0,22
339,55,0,27
339,59,0,47
339,62,0,39
339,64,0,15
339,65,0,30
339,72,0,6
339,73,0,28
339,74,0,3
339,75,0,9
339,76,0,31
339,79,0,49
339,80,0,2
339,81,0,4
339,82,0,2
339,84,0,23
339,86,0,18
339,87,0,47
339,88,0,38
339,89,0,11
339,91,0,4
339,92,0,34
339,93,0,16
339,94,0,31
339,97,0,47
339,99,0,3
339,61,0,49
339,5,0,44
339,66,0,42
339,11,0,32
339,32,0,28
339,1,0,10
340,4,0,25
340,7,0,22
340,8,0,3
340,12,0,26
340,14,0,20
340,17,0,19
340,19,0,27
340,20,0,40
340,22,0,10
340,26,0,3
340,28,0,11
340,30,0,45
340,31,0,27
340,36,0,18
340,38,0,45
340,41,0,24
340,42,0,39
340,43,0,31
340,48,0,27
340,49,0,24
340,50,0,44
340,51,0,44
340,52,0,11
340,53,0,25
340,54,0,22
340,55,0,27
340,59,0,47
340,62,0,39
340,64,0,15
340,65,0,30
340,72,0,6
340,73,0,28
340,74,0,3
340,75,0,9
340,76,0,31
340,79,0,49
340,80,0,2
340,81,0,4
340,82,0,2
340,84,0,23
340,86,0,18
340,87,0,47
340,88,0,38
340,89,0,11
340,91,0,4
340,92,0,34
340,93,0,16
340,94,0,31
340,97,0,47
340,99,0,3
340,61,0,49
340,5,0,44
340,66,0,42
340,11,0,32
340,32,0,28
340,1,0,10
341,4,0,25
341,7,0,22
341,8,0,3
341,12,0,26
341,14,0,20
341,17,0,19
341,19,0,27
341,20,0,40
341,22,0,10
341,26,0,3
341,28,0,11
341,30,0,45
341,31,0,27
341,36,0,18
341,38,0,45
341,41,0,24
341,42,0,39
341,43,0,31
341,48,0,27
341,49,0,24
341,50,0,44
341,51,0,44
341,52,0,11
341,53,0,25
341,54,0,22
341,55,0,27
341,59,0,47
341,62,0,39
341,64,0,15
341,65,0,30
341,72,0,6
341,73,0,28
341,74,0,3
341,75,0,9
341,76,0,31
341,79,0,49
341,80,0,2
341,81,0,4
341,82,0,2
341,84,0,23
341,86,0,18
341,87,0,47
341,88,0,38
341,89,0,11
341,91,0,4
341,92,0,34
341,93,0,16
341,94,0,31
341,97,0,47
341,99,0,3
341,61,0,49
341,5,0,44
341,66,0,42
341,11,0,32
341,32,0,28
341,1,0,10
342,4,0,25
342,7,0,22
342,8,0,3
342,12,0,26
342,14,0,20
342,17,0,19
342,19,0,27
342,20,0,40
342,22,0,10
342,26,0,3
342,28,0,11
342,30,0,45
342,31,0,27
342,36,0,18
342,38,0,45
342,41,0,24
342,42,0,39
342,43,0,31
342,48,0,27
342,49,0,24
342,50,0,44
342,51,0,44
342,52,0,11
342,53,0,25
342,54,0,22
342,55,0,27
342,59,0,47
342,62,0,39
342,64,0,15
342,65,0,30
342,72,0,6
342,73,0,28
342,74,0,3
342,75,0,9
342,76,0,31
342,79,0,49
342,80,0,2
342,81,0,4
342,82,0,2
342,84,0,23
342,86,0,18
342,87,0,47
342,88,0,38
342,89,0,11
342,91,0,4
342,92,0,34
342,93,0,16
342,94,0,31
342,97,0,47
342,99,0,3
342,61,0,49
342,5,0,44
342,66,0,42
342,11,0,32
342,32,0,28
342,1,0,10
343,4,0,25
343,7,0,22
343,8,0,3
343,12,0,26
343,14,0,20
343,17,0,19
343,19,0,27
343,20,0,40
343,22,0,10
343,26,0,3
343,28,0,11
343,30,0,45
343,31,0,27
343,36,0,18
343,38,0,45
343,41,0,24
343,42,0,39
343,43,0,31
343,48,0,27
343,49,0,24
343,50,0,44
343,51,0,44
343,52,0,11
343,53,0,25
343,54,0,22
343,55,0,27
343,59,0,47
343,62,0,39
343,64,0,15
343,65,0,30
343,72,0,6
343,73,0,28
343,74,0,3
343,75,0,9
343,76,0,31
343,79,0,49
343,80,0,2
343,81,0,4
343,82,0,2
343,84,0,23
343,86,0,18
343,87,0,47
343,88,0,38
343,89,0,11
343,91,0,4
343,92,0,34
343,93,0,16
343,94,0,31
343,97,0,47
343,99,0,3
343,61,0,49
343,5,0,44
343,66,0,42
343,11,0,32
343,32,0,28
343,1,0,10
344,4,0,25
344,7,0,22
344,8,0,3
344,12,0,26
344,14,0,20
344,17,0,19
344,19,0,27
344,20,0,40
344,22,0,10
344,26,0,3
344,28,0,11
344,30,0,45
344,31,0,27
344,36,0,18
344,38,0,45
344,41,0,24
344,42,0,39
344,43,0,31
344,48,0,27
344,49,0,24
344,50,0,44
344,51,0,44
344,52,0,11
344,53,0,25
344,54,0,22
344,55,0,27
344,59,0,47
344,62,0,39
344,64,0,15
344,65,0,30
344,72,0,6
344,73,0,28
344,74,0,3
344,75,0,9
344,76,0,31
344,79,0,49
344,80,0,2
344,81,0,4
344,82,0,2
344,84,0,23
344,86,0,18
344,87,0,47
344,88,0,38
344,89,0,11
344,91,0,4
344,92,0,34
344,93,0,16
344,94,0,31
344,97,0,47
344,99,0,3
344,61,0,49
344,5,0,44
344,66,0,42
344,11,0,32
344,32,0,28
344,1,0,10
345,4,0,25
345,7,0,22
345,8,0,3
345,12,0,26
345,14,0,20
345,17,0,19
345,19,0,27
345,20,0,40
345,22,0,10
345,26,0,3
345,28,0,11
345,30,0,45
345,31,0,27
345,36,0,18
345,38,0,45
345,41,0,24
345,42,0,39
345,43,0,31
345,48,0,27
345,49,0,24
345,50,0,44
345,51,0,44
345,52,0,11
345,53,0,25
345,54,0,22
345,55,0,27
345,59,0,47
345,62,0,39
345,64,0,15
345,65,0,30
345,72,0,6
345,73,0,28
345,74,0,3
345,75,0,9
345,76,0,31
345,79,0,49
345,80,0,2
345,81,0,4
345,82,0,2
345,84,0,23
345,86,0,18
345,87,0,47
345,88,0,38
345,89,0,11
345,91,0,4
345,92,0,34
345,93,0,16
345,94,0,31
345,97,0,47
345,99,0,3
345,61,0,49
345,5,0,44
345,66,0,42
345,11,0,32
345,32,0,28
345,1,0,10
346,4,0,25
346,7,0,22
346,8,0,3
346,12,0,26
346,14,0,20
346,17,0,19
346,19,0,27
346,20,0,40
346,22,0,10
346,26,0,3
346,28,0,11
346,30,0,45
346,31,0,27
346,36,0,18
346,38,0,45
346,41,0,24
346,42,0,39
346,43,0,31
346,48,0,27
346,49,0,24
346,50,0,44
346,51,0,44
346,52,0,11
346,53,0,25
346,54,0,22
346,55,0,27
346,59,0,47
346,62,0,39
346,64,0,15
346,65,0,30
346,72,0,6
346,73,0,28
346,74,0,3
346,75,0,9
346,76,0,31
346,79,0,49
346,80,0,2
346,81,0,4
346,82,0,2
346,84,0,23
346,86,0,18
346,87,0,47
346,88,0,38
346,89,0,11
346,91,0,4
346,92,0,34
346,93,0,16
346,94,0,31
346,97,0,47
346,99,0,3
346,61,0,49
346,5,0,44
346,66,0,42
346,11,0,32
346,32,0,28
346,1,0,10
347,4,0,25
347,7,0,22
347,8,0,3
347,12,0,26
347,14,0,20
347,17,0,19
347,19,0,27
347,20,0,40
347,22,0,10
347,26,0,3
347,28,0,11
347,30,0,45
347,31,0,27
347,36,0,18
347,38,0,45
347,41,0,24
347,42,0,39
347,43,0,31
347,48,0,27
347,49,0,24
347,50,0,44
347,51,0,44
347,52,0,11
347,53,0,25
347,54,0,22
347,55,0,27
347,59,0,47
347,62,0,39
347,64,0,15
347,65,0,30
347,72,0,6
347,73,0,28
347,74,0,3
347,75,0,9
347,76,0,31
347,79,0,49
347,80,0,2
347,81,0,4
347,82,0,2
347,84,0,23
347,86,0,18
347,87,0,47
347,88,0,38
347,89,0,11
347,91,0,4
347,92,0,34
347,93,0,16
347,94,0,31
347,97,0,47
347,99,0,3
347,61,0,49
347,5,0,44
347,66,0,42
347,11,0,32
347,32,0,28
347,1,0,10
348,4,0,25
348,7,0,22
348,8,0,3
348,12,0,26
348,14,0,20
348,17,0,19
348,19,0,27
348,20,0,40
348,22,0,10
348,26,0,3
348,28,0,11
348,30,0,45
348,31,0,27
348,36,0,18
348,38,0,45
348,41,0,24
348,42,0,39
348,43,0,31
348,48,0,27
348,49,0,24
348,50,0,44
348,51,0,44
348,52,0,11
348,53,0,25
348,54,0,22
348,55,0,27
348,59,0,47
348,62,0,39
348,64,0,15
348,65,0,30
348,72,0,6
348,73,0,28
348,74,0,3
348,75,0,9
348,76,0,31
348,79,0,49
348,80,0,2
348,81,0,4
348,82,0,2
348,84,0,23
348,86,0,18
348,87,0,47
348,88,0,38
348,89,0,11
348,91,0,4
348,92,0,34
348,93,0,16
348,94,0,31
348,97,0,47
348,99,0,3
348,61,0,49
348,5,0,44
348,66,0,42
348,11,0,32
348,32,0,28
348,1,0,10
349,4,0,25
349,7,0,22
349,8,0,3
349,12,0,26
349,14,0,20
349,17,0,19
349,19,0,27
349,20,0,40
349,22,0,10
349,26,0,3
349,28,0,11
349,30,0,45
349,31,0,27
349,36,0,18
349,38,0,45
349,41,0,24
349,42,0,39
349,43,0,31
349,48,0,27
349,49,0,24
349,50,0,44
349,51,0,44
349,52,0,11
349,53,0,25
349,54,0,22
349,55,0,27
349,59,0,47
349,62,0,39
349,64,0,15
349,65,0,30
349,72,0,6
349,73,0,28
349,74,0,3
349,75,0,9
349,76,0,31
349,79,0,49
349,80,0,2
349,81,0,4
349,82,0,2
349,84,0,23
349,86,0,18
349,87,0,47
349,88,0,38
349,89,0,11
349,91,0,4
349,92,0,34
349,93,0,16
349,94,0,31
349,97,0,47
349,99,0,3
349,61,0,49
349,5,0,44
349,66,0,42
349,11,0,32
349,32,0,28
349,1,0,10
350,4,0,25
350,7,0,22
350,8,0,3
350,12,0,26
350,14,0,20
350,17,0,19
350,19,0,27
350,20,0,40
350,22,0,10
350,26,0,3
350,28,0,11
350,30,0,45
350,31,0,27
350,36,0,18
350,38,0,45
350,41,0,24
350,42,0,39
350,43,0,31
350,48,0,27
350,49,0,24
350,50,0,44
350,51,0,44
350,52,0,11
350,53,0,25
350,54,0,22
350,55,0,27
350,59,0,47
350,62,0,39
350,64,0,15
350,65,0,30
350,72,0,6
350,73,0,28
350,74,0,3
350,75,0,9
350,76,0,31
350,79,0,49
350,80,0,2
350,81,0,4
350,82,0,2
350,84,0,23
350,86,0,18
350,87,0,47
350,88,0,38
350,89,0,11
350,91,0,4
350,92,0,34
350,93,0,16
350,94,0,31
350,97,0,47
350,99,0,3
350,61,0,49
350,5,0,44
350,66,0,42
350,11,0,32
350,32,0,28
350,1,0,10
351,4,0,25
351,7,0,22
351,8,0,3
351,12,0,26
351,14,0,20
351,17,0,19
351,19,0,27
351,20,0,40
351,22,0,10
351,26,0,3
351,28,0,11
351,30,0,45
351,31,0,27
351,36,0,18
351,38,0,45
351,41,0,24
351,42,0,39
351,43,0,31
351,48,0,27
351,49,0,24
351,50,0,44
351,51,0,44
351,52,0,11
351,53,0,25
351,54,0,22
351,55,0,27
351,59,0,47
351,62,0,39
351,64,0,15
351,65,0,30
351,72,0,6
351,73,0,28
351,74,0,3
351,75,0,9
351,76,0,31
351,79,0,49
351,80,0,2
351,81,0,4
351,82,0,2
351,84,0,23
351,86,0,18
351,87,0,47
351,88,0,38
351,89,0,11
351,91,0,4
351,92,0,34
351,93,0,16
351,94,0,31
351,97,0,47
351,99,0,3
351,61,0,49
351,5,0,44
351,66,0,42
351,11,0,32
351,32,0,28
351,1,0,10
352,4,0,25
352,7,0,22
352,8,0,3
352,12,0,26
352,14,0,20
352,17,0,19
352,19,0,27
352,20,0,40
352,22,0,10
352,26,0,3
352,28,0,11
352,30,0,45
352,31,0,27
352,36,0,18
352,38,0,45
352,41,0,24
352,42,0,39
352,43,0,31
352,48,0,27
352,49,0,24
352,50,0,44
352,51,0,44
352,52,0,11
352,53,0,25
352,54,0,22
352,55,0,27
352,59,0,47
352,62,0,39
352,64,0,15
352,65,0,30
352,72,0,6
352,73,0,28
352,74,0,3
352,75,0,9
352,76,0,31
352,79,0,49
352,80,0,2
352,81,0,4
352,82,0,2
352,84,0,23
352,86,0,18
352,87,0,47
352,88,0,38
352,89,0,11
352,91,0,4
352,92,0,34
352,93,0,16
352,94,0,31
352,97,0,47
352,99,0,3
352,61,0,49
352,5,0,44
352,66,0,42
352,11,0,32
352,32,0,28
352,1,0,10
353,4,0,25
353,7,0,22
353,8,0,3
353,12,0,26
353,14,0,20
353,17,0,19
353,19,0,27
353,20,0,40
353,22,0,10
353,26,0,3
353,28,0,11
353,30,0,45
353,31,0,27
353,36,0,18
353,38,0,45
353,41,0,24
353,42,0,39
353,43,0,31
353,48,0,27
353,49,0,24
353,50,0,44
353,51,0,44
353,52,0,11
353,53,0,25
353,54,0,22
353,55,0,27
353,59,0,47
353,62,0,39
353,64,0,15
353,65,0,30
353,72,0,6
353,73,0,28
353,74,0,3
353,75,0,9
353,76,0,31
353,79,0,49
353,80,0,2
353,81,0,4
353,82,0,2
353,84,0,23
353,86,0,18
353,87,0,47
353,88,0,38
353,89,0,11
353,91,0,4
353,92,0,34
353,93,0,16
353,94,0,31
353,97,0,47
353,99,0,3
353,61,0,49
353,5,0,44
353,66,0,42
353,11,0,32
353,32,0,28
353,1,0,10
354,4,0,25
354,7,0,22
354,8,0,3
354,12,0,26
354,14,0,20
354,17,0,19
354,19,0,27
354,20,0,40
354,22,0,10
354,26,0,3
354,28,0,11
354,30,0,45
354,31,0,27
354,36,0,18
354,38,0,45
354,41,0,24
354,42,0,39
354,43,0,31
354,48,0,27
354,49,0,24
354,50,0,44
354,51,0,44
354,52,0,11
354,53,0,25
354,54,0,22
354,55,0,27
354,59,0,47
354,62,0,39
354,64,0,15
354,65,0,30
354,72,0,6
354,73,0,28
354,74,0,3
354,75,0,9
354,76,0,31
354,79,0,49
354,80,0,2
354,81,0,4
354,82,0,2
354,84,0,23
354,86,0,18
354,87,0,47
354,88,0,38
354,89,0,11
354,91,0,4
354,92,0,34
354,93,0,16
354,94,0,31
354,97,0,47
354,99,0,3
354,61,0,49
354,5,0,44
354,66,0,42
354,11,0,32
354,32,0,28
354,1,0,10
355,4,0,25
355,7,0,22
355,8,0,3
355,12,0,26
355,14,0,20
355,17,0,19
355,19,0,27
355,20,0,40
355,22,0,10
355,26,0,3
355,28,0,11
355,30,0,45
355,31,0,27
355,36,0,18
355,38,0,45
355,41,0,24
355,42,0,39
355,43,0,31
355,48,0,27
355,49,0,24
355,50,0,44
355,51,0,44
355,52,0,11
355,53,0,25
355,54,0,22
355,55,0,27
355,59,0,47
355,62,0,39
355,64,0,15
355,65,0,30
355,72,0,6
355,73,0,28
355,74,0,3
355,75,0,9
355,76,0,31
355,79,0,49
355,80,0,2
355,81,0,4
355,82,0,2
355,84,0,23
355,86,0,18
355,87,0,47
355,88,0,38
355,89,0,11
355,91,0,4
355,92,0,34
355,93,0,16
355,94,0,31
355,97,0,47
355,99,0,3
355,61,0,49
355,5,0,44
355,66,0,42
355,11,0,32
355,32,0,28
355,1,0,10
356,4,0,25
356,7,0,22
356,8,0,3
356,12,0,26
356,14,0,20
356,17,0,19
356,19,0,27
356,20,0,40
356,22,0,10
356,26,0,3
356,28,0,11
356,30,0,45
356,31,0,27
356,36,0,18
356,38,0,45
356,41,0,24
356,42,0,39
356,43,0,31
356,48,0,27
356,49,0,24
356,50,0,44
356,51,0,44
356,52,0,11
356,53,0,25
356,54,0,22
356,55,0,27
356,59,0,47
356,62,0,39
356,64,0,15
356,65,0,30
356,72,0,6
356,73,0,28
356,74,0,3
356,75,0,9
356,76,0,31
356,79,0,49
356,80,0,2
356,81,0,4
356,82,0,2
356,84,0,23
356,86,0,18
356,87,0,47
356,88,0,38
356,89,0,11
356,91,0,4
356,92,0,34
356,93,0,16
356,94,0,31
356,97,0,47
356,99,0,3
356,61,0,49
356,5,0,44
356,66,0,42
356,11,0,32
356,32,0,28
356,1,0,10
357,4,0,25
357,7,0,22
357,8,0,3
357,12,0,26
357,14,0,20
357,17,0,19
357,19,0,27
357,20,0,40
357,22,0,10
357,26,0,3
357,28,0,11
357,30,0,45
357,31,0,27
357,36,0,18
357,38,0,45
357,41,0,24
357,42,0,39
357,43,0,31
357,48,0,27
357,49,0,24
357,50,0,44
357,51,0,44
357,52,0,11
357,53,0,25
357,54,0,22
357,55,0,27
357,59,0,47
357,62,0,39
357,64,0,15
357,65,0,30
357,72,0,6
357,73,0,28
357,74,0,3
357,75,0,9
357,76,0,31
357,79,0,49
357,80,0,2
357,81,0,4
357,82,0,2
357,84,0,23
357,86,0,18
357,87,0,47
357,88,0,38
357,89,0,11
357,91,0,4
357,92,0,34
357,93,0,16
357,94,0,31
357,97,0,47
357,99,0,3
357,61,0,49
357,5,0,44
357,66,0,42
357,11,0,32
357,32,0,28
357,1,0,10
358,4,0,25
358,7,0,22
358,8,0,3
358,12,0,26
358,14,0,20
358,17,0,19
358,19,0,27
358,20,0,40
358,22,0,10
358,26,0,3
358,28,0,11
358,30,0,45
358,31,0,27
358,36,0,18
358,38,0,45
358,41,0,24
358,42,0,39
358,43,0,31
358,48,0,27
358,49,0,24
358,50,0,44
358,51,0,44
358,52,0,11
358,53,0,25
358,54,0,22
358,55,0,27
358,59,0,47
358,62,0,39
358,64,0,15
358,65,0,30
358,72,0,6
358,73,0,28
358,74,0,3
358,75,0,9
358,76,0,31
358,79,0,49
358,80,0,2
358,81,0,4
358,82,0,2
358,84,0,23
358,86,0,18
358,87,0,47
358,88,0,38
358,89,0,11
358,91,0,4
358,92,0,34
358,93,0,16
358,94,0,31
358,97,0,47
358,99,0,3
358,61,0,49
358,5,0,44
358,66,0,42
358,11,0,32
358,32,0,28
358,1,0,10
359,4,0,25
359,7,0,22
359,8,0,3
359,12,0,26
359,14,0,20
359,17,0,19
359,19,0,27
359,20,0,40
359,22,0,10
359,26,0,3
359,28,0,11
359,30,0,45
359,31,0,27
359,36,0,18
359,38,0,45
359,41,0,24
359,42,0,39
359,43,0,31
359,48,0,27
359,49,0,24
359,50,0,44
359,51,0,44
359,52,0,11
359,53,0,25
359,54,0,22
359,55,0,27
359,59,0,47
359,62,0,39
359,64,0,15
359,65,0,30
359,72,0,6
359,73,0,28
359,74,0,3
359,75,0,9
359,76,0,31
359,79,0,49
359,80,0,2
359,81,0,4
359,82,0,2
359,84,0,23
359,86,0,18
359,87,0,47
359,88,0,38
359,89,0,11
359,91,0,4
359,92,0,34
359,93,0,16
359,94,0,31
359,97,0,47
359,99,0,3
359,61,0,49
359,5,0,44
359,66,0,42
359,11,0,32
359,32,0,28
359,1,0,10
360,4,0,25
360,7,0,22
360,8,0,3
360,12,0,26
360,14,0,20
360,17,0,19
360,19,0,27
360,20,0,40
360,22,0,10
360,26,0,3
360,28,0,11
360,30,0,45
360,31,0,27
360,36,0,18
360,38,0,45
360,41,0,24
360,42,0,39
360,43,0,31
360,48,0,27
360,49,0,24
360,50,0,44
360,51,0,44
360,52,0,11
360,53,0,25
360,54,0,22
360,55,0,27
360,59,0,47
360,62,0,39
360,64,0,15
360,65,0,30
360,72,0,6
360,73,0,28
360,74,0,3
360,75,0,9
360,76,0,31
360,79,0,49
360,80,0,2
360,81,0,4
360,82,0,2
360,84,0,23
360,86,0,18
360,87,0,47
360,88,0,38
360,89,0,11
360,91,0,4
360,92,0,34
360,93,0,16
360,94,0,31
360,97,0,47
360,99,0,3
360,61,0,49
360,5,0,44
360,66,0,42
360,11,0,32
360,32,0,28
360,1,0,10
361,4,0,25
361,7,0,22
361,8,0,3
361,12,0,26
361,14,0,20
361,17,0,19
361,19,0,27
361,20,0,40
361,22,0,10
361,26,0,3
361,28,0,11
361,30,0,45
361,31,0,27
361,36,0,18
361,38,0,45
361,41,0,24
361,42,0,39
361,43,0,31
361,48,0,27
361,49,0,24
361,50,0,44
361,51,0,44
361,52,0,11
361,53,0,25
361,54,0,22
361,55,0,27
361,59,0,47
361,62,0,39
361,64,0,15
361,65,0,30
361,72,0,6
361,73,0,28
361,74,0,3
361,75,0,9
361,76,0,31
361,79,0,49
361,80,0,2
361,81,0,4
361,82,0,2
361,84,0,23
361,86,0,18
361,87,0,47
361,88,0,38
361,89,0,11
361,91,0,4
361,92,0,34
361,93,0,16
361,94,0,31
361,97,0,47
361,99,0,3
361,61,0,49
361,5,0,44
361,66,0,42
361,11,0,32
361,32,0,28
361,1,0,10
362,4,0,25
362,7,0,22
362,8,0,3
362,12,0,26
362,14,0,20
362,17,0,19
362,19,0,27
362,20,0,40
362,22,0,10
362,26,0,3
362,28,0,11
362,30,0,45
362,31,0,27
362,36,0,18
362,38,0,45
362,41,0,24
362,42,0,39
362,43,0,31
362,48,0,27
362,49,0,24
362,50,0,44
362,51,0,44
362,52,0,11
362,53,0,25
362,54,0,22
362,55,0,27
362,59,0,47
362,62,0,39
362,64,0,15
362,65,0,30
362,72,0,6
362,73,0,28
362,74,0,3
362,75,0,9
362,76,0,31
362,79,0,49
362,80,0,2
362,81,0,4
362,82,0,2
362,84,0,23
362,86,0,18
362,87,0,47
362,88,0,38
362,89,0,11
362,91,0,4
362,92,0,34
362,93,0,16
362,94,0,31
362,97,0,47
362,99,0,3
362,61,0,49
362,5,0,44
362,66,0,42
362,11,0,32
362,32,0,28
362,1,0,10
363,4,0,25
363,7,0,22
363,8,0,3
363,12,0,26
363,14,0,20
363,17,0,19
363,19,0,27
363,20,0,40
363,22,0,10
363,26,0,3
363,28,0,11
363,30,0,45
363,31,0,27
363,36,0,18
363,38,0,45
363,41,0,24
363,42,0,39
363,43,0,31
363,48,0,27
363,49,0,24
363,50,0,44
363,51,0,44
363,52,0,11
363,53,0,25
363,54,0,22
363,55,0,27
363,59,0,47
363,62,0,39
363,64,0,15
363,65,0,30
363,72,0,6
363,73,0,28
363,74,0,3
363,75,0,9
363,76,0,31
363,79,0,49
363,80,0,2
363,81,0,4
363,82,0,2
363,84,0,23
363,86,0,18
363,87,0,47
363,88,0,38
363,89,0,11
363,91,0,4
363,92,0,34
363,93,0,16
363,94,0,31
363,97,0,47
363,99,0,3
363,61,0,49
363,5,0,44
363,66,0,42
363,11,0,32
363,32,0,28
363,1,0,10
364,4,0,25
364,7,0,22
364,8,0,3
364,12,0,26
364,14,0,20
364,17,0,19
364,19,0,27
364,20,0,40
364,22,0,10
364,26,0,3
364,28,0,11
364,30,0,45
364,31,0,27
364,36,0,18
364,38,0,45
364,41,0,24
364,42,0,39
364,43,0,31
364,48,0,27
364,49,0,24
364,50,0,44
364,51,0,44
364,52,0,11
364,53,0,25
364,54,0,22
364,55,0,27
364,59,0,47
364,62,0,39
364,64,0,15
364,65,0,30
364,72,0,6
364,73,0,28
364,74,0,3
364,75,0,9
364,76,0,31
364,79,0,49
364,80,0,2
364,81,0,4
364,82,0,2
364,84,0,23
364,86,0,18
364,87,0,47
364,88,0,38
364,89,0,11
364,91,0,4
364,92,0,34
364,93,0,16
364,94,0,31
364,97,0,47
364,99,0,3
364,61,0,49
364,5,0,44
364,66,0,42
364,11,0,32
364,32,0,28
364,1,0,10
365,4,0,25
365,7,0,22
365,8,0,3
365,12,0,26
365,14,0,20
365,17,0,19
365,19,0,27
365,20,0,40
365,22,0,10
365,26,0,3
365,28,0,11
365,30,0,45
365,31,0,27
365,36,0,18
365,38,0,45
365,41,0,24
365,42,0,39
365,43,0,31
365,48,0,27
365,49,0,24
365,50,0,44
365,51,0,44
365,52,0,11
365,53,0,25
365,54,0,22
365,55,0,27
365,59,0,47
365,62,0,39
365,64,0,15
365,65,0,30
365,72,0,6
365,73,0,28
365,74,0,3
365,75,0,9
365,76,0,31
365,79,0,49
365,80,0,2
365,81,0,4
365,82,0,2
365,84,0,23
365,86,0,18
365,87,0,47
365,88,0,38
365,89,0,11
365,91,0,4
365,92,0,34
365,93,0,16
365,94,0,31
365,97,0,47
365,99,0,3
365,61,0,49
365,5,0,44
365,66,0,42
365,11,0,32
365,32,0,28
365,1,0,10
366,4,0,25
366,7,0,22
366,8,0,3
366,12,0,26
366,14,0,20
366,17,0,19
366,19,0,27
366,20,0,40
366,22,0,10
366,26,0,3
366,28,0,11
366,30,0,45
366,31,0,27
366,36,0,18
366,38,0,45
366,41,0,24
366,42,0,39
366,43,0,31
366,48,0,27
366,49,0,24
366,50,0,44
366,51,0,44
366,52,0,11
366,53,0,25
366,54,0,22
366,55,0,27
366,59,0,47
366,62,0,39
366,64,0,15
366,65,0,30
366,72,0,6
366,73,0,28
366,74,0,3
366,75,0,9
366,76,0,31
366,79,0,49
366,80,0,2
366,81,0,4
366,82,0,2
366,84,0,23
366,86,0,18
366,87,0,47
366,88,0,38
366,89,0,11
366,91,0,4
366,92,0,34
366,93,0,16
366,94,0,31
366,97,0,47
366,99,0,3
366,61,0,49
366,5,0,44
366,66,0,42
366,11,0,32
366,32,0,28
366,1,0,10
367,4,0,25
367,7,0,22
367,8,0,3
367,12,0,26
367,14,0,20
367,17,0,19
367,19,0,27
367,20,0,40
367,22,0,10
367,26,0,3
367,28,0,11
367,30,0,45
367,31,0,27
367,36,0,18
367,38,0,45
367,41,0,24
367,42,0,39
367,43,0,31
367,48,0,27
367,49,0,24
367,50,0,44
367,51,0,44
367,52,0,11
367,53,0,25
367,54,0,22
367,55,0,27
367,59,0,47
367,62,0,39
367,64,0,15
367,65,0,30
367,72,0,6
367,73,0,28
367,74,0,3
367,75,0,9
367,76,0,31
367,79,0,49
367,80,0,2
367,81,0,4
367,82,0,2
367,84,0,23
367,86,0,18
367,87,0,47
367,88,0,38
367,89,0,11
367,91,0,4
367,92,0,34
367,93,0,16
367,94,0,31
367,97,0,47
367,99,0,3
367,61,0,49
367,5,0,44
367,66,0,42
367,11,0,32
367,32,0,28
367,1,0,10
368,4,0,25
368,7,0,22
368,8,0,3
368,12,0,26
368,14,0,20
368,17,0,19
368,19,0,27
368,20,0,40
368,22,0,10
368,26,0,3
368,28,0,11
368,30,0,45
368,31,0,27
368,36,0,18
368,38,0,45
368,41,0,24
368,42,0,39
368,43,0,31
368,48,0,27
368,49,0,24
368,50,0,44
368,51,0,44
368,52,0,11
368,53,0,25
368,54,0,22
368,55,0,27
368,59,0,47
368,62,0,39
368,64,0,15
368,65,0,30
368,72,0,6
368,73,0,28
368,74,0,3
368,75,0,9
368,76,0,31
368,79,0,49
368,80,0,2
368,81,0,4
368,82,0,2
368,84,0,23
368,86,0,18
368,87,0,47
368,88,0,38
368,89,0,11
368,91,0,4
368,92,0,34
368,93,0,16
368,94,0,31
368,97,0,47
368,99,0,3
368,61,0,49
368,5,0,44
368,66,0,42
368,11,0,32
368,32,0,28
368,1,0,10
369,4,0,25
369,7,0,22
369,8,0,3
369,12,0,26
369,14,0,20
369,17,0,19
369,19,0,27
369,20,0,40
369,22,0,10
369,26,0,3
369,28,0,11
369,30,0,45
369,31,0,27
369,36,0,18
369,38,0,45
369,41,0,24
369,42,0,39
369,43,0,31
369,48,0,27
369,49,0,24
369,50,0,44
369,51,0,44
369,52,0,11
369,53,0,25
369,54,0,22
369,55,0,27
369,59,0,47
369,62,0,39
369,64,0,15
369,65,0,30
369,72,0,6
369,73,0,28
369,74,0,3
369,75,0,9
369,76,0,31
369,79,0,49
369,80,0,2
369,81,0,4
369,82,0,2
369,84,0,23
369,86,0,18
369,87,0,47
369,88,0,38
369,89,0,11
369,91,0,4
369,92,0,34
369,93,0,16
369,94,0,31
369,97,0,47
369,99,0,3
369,61,0,49
369,5,0,44
369,66,0,42
369,11,0,32
369,32,0,28
369,1,0,10
370,4,0,25
370,7,0,22
370,8,0,3
370,12,0,26
370,14,0,20
370,17,0,19
370,19,0,27
370,20,0,40
370,22,0,10
370,26,0,3
370,28,0,11
370,30,0,45
370,31,0,27
370,36,0,18
370,38,0,45
370,41,0,24
370,42,0,39
370,43,0,31
370,48,0,27
370,49,0,24
370,50,0,44
370,51,0,44
370,52,0,11
370,53,0,25
370,54,0,22
370,55,0,27
370,59,0,47
370,62,0,39
370,64,0,15
370,65,0,30
370,72,0,6
370,73,0,28
370,74,0,3
370,75,0,9
370,76,0,31
370,79,0,49
370,80,0,2
370,81,0,4
370,82,0,2
370,84,0,23
370,86,0,18
370,87,0,47
370,88,0,38
370,89,0,11
370,91,0,4
370,92,0,34
370,93,0,16
370,94,0,31
370,97,0,47
370,99,0,3
370,61,0,49
370,5,0,44
370,66,0,42
370,11,0,32
370,32,0,28
370,1,0,10
371,4,0,25
371,7,0,22
371,8,0,3
371,12,0,26
371,14,0,20
371,17,0,19
371,19,0,27
371,20,0,40
371,22,0,10
371,26,0,3
371,28,0,11
371,30,0,45
371,31,0,27
371,36,0,18
371,38,0,45
371,41,0,24
371,42,0,39
371,43,0,31
371,48,0,27
371,49,0,24
371,50,0,44
371,51,0,44
371,52,0,11
371,53,0,25
371,54,0,22
371,55,0,27
371,59,0,47
371,62,0,39
371,64,0,15
371,65,0,30
371,72,0,6
371,73,0,28
371,74,0,3
371,75,0,9
371,76,0,31
371,79,0,49
371,80,0,2
371,81,0,4
371,82,0,2
371,84,0,23
371,86,0,18
371,87,0,47
371,88,0,38
371,89,0,11
371,91,0,4
371,92,0,34
371,93,0,16
371,94,0,31
371,97,0,47
371,99,0,3
371,61,0,49
371,5,0,44
371,66,0,42
371,11,0,32
371,32,0,28
371,1,0,10
372,4,0,25
372,7,0,22
372,8,0,3
372,12,0,26
372,14,0,20
372,17,0,19
372,19,0,27
372,20,0,40
372,22,0,10
372,26,0,3
372,28,0,11
372,30,0,45
372,31,0,27
372,36,0,18
372,38,0,45
372,41,0,24
372,42,0,39
372,43,0,31
372,48,0,27
372,49,0,24
372,50,0,44
372,51,0,44
372,52,0,11
372,53,0,25
372,54,0,22
372,55,0,27
372,59,0,47
372,62,0,39
372,64,0,15
372,65,0,30
372,72,0,6
372,73,0,28
372,74,0,3
372,75,0,9
372,76,0,31
372,79,0,49
372,80,0,2
372,81,0,4
372,82,0,2
372,84,0,23
372,86,0,18
372,87,0,47
372,88,0,38
372,89,0,11
372,91,0,4
372,92,0,34
372,93,0,16
372,94,0,31
372,97,0,47
372,99,0,3
372,61,0,49
372,5,0,44
372,66,0,42
372,11,0,32
372,32,0,28
372,1,0,10
373,4,0,25
373,7,0,22
373,8,0,3
373,12,0,26
373,14,0,20
373,17,0,19
373,19,0,27
373,20,0,40
373,22,0,10
373,26,0,3
373,28,0,11
373,30,0,45
373,31,0,27
373,36,0,18
373,38,0,45
373,41,0,24
373,42,0,39
373,43,0,31
373,48,0,27
373,49,0,24
373,50,0,44
373,51,0,44
373,52,0,11
373,53,0,25
373,54,0,22
373,55,0,27
373,59,0,47
373,62,0,39
373,64,0,15
373,65,0,30
373,72,0,6
373,73,0,28
373,74,0,3
373,75,0,9
373,76,0,31
373,79,0,49
373,80,0,2
373,81,0,4
373,82,0,2
373,84,0,23
373,86,0,18
373,87,0,47
373,88,0,38
373,89,0,11
373,91,0,4
373,92,0,34
373,93,0,16
373,94,0,31
373,97,0,47
373,99,0,3
373,61,0,49
373,5,0,44
373,66,0,42
373,11,0,32
373,32,0,28
373,1,0,10
374,4,0,25
374,7,0,22
374,8,0,3
374,12,0,26
374,14,0,20
374,17,0,19
374,19,0,27
374,20,0,40
374,22,0,10
374,26,0,3
374,28,0,11
374,30,0,45
374,31,0,27
374,36,0,18
374,38,0,45
374,41,0,24
374,42,0,39
374,43,0,31
374,48,0,27
374,49,0,24
374,50,0,44
374,51,0,44
374,52,0,11
374,53,0,25
374,54,0,22
374,55,0,27
374,59,0,47
374,62,0,39
374,64,0,15
374,65,0,30
374,72,0,6
374,73,0,28
374,74,0,3
374,75,0,9
374,76,0,31
374,79,0,49
374,80,0,2
374,81,0,4
374,82,0,2
374,84,0,23
374,86,0,18
374,87,0,47
374,88,0,38
374,89,0,11
374,91,0,4
374,92,0,34
374,93,0,16
374,94,0,31
374,97,0,47
374,99,0,3
374,61,0,49
374,5,0,44
374,66,0,42
374,11,0,32
374,32,0,28
374,1,0,10
375,4,0,25
375,7,0,22
375,8,0,3
375,12,0,26
375,14,0,20
375,17,0,19
375,19,0,27
375,20,0,40
375,22,0,10
375,26,0,3
375,28,0,11
375,30,0,45
375,31,0,27
375,36,0,18
375,38,0,45
375,41,0,24
375,42,0,39
375,43,0,31
375,48,0,27
375,49,0,24
375,50,0,44
375,51,0,44
375,52,0,11
375,53,0,25
375,54,0,22
375,55,0,27
375,59,0,47
375,62,0,39
375,64,0,15
375,65,0,30
375,72,0,6
375,73,0,28
375,74,0,3
375,75,0,9
375,76,0,31
375,79,0,49
375,80,0,2
375,81,0,4
375,82,0,2
375,84,0,23
375,86,0,18
375,87,0,47
375,88,0,38
375,89,0,11
375,91,0,4
375,92,0,34
375,93,0,16
375,94,0,31
375,97,0,47
375,99,0,3
375,61,0,49
375,5,0,44
375,66,0,42
375,11,0,32
375,32,0,28
375,1,0,10
376,4,0,25
376,7,0,22
376,8,0,3
376,12,0,26
376,14,0,20
376,17,0,19
376,19,0,27
376,20,0,40
376,22,0,10
376,26,0,3
376,28,0,11
376,30,0,45
376,31,0,27
376,36,0,18
376,38,0,45
376,41,0,24
376,42,0,39
376,43,0,31
376,48,0,27
376,49,0,24
376,50,0,44
376,51,0,44
376,52,0,11
376,53,0,25
376,54,0,22
376,55,0,27
376,59,0,47
376,62,0,39
376,64,0,15
376,65,0,30
376,72,0,6
376,73,0,28
376,74,0,3
376,75,0,9
376,76,0,31
376,79,0,49
376,80,0,2
376,81,0,4
376,82,0,2
376,84,0,23
376,86,0,18
376,87,0,47
376,88,0,38
376,89,0,11
376,91,0,4
376,92,0,34
376,93,0,16
376,94,0,31
376,97,0,47
376,99,0,3
376,61,0,49
376,5,0,44
376,66,0,42
376,11,0,32
376,32,0,28
376,1,0,10
377,4,0,25
377,7,0,22
377,8,0,3
377,12,0,26
377,14,0,20
377,17,0,19
377,19,0,27
377,20,0,40
377,22,0,10
377,26,0,3
377,28,0,11
377,30,0,45
377,31,0,27
377,36,0,18
377,38,0,45
377,41,0,24
377,42,0,39
377,43,0,31
377,48,0,27
377,49,0,24
377,50,0,44
377,51,0,44
377,52,0,11
377,53,0,25
377,54,0,22
377,55,0,27
377,59,0,47
377,62,0,39
377,64,0,15
377,65,0,30
377,72,0,6
377,73,0,28
377,74,0,3
377,75,0,9
377,76,0,31
377,79,0,49
377,80,0,2
377,81,0,4
377,82,0,2
377,84,0,23
377,86,0,18
377,87,0,47
377,88,0,38
377,89,0,11
377,91,0,4
377,92,0,34
377,93,0,16
377,94,0,31
377,97,0,47
377,99,0,3
377,61,0,49
377,5,0,44
377,66,0,42
377,11,0,32
377,32,0,28
377,1,0,10
378,4,0,25
378,7,0,22
378,8,0,3
378,12,0,26
378,14,0,20
378,17,0,19
378,19,0,27
378,20,0,40
378,22,0,10
378,26,0,3
378,28,0,11
378,30,0,45
378,31,0,27
378,36,0,18
378,38,0,45
378,41,0,24
378,42,0,39
378,43,0,31
378,48,0,27
378,49,0,24
378,50,0,44
378,51,0,44
378,52,0,11
378,53,0,25
378,54,0,22
378,55,0,27
378,59,0,47
378,62,0,39
378,64,0,15
378,65,0,30
378,72,0,6
378,73,0,28
378,74,0,3
378,75,0,9
378,76,0,31
378,79,0,49
378,80,0,2
378,81,0,4
378,82,0,2
378,84,0,23
378,86,0,18
378,87,0,47
378,88,0,38
378,89,0,11
378,91,0,4
378,92,0,34
378,93,0,16
378,94,0,31
378,97,0,47
378,99,0,3
378,61,0,49
378,5,0,44
378,66,0,42
378,11,0,32
378,32,0,28
378,1,0,10
379,4,0,25
379,7,0,22
379,8,0,3
379,12,0,26
379,14,0,20
379,17,0,19
379,19,0,27
379,20,0,40
379,22,0,10
379,26,0,3
379,28,0,11
379,30,0,45
379,31,0,27
379,36,0,18
379,38,0,45
379,41,0,24
379,42,0,39
379,43,0,31
379,48,0,27
379,49,0,24
379,50,0,44
379,51,0,44
379,52,0,11
379,53,0,25
379,54,0,22
379,55,0,27
379,59,0,47
379,62,0,39
379,64,0,15
379,65,0,30
379,72,0,6
379,73,0,28
379,74,0,3
379,75,0,9
379,76,0,31
379,79,0,49
379,80,0,2
379,81,0,4
379,82,0,2
379,84,0,23
379,86,0,18
379,87,0,47
379,88,0,38
379,89,0,11
379,91,0,4
379,92,0,34
379,93,0,16
379,94,0,31
379,97,0,47
379,99,0,3
379,61,0,49
379,5,0,44
379,66,0,42
379,11,0,32
379,32,0,28
379,1,0,10
380,4,0,25
380,7,0,22
380,8,0,3
380,12,0,26
380,14,0,20
380,17,0,19
380,19,0,27
380,20,0,40
380,22,0,10
380,26,0,3
380,28,0,11
380,30,0,45
380,31,0,27
380,36,0,18
380,38,0,45
380,41,0,24
380,42,0,39
380,43,0,31
380,48,0,27
380,49,0,24
380,50,0,44
380,51,0,44
380,52,0,11
380,53,0,25
380,54,0,22
380,55,0,27
380,59,0,47
380,62,0,39
380,64,0,15
380,65,0,30
380,72,0,6
380,73,0,28
380,74,0,3
380,75,0,9
380,76,0,31
380,79,0,49
380,80,0,2
380,81,0,4
380,82,0,2
380,84,0,23
380,86,0,18
380,87,0,47
380,88,0,38
380,89,0,11
380,91,0,4
380,92,0,34
380,93,0,16
380,94,0,31
380,97,0,47
380,99,0,3
380,61,0,49
380,5,0,44
380,66,0,42
380,11,0,32
380,32,0,28
380,1,0,10
381,4,0,25
381,7,0,22
381,8,0,3
381,12,0,26
381,14,0,20
381,17,0,19
381,19,0,27
381,20,0,40
381,22,0,10
381,26,0,3
381,28,0,11
381,30,0,45
381,31,0,27
381,36,0,18
381,38,0,45
381,41,0,24
381,42,0,39
381,43,0,31
381,48,0,27
381,49,0,24
381,50,0,44
381,51,0,44
381,52,0,11
381,53,0,25
381,54,0,22
381,55,0,27
381,59,0,47
381,62,0,39
381,64,0,15
381,65,0,30
381,72,0,6
381,73,0,28
381,74,0,3
381,75,0,9
381,76,0,31
381,79,0,49
381,80,0,2
381,81,0,4
381,82,0,2
381,84,0,23
381,86,0,18
381,87,0,47
381,88,0,38
381,89,0,11
381,91,0,4
381,92,0,34
381,93,0,16
381,94,0,31
381,97,0,47
381,99,0,3
381,61,0,49
381,5,0,44
381,66,0,42
381,11,0,32
381,32,0,28
381,1,0,10
382,4,0,25
382,7,0,22
382,8,0,3
382,12,0,26
382,14,0,20
382,17,0,19
382,19,0,27
382,20,0,40
382,22,0,10
382,26,0,3
382,28,0,11
382,30,0,45
382,31,0,27
382,36,0,18
382,38,0,45
382,41,0,24
382,42,0,39
382,43,0,31
382,48,0,27
382,49,0,24
382,50,0,44
382,51,0,44
382,52,0,11
382,53,0,25
382,54,0,22
382,55,0,27
382,59,0,47
382,62,0,39
382,64,0,15
382,65,0,30
382,72,0,6
382,73,0,28
382,74,0,3
382,75,0,9
382,76,0,31
382,79,0,49
382,80,0,2
382,81,0,4
382,82,0,2
382,84,0,23
382,86,0,18
382,87,0,47
382,88,0,38
382,89,0,11
382,91,0,4
382,92,0,34
382,93,0,16
382,94,0,31
382,97,0,47
382,99,0,3
382,61,0,49
382,5,0,44
382,66,0,42
382,11,0,32
382,32,0,28
382,1,0,10
383,4,0,25
383,7,0,22
383,8,0,3
383,12,0,26
383,14,0,20
383,17,0,19
383,19,0,27
383,20,0,40
383,22,0,10
383,26,0,3
383,28,0,11
383,30,0,45
383,31,0,27
383,36,0,18
383,38,0,45
383,41,0,24
383,42,0,39
383,43,0,31
383,48,0,27
383,49,0,24
383,50,0,44
383,51,0,44
383,52,0,11
383,53,0,25
383,54,0,22
383,55,0,27
383,59,0,47
383,62,0,39
383,64,0,15
383,65,0,30
383,72,0,6
383,73,0,28
383,74,0,3
383,75,0,9
383,76,0,31
383,79,0,49
383,80,0,2
383,81,0,4
383,82,0,2
383,84,0,23
383,86,0,18
383,87,0,47
383,88,0,38
383,89,0,11
383,91,0,4
383,92,0,34
383,93,0,16
383,94,0,31
383,97,0,47
383,99,0,3
383,61,0,49
383,5,0,44
383,66,0,42
383,11,0,32
383,32,0,28
383,1,0,10
384,4,0,25
384,7,0,22
384,8,0,3
384,12,0,26
384,14,0,20
384,17,0,19
384,19,0,27
384,20,0,40
384,22,0,10
384,26,0,3
384,28,0,11
384,30,0,45
384,31,0,27
384,36,0,18
384,38,0,45
384,41,0,24
384,42,0,39
384,43,0,31
384,48,0,27
384,49,0,24
384,50,0,44
384,51,0,44
384,52,0,11
384,53,0,25
384,54,0,22
384,55,0,27
384,59,0,47
384,62,0,39
384,64,0,15
384,65,0,30
384,72,0,6
384,73,0,28
384,74,0,3
384,75,0,9
384,76,0,31
384,79,0,49
384,80,0,2
384,81,0,4
384,82,0,2
384,84,0,23
384,86,0,18
384,87,0,47
384,88,0,38
384,89,0,11
384,91,0,4
384,92,0,34
384,93,0,16
384,94,0,31
384,97,0,47
384,99,0,3
384,61,0,49
384,5,0,44
384,66,0,42
384,11,0,32
384,32,0,28
384,1,0,10
385,4,0,25
385,7,0,22
385,8,0,3
385,12,0,26
385,14,0,20
385,17,0,19
385,19,0,27
385,20,0,40
385,22,0,10
385,26,0,3
385,28,0,11
385,30,0,45
385,31,0,27
385,36,0,18
385,38,0,45
385,41,0,24
385,42,0,39
385,43,0,31
385,48,0,27
385,49,0,24
385,50,0,44
385,51,0,44
385,52,0,11
385,53,0,25
385,54,0,22
385,55,0,27
385,59,0,47
385,62,0,39
385,64,0,15
385,65,0,30
385,72,0,6
385,73,0,28
385,74,0,3
385,75,0,9
385,76,0,31
385,79,0,49
385,80,0,2
385,81,0,4
385,82,0,2
385,84,0,23
385,86,0,18
385,87,0,47
385,88,0,38
385,89,0,11
385,91,0,4
385,92,0,34
385,93,0,16
385,94,0,31
385,97,0,47
385,99,0,3
385,61,0,49
385,5,0,44
385,66,0,42
385,11,0,32
385,32,0,28
385,1,0,10
386,4,0,25
386,7,0,22
386,8,0,3
386,12,0,26
386,14,0,20
386,17,0,19
386,19,0,27
386,20,0,40
386,22,0,10
386,26,0,3
386,28,0,11
386,30,0,45
386,31,0,27
386,36,0,18
386,38,0,45
386,41,0,24
386,42,0,39
386,43,0,31
386,48,0,27
386,49,0,24
386,50,0,44
386,51,0,44
386,52,0,11
386,53,0,25
386,54,0,22
386,55,0,27
386,59,0,47
386,62,0,39
386,64,0,15
386,65,0,30
386,72,0,6
386,73,0,28
386,74,0,3
386,75,0,9
386,76,0,31
386,79,0,49
386,80,0,2
386,81,0,4
386,82,0,2
386,84,0,23
386,86,0,18
386,87,0,47
386,88,0,38
386,89,0,11
386,91,0,4
386,92,0,34
386,93,0,16
386,94,0,31
386,97,0,47
386,99,0,3
386,61,0,49
386,5,0,44
386,66,0,42
386,11,0,32
386,32,0,28
386,1,0,10
387,4,0,25
387,7,0,22
387,8,0,3
387,12,0,26
387,14,0,20
387,17,0,19
387,19,0,27
387,20,0,40
387,22,0,10
387,26,0,3
387,28,0,11
387,30,0,45
387,31,0,27
387,36,0,18
387,38,0,45
387,41,0,24
387,42,0,39
387,43,0,31
387,48,0,27
387,49,0,24
387,50,0,44
387,51,0,44
387,52,0,11
387,53,0,25
387,54,0,22
387,55,0,27
387,59,0,47
387,62,0,39
387,64,0,15
387,65,0,30
387,72,0,6
387,73,0,28
387,74,0,3
387,75,0,9
387,76,0,31
387,79,0,49
387,80,0,2
387,81,0,4
387,82,0,2
387,84,0,23
387,86,0,18
387,87,0,47
387,88,0,38
387,89,0,11
387,91,0,4
387,92,0,34
387,93,0,16
387,94,0,31
387,97,0,47
387,99,0,3
387,61,0,49
387,5,0,44
387,66,0,42
387,11,0,32
387,32,0,28
387,1,0,10
388,4,0,25
388,7,0,22
388,8,0,3
388,12,0,26
388,14,0,20
388,17,0,19
388,19,0,27
388,20,0,40
388,22,0,10
388,26,0,3
388,28,0,11
388,30,0,45
388,31,0,27
388,36,0,18
388,38,0,45
388,41,0,24
388,42,0,39
388,43,0,31
388,48,0,27
388,49,0,24
388,50,0,44
388,51,0,44
388,52,0,11
388,53,0,25
388,54,0,22
388,55,0,27
388,59,0,47
388,62,0,39
388,64,0,15
388,65,0,30
388,72,0,6
388,73,0,28
388,74,0,3
388,75,0,9
388,76,0,31
388,79,0,49
388,80,0,2
388,81,0,4
388,82,0,2
388,84,0,23
388,86,0,18
388,87,0,47
388,88,0,38
388,89,0,11
388,91,0,4
388,92,0,34
388,93,0,16
388,94,0,31
388,97,0,47
388,99,0,3
388,61,0,49
388,5,0,44
388,66,0,42
388,11,0,32
388,32,0,28
388,1,0,10
389,4,0,25
389,7,0,22
389,8,0,3
389,12,0,26
389,14,0,20
389,17,0,19
389,19,0,27
389,20,0,40
389,22,0,10
389,26,0,3
389,28,0,11
389,30,0,45
389,31,0,27
389,36,0,18
389,38,0,45
389,41,0,24
389,42,0,39
389,43,0,31
389,48,0,27
389,49,0,24
389,50,0,44
389,51,0,44
389,52,0,11
389,53,0,25
389,54,0,22
389,55,0,27
389,59,0,47
389,62,0,39
389,64,0,15
389,65,0,30
389,72,0,6
389,73,0,28
389,74,0,3
389,75,0,9
389,76,0,31
389,79,0,49
389,80,0,2
389,81,0,4
389,82,0,2
389,84,0,23
389,86,0,18
389,87,0,47
389,88,0,38
389,89,0,11
389,91,0,4
389,92,0,34
389,93,0,16
389,94,0,31
389,97,0,47
389,99,0,3
389,61,0,49
389,5,0,44
389,66,0,42
389,11,0,32
389,32,0,28
389,1,0,10
390,4,0,25
390,7,0,22
390,8,0,3
390,12,0,26
390,14,0,20
390,17,0,19
390,19,0,27
390,20,0,40
390,22,0,10
390,26,0,3
390,28,0,11
390,30,0,45
390,31,0,27
390,36,0,18
390,38,0,45
390,41,0,24
390,42,0,39
390,43,0,31
390,48,0,27
390,49,0,24
390,50,0,44
390,51,0,44
390,52,0,11
390,53,0,25
390,54,0,22
390,55,0,27
390,59,0,47
390,62,0,39
390,64,0,15
390,65,0,30
390,72,0,6
390,73,0,28
390,74,0,3
390,75,0,9
390,76,0,31
390,79,0,49
390,80,0,2
390,81,0,4
390,82,0,2
390,84,0,23
390,86,0,18
390,87,0,47
390,88,0,38
390,89,0,11
390,91,0,4
390,92,0,34
390,93,0,16
390,94,0,31
390,97,0,47
390,99,0,3
390,61,0,49
390,5,0,44
390,66,0,42
390,11,0,32
390,32,0,28
390,1,0,10
391,4,0,25
391,7,0,22
391,8,0,3
391,12,0,26
391,14,0,20
391,17,0,19
391,19,0,27
391,20,0,40
391,22,0,10
391,26,0,3
391,28,0,11
391,30,0,45
391,31,0,27
391,36,0,18
391,38,0,45
391,41,0,24
391,42,0,39
391,43,0,31
391,48,0,27
391,49,0,24
391,50,0,44
391,51,0,44
391,52,0,11
391,53,0,25
391,54,0,22
391,55,0,27
391,59,0,47
391,62,0,39
391,64,0,15
391,65,0,30
391,72,0,6
391,73,0,28
391,74,0,3
391,75,0,9
391,76,0,31
391,79,0,49
391,80,0,2
391,81,0,4
391,82,0,2
391,84,0,23
391,86,0,18
391,87,0,47
391,88,0,38
391,89,0,11
391,91,0,4
391,92,0,34
391,93,0,16
391,94,0,31
391,97,0,47
391,99,0,3
391,61,0,49
391,5,0,44
391,66,0,42
391,11,0,32
391,32,0,28
391,1,0,10
392,4,0,25
392,7,0,22
392,8,0,3
392,12,0,26
392,14,0,20
392,17,0,19
392,19,0,27
392,20,0,40
392,22,0,10
392,26,0,3
392,28,0,11
392,30,0,45
392,31,0,27
392,36,0,18
392,38,0,45
392,41,0,24
392,42,0,39
392,43,0,31
392,48,0,27
392,49,0,24
392,50,0,44
392,51,0,44
392,52,0,11
392,53,0,25
392,54,0,22
392,55,0,27
392,59,0,47
392,62,0,39
392,64,0,15
392,65,0,30
392,72,0,6
392,73,0,28
392,74,0,3
392,75,0,9
392,76,0,31
392,79,0,49
392,80,0,2
392,81,0,4
392,82,0,2
392,84,0,23
392,86,0,18
392,87,0,47
392,88,0,38
392,89,0,11
392,91,0,4
392,92,0,34
392,93,0,16
392,94,0,31
392,97,0,47
392,99,0,3
392,61,0,49
392,5,0,44
392,66,0,42
392,11,0,32
392,32,0,28
392,1,0,10
393,4,0,25
393,7,0,22
393,8,0,3
393,12,0,26
393,14,0,20
393,17,0,19
393,19,0,27
393,20,0,40
393,22,0,10
393,26,0,3
393,28,0,11
393,30,0,45
393,31,0,27
393,36,0,18
393,38,0,45
393,41,0,24
393,42,0,39
393,43,0,31
393,48,0,27
393,49,0,24
393,50,0,44
393,51,0,44
393,52,0,11
393,53,0,25
393,54,0,22
393,55,0,27
393,59,0,47
393,62,0,39
393,64,0,15
393,65,0,30
393,72,0,6
393,73,0,28
393,74,0,3
393,75,0,9
393,76,0,31
393,79,0,49
393,80,0,2
393,81,0,4
393,82,0,2
393,84,0,23
393,86,0,18
393,87,0,47
393,88,0,38
393,89,0,11
393,91,0,4
393,92,0,34
393,93,0,16
393,94,0,31
393,97,0,47
393,99,0,3
393,61,0,49
393,5,0,44
393,66,0,42
393,11,0,32
393,32,0,28
393,1,0,10
394,4,0,25
394,7,0,22
394,8,0,3
394,12,0,26
394,14,0,20
394,17,0,19
394,19,0,27
394,20,0,40
394,22,0,10
394,26,0,3
394,28,0,11
394,30,0,45
394,31,0,27
394,36,0,18
394,38,0,45
394,41,0,24
394,42,0,39
394,43,0,31
394,48,0,27
394,49,0,24
394,50,0,44
394,51,0,44
394,52,0,11
394,53,0,25
394,54,0,22
394,55,0,27
394,59,0,47
394,62,0,39
394,64,0,15
394,65,0,30
394,72,0,6
394,73,0,28
394,74,0,3
394,75,0,9
394,76,0,31
394,79,0,49
394,80,0,2
394,81,0,4
394,82,0,2
394,84,0,23
394,86,0,18
394,87,0,47
394,88,0,38
394,89,0,11
394,91,0,4
394,92,0,34
394,93,0,16
394,94,0,31
394,97,0,47
394,99,0,3
394,61,0,49
394,5,0,44
394,66,0,42
394,11,0,32
394,32,0,28
394,1,0,10
395,4,0,25
395,7,0,22
395,8,0,3
395,12,0,26
395,14,0,20
395,17,0,19
395,19,0,27
395,20,0,40
395,22,0,10
395,26,0,3
395,28,0,11
395,30,0,45
395,31,0,27
395,36,0,18
395,38,0,45
395,41,0,24
395,42,0,39
395,43,0,31
395,48,0,27
395,49,0,24
395,50,0,44
395,51,0,44
395,52,0,11
395,53,0,25
395,54,0,22
395,55,0,27
395,59,0,47
395,62,0,39
395,64,0,15
395,65,0,30
395,72,0,6
395,73,0,28
395,74,0,3
395,75,0,9
395,76,0,31
395,79,0,49
395,80,0,2
395,81,0,4
395,82,0,2
395,84,0,23
395,86,0,18
395,87,0,47
395,88,0,38
395,89,0,11
395,91,0,4
395,92,0,34
395,93,0,16
395,94,0,31
395,97,0,47
395,99,0,3
395,61,0,49
395,5,0,44
395,66,0,42
395,11,0,32
395,32,0,28
395,1,0,10
396,4,0,25
396,7,0,22
396,8,0,3
396,12,0,26
396,14,0,20
396,17,0,19
396,19,0,27
396,20,0,40
396,22,0,10
396,26,0,3
396,28,0,11
396,30,0,45
396,31,0,27
396,36,0,18
396,38,0,45
396,41,0,24
396,42,0,39
396,43,0,31
396,48,0,27
396,49,0,24
396,50,0,44
396,51,0,44
396,52,0,11
396,53,0,25
396,54,0,22
396,55,0,27
396,59,0,47
396,62,0,39
396,64,0,15
396,65,0,30
396,72,0,6
396,73,0,28
396,74,0,3
396,75,0,9
396,76,0,31
396,79,0,49
396,80,0,2
396,81,0,4
396,82,0,2
396,84,0,23
396,86,0,18
396,87,0,47
396,88,0,38
396,89,0,11
396,91,0,4
396,92,0,34
396,93,0,16
396,94,0,31
396,97,0,47
396,99,0,3
396,61,0,49
396,5,0,44
396,66,0,42
396,11,0,32
396,32,0,28
396,1,0,10
397,4,0,25
397,7,0,22
397,8,0,3
397,12,0,26
397,14,0,20
397,17,0,19
397,19,0,27
397,20,0,40
397,22,0,10
397,26,0,3
397,28,0,11
397,30,0,45
397,31,0,27
397,36,0,18
397,38,0,45
397,41,0,24
397,42,0,39
397,43,0,31
397,48,0,27
397,49,0,24
397,50,0,44
397,51,0,44
397,52,0,11
397,53,0,25
397,54,0,22
397,55,0,27
397,59,0,47
397,62,0,39
397,64,0,15
397,65,0,30
397,72,0,6
397,73,0,28
397,74,0,3
397,75,0,9
397,76,0,31
397,79,0,49
397,80,0,2
397,81,0,4
397,82,0,2
397,84,0,23
397,86,0,18
397,87,0,47
397,88,0,38
397,89,0,11
397,91,0,4
397,92,0,34
397,93,0,16
397,94,0,31
397,97,0,47
397,99,0,3
397,61,0,49
397,5,0,44
397,66,0,42
397,11,0,32
397,32,0,28
397,1,0,10
398,4,0,25
398,7,0,22
398,8,0,3
398,12,0,26
398,14,0,20
398,17,0,19
398,19,0,27
398,20,0,40
398,22,0,10
398,26,0,3
398,28,0,11
398,30,0,45
398,31,0,27
398,36,0,18
398,38,0,45
398,41,0,24
398,42,0,39
398,43,0,31
398,48,0,27
398,49,0,24
398,50,0,44
398,51,0,44
398,52,0,11
398,53,0,25
398,54,0,22
398,55,0,27
398,59,0,47
398,62,0,39
398,64,0,15
398,65,0,30
398,72,0,6
398,73,0,28
398,74,0,3
398,75,0,9
398,76,0,31
398,79,0,49
398,80,0,2
398,81,0,4
398,82,0,2
398,84,0,23
398,86,0,18
398,87,0,47
398,88,0,38
398,89,0,11
398,91,0,4
398,92,0,34
398,93,0,16
398,94,0,31
398,97,0,47
398,99,0,3
398,61,0,49
398,5,0,44
398,66,0,42
398,11,0,32
398,32,0,28
398,1,0,10
399,4,0,25
399,7,0,22
399,8,0,3
399,12,0,26
399,14,0,20
399,17,0,19
399,19,0,27
399,20,0,40
399,22,0,10
399,26,0,3
399,28,0,11
399,30,0,45
399,31,0,27
399,36,0,18
399,38,0,45
399,41,0,24
399,42,0,39
399,43,0,31
399,48,0,27
399,49,0,24
399,50,0,44
399,51,0,44
399,52,0,11
399,53,0,25
399,54,0,22
399,55,0,27
399,59,0,47
399,62,0,39
399,64,0,15
399,65,0,30
399,72,0,6
399,73,0,28
399,74,0,3
399,75,0,9
399,76,0,31
399,79,0,49
399,80,0,2
399,81,0,4
399,82,0,2
399,84,0,23
399,86,0,18
399,87,0,47
399,88,0,38
399,89,0,11
399,91,0,4
399,92,0,34
399,93,0,16
399,94,0,31
399,97,0,47
399,99,0,3
399,61,0,49
399,5,0,44
399,66,0,42
399,11,0,32
399,32,0,28
399,1,0,10
400,4,0,25
400,7,0,22
400,8,0,3
400,12,0,26
400,14,0,20
400,17,0,19
400,19,0,27
400,20,0,40
400,22,0,10
400,26,0,3
400,28,0,11
400,30,0,45
400,31,0,27
400,36,0,18
400,38,0,45
400,41,0,24
400,42,0,39
400,43,0,31
400,48,0,27
400,49,0,24
400,50,0,44
400,51,0,44
400,52,0,11
400,53,0,25
400,54,0,22
400,55,0,27
400,59,0,47
400,62,0,39
400,64,0,15
400,65,0,30
400,72,0,6
400,73,0,28
400,74,0,3
400,75,0,9
400,76,0,31
400,79,0,49
400,80,0,2
400,81,0,4
400,82,0,2
400,84,0,23
400,86,0,18
400,87,0,47
400,88,0,38
400,89,0,11
400,91,0,4
400,92,0,34
400,93,0,16
400,94,0,31
400,97,0,47
400,99,0,3
400,61,0,49
400,5,0,44
400,66,0,42
400,11,0,32
400,32,0,28
400,1,0,10
401,4,0,25
401,7,0,22
401,8,0,3
401,12,0,26
401,14,0,20
401,17,0,19
401,19,0,27
401,20,0,40
401,22,0,10
401,26,0,3
401,28,0,11
401,30,0,45
401,31,0,27
401,36,0,18
401,38,0,45
401,41,0,24
401,42,0,39
401,43,0,31
401,48,0,27
401,49,0,24
401,50,0,44
401,51,0,44
401,52,0,11
401,53,0,25
401,54,0,22
401,55,0,27
401,59,0,47
401,62,0,39
401,64,0,15
401,65,0,30
401,72,0,6
401,73,0,28
401,74,0,3
401,75,0,9
401,76,0,31
401,79,0,49
401,80,0,2
401,81,0,4
401,82,0,2
401,84,0,23
401,86,0,18
401,87,0,47
401,88,0,38
401,89,0,11
401,91,0,4
401,92,0,34
401,93,0,16
401,94,0,31
401,97,0,47
401,99,0,3
401,61,0,49
401,5,0,44
401,66,0,42
401,11,0,32
401,32,0,28
401,1,0,10
402,4,0,25
402,7,0,22
402,8,0,3
402,12,0,26
402,14,0,20
402,17,0,19
402,19,0,27
402,20,0,40
402,22,0,10
402,26,0,3
402,28,0,11
402,30,0,45
402,31,0,27
402,36,0,18
402,38,0,45
402,41,0,24
402,42,0,39
402,43,0,31
402,48,0,27
402,49,0,24
402,50,0,44
402,51,0,44
402,52,0,11
402,53,0,25
402,54,0,22
402,55,0,27
402,59,0,47
402,62,0,39
402,64,0,15
402,65,0,30
402,72,0,6
402,73,0,28
402,74,0,3
402,75,0,9
402,76,0,31
402,79,0,49
402,80,0,2
402,81,0,4
402,82,0,2
402,84,0,23
402,86,0,18
402,87,0,47
402,88,0,38
402,89,0,11
402,91,0,4
402,92,0,34
402,93,0,16
402,94,0,31
402,97,0,47
402,99,0,3
402,61,0,49
402,5,0,44
402,66,0,42
402,11,0,32
402,32,0,28
402,1,0,10
403,4,0,25
403,7,0,22
403,8,0,3
403,12,0,26
403,14,0,20
403,17,0,19
403,19,0,27
403,20,0,40
403,22,0,10
403,26,0,3
403,28,0,11
403,30,0,45
403,31,0,27
403,36,0,18
403,38,0,45
403,41,0,24
403,42,0,39
403,43,0,31
403,48,0,27
403,49,0,24
403,50,0,44
403,51,0,44
403,52,0,11
403,53,0,25
403,54,0,22
403,55,0,27
403,59,0,47
403,62,0,39
403,64,0,15
403,65,0,30
403,72,0,6
403,73,0,28
403,74,0,3
403,75,0,9
403,76,0,31
403,79,0,49
403,80,0,2
403,81,0,4
403,82,0,2
403,84,0,23
403,86,0,18
403,87,0,47
403,88,0,38
403,89,0,11
403,91,0,4
403,92,0,34
403,93,0,16
403,94,0,31
403,97,0,47
403,99,0,3
403,61,0,49
403,5,0,44
403,66,0,42
403,11,0,32
403,32,0,28
403,1,0,10
404,4,0,25
404,7,0,22
404,8,0,3
404,12,0,26
404,14,0,20
404,17,0,19
404,19,0,27
404,20,0,40
404,22,0,10
404,26,0,3
404,28,0,11
404,30,0,45
404,31,0,27
404,36,0,18
404,38,0,45
404,41,0,24
404,42,0,39
404,43,0,31
404,48,0,27
404,49,0,24
404,50,0,44
404,51,0,44
404,52,0,11
404,53,0,25
404,54,0,22
404,55,0,27
404,59,0,47
404,62,0,39
404,64,0,15
404,65,0,30
404,72,0,6
404,73,0,28
404,74,0,3
404,75,0,9
404,76,0,31
404,79,0,49
404,80,0,2
404,81,0,4
404,82,0,2
404,84,0,23
404,86,0,18
404,87,0,47
404,88,0,38
404,89,0,11
404,91,0,4
404,92,0,34
404,93,0,16
404,94,0,31
404,97,0,47
404,99,0,3
404,61,0,49
404,5,0,44
404,66,0,42
404,11,0,32
404,32,0,28
404,1,0,10
405,4,0,25
405,7,0,22
405,8,0,3
405,12,0,26
405,14,0,20
405,17,0,19
405,19,0,27
405,20,0,40
405,22,0,10
405,26,0,3
405,28,0,11
405,30,0,45
405,31,0,27
405,36,0,18
405,38,0,45
405,41,0,24
405,42,0,39
405,43,0,31
405,48,0,27
405,49,0,24
405,50,0,44
405,51,0,44
405,52,0,11
405,53,0,25
405,54,0,22
405,55,0,27
405,59,0,47
405,62,0,39
405,64,0,15
405,65,0,30
405,72,0,6
405,73,0,28
405,74,0,3
405,75,0,9
405,76,0,31
405,79,0,49
405,80,0,2
405,81,0,4
405,82,0,2
405,84,0,23
405,86,0,18
405,87,0,47
405,88,0,38
405,89,0,11
405,91,0,4
405,92,0,34
405,93,0,16
405,94,0,31
405,97,0,47
405,99,0,3
405,61,0,49
405,5,0,44
405,66,0,42
405,11,0,32
405,32,0,28
405,1,0,10
406,4,0,25
406,7,0,22
406,8,0,3
406,12,0,26
406,14,0,20
406,17,0,19
406,19,0,27
406,20,0,40
406,22,0,10
406,26,0,3
406,28,0,11
406,30,0,45
406,31,0,27
406,36,0,18
406,38,0,45
406,41,0,24
406,42,0,39
406,43,0,31
406,48,0,27
406,49,0,24
406,50,0,44
406,51,0,44
406,52,0,11
406,53,0,25
406,54,0,22
406,55,0,27
406,59,0,47
406,62,0,39
406,64,0,15
406,65,0,30
406,72,0,6
406,73,0,28
406,74,0,3
406,75,0,9
406,76,0,31
406,79,0,49
406,80,0,2
406,81,0,4
406,82,0,2
406,84,0,23
406,86,0,18
406,87,0,47
406,88,0,38
406,89,0,11
406,91,0,4
406,92,0,34
406,93,0,16
406,94,0,31
406,97,0,47
406,99,0,3
406,61,0,49
406,5,0,44
406,66,0,42
406,11,0,32
406,32,0,28
406,1,0,10
407,4,0,25
407,7,0,22
407,8,0,3
407,12,0,26
407,14,0,20
407,17,0,19
407,19,0,27
407,20,0,40
407,22,0,10
407,26,0,3
407,28,0,11
407,30,0,45
407,31,0,27
407,36,0,18
407,38,0,45
407,41,0,24
407,42,0,39
407,43,0,31
407,48,0,27
407,49,0,24
407,50,0,44
407,51,0,44
407,52,0,11
407,53,0,25
407,54,0,22
407,55,0,27
407,59,0,47
407,62,0,39
407,64,0,15
407,65,0,30
407,72,0,6
407,73,0,28
407,74,0,3
407,75,0,9
407,76,0,31
407,79,0,49
407,80,0,2
407,81,0,4
407,82,0,2
407,84,0,23
407,86,0,18
407,87,0,47
407,88,0,38
407,89,0,11
407,91,0,4
407,92,0,34
407,93,0,16
407,94,0,31
407,97,0,47
407,99,0,3
407,61,0,49
407,5,0,44
407,66,0,42
407,11,0,32
407,32,0,28
407,1,0,10
408,4,0,25
408,7,0,22
408,8,0,3
408,12,0,26
408,14,0,20
408,17,0,19
408,19,0,27
408,20,0,40
408,22,0,10
408,26,0,3
408,28,0,11
408,30,0,45
408,31,0,27
408,36,0,18
408,38,0,45
408,41,0,24
408,42,0,39
408,43,0,31
408,48,0,27
408,49,0,24
408,50,0,44
408,51,0,44
408,52,0,11
408,53,0,25
408,54,0,22
408,55,0,27
408,59,0,47
408,62,0,39
408,64,0,15
408,65,0,30
408,72,0,6
408,73,0,28
408,74,0,3
408,75,0,9
408,76,0,31
408,79,0,49
408,80,0,2
408,81,0,4
408,82,0,2
408,84,0,23
408,86,0,18
408,87,0,47
408,88,0,38
408,89,0,11
408,91,0,4
408,92,0,34
408,93,0,16
408,94,0,31
408,97,0,47
408,99,0,3
408,61,0,49
408,5,0,44
408,66,0,42
408,11,0,32
408,32,0,28
408,1,0,10
409,4,0,25
409,7,0,22
409,8,0,3
409,12,0,26
409,14,0,20
409,17,0,19
409,19,0,27
409,20,0,40
409,22,0,10
409,26,0,3
409,28,0,11
409,30,0,45
409,31,0,27
409,36,0,18
409,38,0,45
409,41,0,24
409,42,0,39
409,43,0,31
409,48,0,27
409,49,0,24
409,50,0,44
409,51,0,44
409,52,0,11
409,53,0,25
409,54,0,22
409,55,0,27
409,59,0,47
409,62,0,39
409,64,0,15
409,65,0,30
409,72,0,6
409,73,0,28
409,74,0,3
409,75,0,9
409,76,0,31
409,79,0,49
409,80,0,2
409,81,0,4
409,82,0,2
409,84,0,23
409,86,0,18
409,87,0,47
409,88,0,38
409,89,0,11
409,91,0,4
409,92,0,34
409,93,0,16
409,94,0,31
409,97,0,47
409,99,0,3
409,61,0,49
409,5,0,44
409,66,0,42
409,11,0,32
409,32,0,28
409,1,0,10
410,4,0,25
410,7,0,22
410,8,0,3
410,12,0,26
410,14,0,20
410,17,0,19
410,19,0,27
410,20,0,40
410,22,0,10
410,26,0,3
410,28,0,11
410,30,0,45
410,31,0,27
410,36,0,18
410,38,0,45
410,41,0,24
410,42,0,39
410,43,0,31
410,48,0,27
410,49,0,24
410,50,0,44
410,51,0,44
410,52,0,11
410,53,0,25
410,54,0,22
410,55,0,27
410,59,0,47
410,62,0,39
410,64,0,15
410,65,0,30
410,72,0,6
410,73,0,28
410,74,0,3
410,75,0,9
410,76,0,31
410,79,0,49
410,80,0,2
410,81,0,4
410,82,0,2
410,84,0,23
410,86,0,18
410,87,0,47
410,88,0,38
410,89,0,11
410,91,0,4
410,92,0,34
410,93,0,16
410,94,0,31
410,97,0,47
410,99,0,3
410,61,0,49
410,5,0,44
410,66,0,42
410,11,0,32
410,32,0,28
410,1,0,10
411,4,0,25
411,7,0,22
411,8,0,3
411,12,0,26
411,14,0,20
411,17,0,19
411,19,0,27
411,20,0,40
411,22,0,10
411,26,0,3
411,28,0,11
411,30,0,45
411,31,0,27
411,36,0,18
411,38,0,45
411,41,0,24
411,42,0,39
411,43,0,31
411,48,0,27
411,49,0,24
411,50,0,44
411,51,0,44
411,52,0,11
411,53,0,25
411,54,0,22
411,55,0,27
411,59,0,47
411,62,0,39
411,64,0,15
411,65,0,30
411,72,0,6
411,73,0,28
411,74,0,3
411,75,0,9
411,76,0,31
411,79,0,49
411,80,0,2
411,81,0,4
411,82,0,2
411,84,0,23
411,86,0,18
411,87,0,47
411,88,0,38
411,89,0,11
411,91,0,4
411,92,0,34
411,93,0,16
411,94,0,31
411,97,0,47
411,99,0,3
411,61,0,49
411,5,0,44
411,66,0,42
411,11,0,32
411,32,0,28
411,1,0,10
412,4,0,25
412,7,0,22
412,8,0,3
412,12,0,26
412,14,0,20
412,17,0,19
412,19,0,27
412,20,0,40
412,22,0,10
412,26,0,3
412,28,0,11
412,30,0,45
412,31,0,27
412,36,0,18
412,38,0,45
412,41,0,24
412,42,0,39
412,43,0,31
412,48,0,27
412,49,0,24
412,50,0,44
412,51,0,44
412,52,0,11
412,53,0,25
412,54,0,22
412,55,0,27
412,59,0,47
412,62,0,39
412,64,0,15
412,65,0,30
412,72,0,6
412,73,0,28
412,74,0,3
412,75,0,9
412,76,0,31
412,79,0,49
412,80,0,2
412,81,0,4
412,82,0,2
412,84,0,23
412,86,0,18
412,87,0,47
412,88,0,38
412,89,0,11
412,91,0,4
412,92,0,34
412,93,0,16
412,94,0,31
412,97,0,47
412,99,0,3
412,61,0,49
412,5,0,44
412,66,0,42
412,11,0,32
412,32,0,28
412,1,0,10
413,4,0,25
413,7,0,22
413,8,0,3
413,12,0,26
413,14,0,20
413,17,0,19
413,19,0,27
413,20,0,40
413,22,0,10
413,26,0,3
413,28,0,11
413,30,0,45
413,31,0,27
413,36,0,18
413,38,0,45
413,41,0,24
413,42,0,39
413,43,0,31
413,48,0,27
413,49,0,24
413,50,0,44
413,51,0,44
413,52,0,11
413,53,0,25
413,54,0,22
413,55,0,27
413,59,0,47
413,62,0,39
413,64,0,15
413,65,0,30
413,72,0,6
413,73,0,28
413,74,0,3
413,75,0,9
413,76,0,31
413,79,0,49
413,80,0,2
413,81,0,4
413,82,0,2
413,84,0,23
413,86,0,18
413,87,0,47
413,88,0,38
413,89,0,11
413,91,0,4
413,92,0,34
413,93,0,16
413,94,0,31
413,97,0,47
413,99,0,3
413,61,0,49
413,5,0,44
413,66,0,42
413,11,0,32
413,32,0,28
413,1,0,10
414,4,0,25
414,7,0,22
414,8,0,3
414,12,0,26
414,14,0,20
414,17,0,19
414,19,0,27
414,20,0,40
414,22,0,10
414,26,0,3
414,28,0,11
414,30,0,45
414,31,0,27
414,36,0,18
414,38,0,45
414,41,0,24
414,42,0,39
414,43,0,31
414,48,0,27
414,49,0,24
414,50,0,44
414,51,0,44
414,52,0,11
414,53,0,25
414,54,0,22
414,55,0,27
414,59,0,47
414,62,0,39
414,64,0,15
414,65,0,30
414,72,0,6
414,73,0,28
414,74,0,3
414,75,0,9
414,76,0,31
414,79,0,49
414,80,0,2
414,81,0,4
414,82,0,2
414,84,0,23
414,86,0,18
414,87,0,47
414,88,0,38
414,89,0,11
414,91,0,4
414,92,0,34
414,93,0,16
414,94,0,31
414,97,0,47
414,99,0,3
414,61,0,49
414,5,0,44
414,66,0,42
414,11,0,32
414,32,0,28
414,1,0,10
415,4,0,25
415,7,0,22
415,8,0,3
415,12,0,26
415,14,0,20
415,17,0,19
415,19,0,27
415,20,0,40
415,22,0,10
415,26,0,3
415,28,0,11
415,30,0,45
415,31,0,27
415,36,0,18
415,38,0,45
415,41,0,24
415,42,0,39
415,43,0,31
415,48,0,27
415,49,0,24
415,50,0,44
415,51,0,44
415,52,0,11
415,53,0,25
415,54,0,22
415,55,0,27
415,59,0,47
415,62,0,39
415,64,0,15
415,65,0,30
415,72,0,6
415,73,0,28
415,74,0,3
415,75,0,9
415,76,0,31
415,79,0,49
415,80,0,2
415,81,0,4
415,82,0,2
415,84,0,23
415,86,0,18
415,87,0,47
415,88,0,38
415,89,0,11
415,91,0,4
415,92,0,34
415,93,0,16
415,94,0,31
415,97,0,47
415,99,0,3
415,61,0,49
415,5,0,44
415,66,0,42
415,11,0,32
415,32,0,28
415,1,0,10
416,4,0,25
416,7,0,22
416,8,0,3
416,12,0,26
416,14,0,20
416,17,0,19
416,19,0,27
416,20,0,40
416,22,0,10
416,26,0,3
416,28,0,11
416,30,0,45
416,31,0,27
416,36,0,18
416,38,0,45
416,41,0,24
416,42,0,39
416,43,0,31
416,48,0,27
416,49,0,24
416,50,0,44
416,51,0,44
416,52,0,11
416,53,0,25
416,54,0,22
416,55,0,27
416,59,0,47
416,62,0,39
416,64,0,15
416,65,0,30
416,72,0,6
416,73,0,28
416,74,0,3
416,75,0,9
416,76,0,31
416,79,0,49
416,80,0,2
416,81,0,4
416,82,0,2
416,84,0,23
416,86,0,18
416,87,0,47
416,88,0,38
416,89,0,11
416,91,0,4
416,92,0,34
416,93,0,16
416,94,0,31
416,97,0,47
416,99,0,3
416,61,0,49
416,5,0,44
416,66,0,42
416,11,0,32
416,32,0,28
416,1,0,10
417,4,0,25
417,7,0,22
417,8,0,3
417,12,0,26
417,14,0,20
417,17,0,19
417,19,0,27
417,20,0,40
417,22,0,10
417,26,0,3
417,28,0,11
417,30,0,45
417,31,0,27
417,36,0,18
417,38,0,45
417,41,0,24
417,42,0,39
417,43,0,31
417,48,0,27
417,49,0,24
417,50,0,44
417,51,0,44
417,52,0,11
417,53,0,25
417,54,0,22
417,55,0,27
417,59,0,47
417,62,0,39
417,64,0,15
417,65,0,30
417,72,0,6
417,73,0,28
417,74,0,3
417,75,0,9
417,76,0,31
417,79,0,49
417,80,0,2
417,81,0,4
417,82,0,2
417,84,0,23
417,86,0,18
417,87,0,47
417,88,0,38
417,89,0,11
417,91,0,4
417,92,0,34
417,93,0,16
417,94,0,31
417,97,0,47
417,99,0,3
417,61,0,49
417,5,0,44
417,66,0,42
417,11,0,32
417,32,0,28
417,1,0,10
418,4,0,25
418,7,0,22
418,8,0,3
418,12,0,26
418,14,0,20
418,17,0,19
418,19,0,27
418,20,0,40
418,22,0,10
418,26,0,3
418,28,0,11
418,30,0,45
418,31,0,27
418,36,0,18
418,38,0,45
418,41,0,24
418,42,0,39
418,43,0,31
418,48,0,27
418,49,0,24
418,50,0,44
418,51,0,44
418,52,0,11
418,53,0,25
418,54,0,22
418,55,0,27
418,59,0,47
418,62,0,39
418,64,0,15
418,65,0,30
418,72,0,6
418,73,0,28
418,74,0,3
418,75,0,9
418,76,0,31
418,79,0,49
418,80,0,2
418,81,0,4
418,82,0,2
418,84,0,23
418,86,0,18
418,87,0,47
418,88,0,38
418,89,0,11
418,91,0,4
418,92,0,34
418,93,0,16
418,94,0,31
418,97,0,47
418,99,0,3
418,61,0,49
418,5,0,44
418,66,0,42
418,11,0,32
418,32,0,28
418,1,0,10
419,4,0,25
419,7,0,22
419,8,0,3
419,12,0,26
419,14,0,20
419,17,0,19
419,19,0,27
419,20,0,40
419,22,0,10
419,26,0,3
419,28,0,11
419,30,0,45
419,31,0,27
419,36,0,18
419,38,0,45
419,41,0,24
419,42,0,39
419,43,0,31
419,48,0,27
419,49,0,24
419,50,0,44
419,51,0,44
419,52,0,11
419,53,0,25
419,54,0,22
419,55,0,27
419,59,0,47
419,62,0,39
419,64,0,15
419,65,0,30
419,72,0,6
419,73,0,28
419,74,0,3
419,75,0,9
419,76,0,31
419,79,0,49
419,80,0,2
419,81,0,4
419,82,0,2
419,84,0,23
419,86,0,18
419,87,0,47
419,88,0,38
419,89,0,11
419,91,0,4
419,92,0,34
419,93,0,16
419,94,0,31
419,97,0,47
419,99,0,3
419,61,0,49
419,5,0,44
419,66,0,42
419,11,0,32
419,32,0,28
419,1,0,10
420,4,0,25
420,7,0,22
420,8,0,3
420,12,0,26
420,14,0,20
420,17,0,19
420,19,0,27
420,20,0,40
420,22,0,10
420,26,0,3
420,28,0,11
420,30,0,45
420,31,0,27
420,36,0,18
420,38,0,45
420,41,0,24
420,42,0,39
420,43,0,31
420,48,0,27
420,49,0,24
420,50,0,44
420,51,0,44
420,52,0,11
420,53,0,25
420,54,0,22
420,55,0,27
420,59,0,47
420,62,0,39
420,64,0,15
420,65,0,30
420,72,0,6
420,73,0,28
420,74,0,3
420,75,0,9
420,76,0,31
420,79,0,49
420,80,0,2
420,81,0,4
420,82,0,2
420,84,0,23
420,86,0,18
420,87,0,47
420,88,0,38
420,89,0,11
420,91,0,4
420,92,0,34
420,93,0,16
420,94,0,31
420,97,0,47
420,99,0,3
420,61,0,49
420,5,0,44
420,66,0,42
420,11,0,32
420,32,0,28
420,1,0,10
421,4,0,25
421,7,0,22
421,8,0,3
421,12,0,26
421,14,0,20
421,17,0,19
421,19,0,27
421,20,0,40
421,22,0,10
421,26,0,3
421,28,0,11
421,30,0,45
421,31,0,27
421,36,0,18
421,38,0,45
421,41,0,24
421,42,0,39
421,43,0,31
421,48,0,27
421,49,0,24
421,50,0,44
421,51,0,44
421,52,0,11
421,53,0,25
421,54,0,22
421,55,0,27
421,59,0,47
421,62,0,39
421,64,0,15
421,65,0,30
421,72,0,6
421,73,0,28
421,74,0,3
421,75,0,9
421,76,0,31
421,79,0,49
421,80,0,2
421,81,0,4
421,82,0,2
421,84,0,23
421,86,0,18
421,87,0,47
421,88,0,38
421,89,0,11
421,91,0,4
421,92,0,34
421,93,0,16
421,94,0,31
421,97,0,47
421,99,0,3
421,61,0,49
421,5,0,44
421,66,0,42
421,11,0,32
421,32,0,28
421,1,0,10
422,4,0,25
422,7,0,22
422,8,0,3
422,12,0,26
422,14,0,20
422,17,0,19
422,19,0,27
422,20,0,40
422,22,0,10
422,26,0,3
422,28,0,11
422,30,0,45
422,31,0,27
422,36,0,18
422,38,0,45
422,41,0,24
422,42,0,39
422,43,0,31
422,48,0,27
422,49,0,24
422,50,0,44
422,51,0,44
422,52,0,11
422,53,0,25
422,54,0,22
422,55,0,27
422,59,0,47
422,62,0,39
422,64,0,15
422,65,0,30
422,72,0,6
422,73,0,28
422,74,0,3
422,75,0,9
422,76,0,31
422,79,0,49
422,80,0,2
422,81,0,4
422,82,0,2
422,84,0,23
422,86,0,18
422,87,0,47
422,88,0,38
422,89,0,11
422,91,0,4
422,92,0,34
422,93,0,16
422,94,0,31
422,97,0,47
422,99,0,3
422,61,0,49
422,5,0,44
422,66,0,42
422,11,0,32
422,32,0,28
422,1,0,10
423,4,0,25
423,7,0,22
423,8,0,3
423,12,0,26
423,14,0,20
423,17,0,19
423,19,0,27
423,20,0,40
423,22,0,10
423,26,0,3
423,28,0,11
423,30,0,45
423,31,0,27
423,36,0,18
423,38,0,45
423,41,0,24
423,42,0,39
423,43,0,31
423,48,0,27
423,49,0,24
423,50,0,44
423,51,0,44
423,52,0,11
423,53,0,25
423,54,0,22
423,55,0,27
423,59,0,47
423,62,0,39
423,64,0,15
423,65,0,30
423,72,0,6
423,73,0,28
423,74,0,3
423,75,0,9
423,76,0,31
423,79,0,49
423,80,0,2
423,81,0,4
423,82,0,2
423,84,0,23
423,86,0,18
423,87,0,47
423,88,0,38
423,89,0,11
423,91,0,4
423,92,0,34
423,93,0,16
423,94,0,31
423,97,0,47
423,99,0,3
423,61,0,49
423,5,0,44
423,66,0,42
423,11,0,32
423,32,0,28
423,1,0,10
424,4,0,25
424,7,0,22
424,8,0,3
424,12,0,26
424,14,0,20
424,17,0,19
424,19,0,27
424,20,0,40
424,22,0,10
424,26,0,3
424,28,0,11
424,30,0,45
424,31,0,27
424,36,0,18
424,38,0,45
424,41,0,24
424,42,0,39
424,43,0,31
424,48,0,27
424,49,0,24
424,50,0,44
424,51,0,44
424,52,0,11
424,53,0,25
424,54,0,22
424,55,0,27
424,59,0,47
424,62,0,39
424,64,0,15
424,65,0,30
424,72,0,6
424,73,0,28
424,74,0,3
424,75,0,9
424,76,0,31
424,79,0,49
424,80,0,2
424,81,0,4
424,82,0,2
424,84,0,23
424,86,0,18
424,87,0,47
424,88,0,38
424,89,0,11
424,91,0,4
424,92,0,34
424,93,0,16
424,94,0,31
424,97,0,47
424,99,0,3
424,61,0,49
424,5,0,44
424,66,0,42
424,11,0,32
424,32,0,28
424,1,0,10
425,4,0,25
425,7,0,22
425,8,0,3
425,12,0,26
425,14,0,20
425,17,0,19
425,19,0,27
425,20,0,40
425,22,0,10
425,26,0,3
425,28,0,11
425,30,0,45
425,31,0,27
425,36,0,18
425,38,0,45
425,41,0,24
425,42,0,39
425,43,0,31
425,48,0,27
425,49,0,24
425,50,0,44
425,51,0,44
425,52,0,11
425,53,0,25
425,54,0,22
425,55,0,27
425,59,0,47
425,62,0,39
425,64,0,15
425,65,0,30
425,72,0,6
425,73,0,28
425,74,0,3
425,75,0,9
425,76,0,31
425,79,0,49
425,80,0,2
425,81,0,4
425,82,0,2
425,84,0,23
425,86,0,18
425,87,0,47
425,88,0,38
425,89,0,11
425,91,0,4
425,92,0,34
425,93,0,16
425,94,0,31
425,97,0,47
425,99,0,3
425,61,0,49
425,5,0,44
425,66,0,42
425,11,0,32
425,32,0,28
425,1,0,10
426,4,0,25
426,7,0,22
426,8,0,3
426,12,0,26
426,14,0,20
426,17,0,19
426,19,0,27
426,20,0,40
426,22,0,10
426,26,0,3
426,28,0,11
426,30,0,45
426,31,0,27
426,36,0,18
426,38,0,45
426,41,0,24
426,42,0,39
426,43,0,31
426,48,0,27
426,49,0,24
426,50,0,44
426,51,0,44
426,52,0,11
426,53,0,25
426,54,0,22
426,55,0,27
426,59,0,47
426,62,0,39
426,64,0,15
426,65,0,30
426,72,0,6
426,73,0,28
426,74,0,3
426,75,0,9
426,76,0,31
426,79,0,49
426,80,0,2
426,81,0,4
426,82,0,2
426,84,0,23
426,86,0,18
426,87,0,47
426,88,0,38
426,89,0,11
426,91,0,4
426,92,0,34
426,93,0,16
426,94,0,31
426,97,0,47
426,99,0,3
426,61,0,49
426,5,0,44
426,66,0,42
426,11,0,32
426,32,0,28
426,1,0,10
427,4,0,25
427,7,0,22
427,8,0,3
427,12,0,26
427,14,0,20
427,17,0,19
427,19,0,27
427,20,0,40
427,22,0,10
427,26,0,3
427,28,0,11
427,30,0,45
427,31,0,27
427,36,0,18
427,38,0,45
427,41,0,24
427,42,0,39
427,43,0,31
427,48,0,27
427,49,0,24
427,50,0,44
427,51,0,44
427,52,0,11
427,53,0,25
427,54,0,22
427,55,0,27
427,59,0,47
427,62,0,39
427,64,0,15
427,65,0,30
427,72,0,6
427,73,0,28
427,74,0,3
427,75,0,9
427,76,0,31
427,79,0,49
427,80,0,2
427,81,0,4
427,82,0,2
427,84,0,23
427,86,0,18
427,87,0,47
427,88,0,38
427,89,0,11
427,91,0,4
427,92,0,34
427,93,0,16
427,94,0,31
427,97,0,47
427,99,0,3
427,61,0,49
427,5,0,44
427,66,0,42
427,11,0,32
427,32,0,28
427,1,0,10
428,4,0,25
428,7,0,22
428,8,0,3
428,12,0,26
428,14,0,20
428,17,0,19
428,19,0,27
428,20,0,40
428,22,0,10
428,26,0,3
428,28,0,11
428,30,0,45
428,31,0,27
428,36,0,18
428,38,0,45
428,41,0,24
428,42,0,39
428,43,0,31
428,48,0,27
428,49,0,24
428,50,0,44
428,51,0,44
428,52,0,11
428,53,0,25
428,54,0,22
428,55,0,27
428,59,0,47
428,62,0,39
428,64,0,15
428,65,0,30
428,72,0,6
428,73,0,28
428,74,0,3
428,75,0,9
428,76,0,31
428,79,0,49
428,80,0,2
428,81,0,4
428,82,0,2
428,84,0,23
428,86,0,18
428,87,0,47
428,88,0,38
428,89,0,11
428,91,0,4
428,92,0,34
428,93,0,16
428,94,0,31
428,97,0,47
428,99,0,3
428,61,0,49
428,5,0,44
428,66,0,42
428,11,0,32
428,32,0,28
428,1,0,10
429,4,0,25
429,7,0,22
429,8,0,3
429,12,0,26
429,14,0,20
429,17,0,19
429,19,0,27
429,20,0,40
429,22,0,10
429,26,0,3
429,28,0,11
429,30,0,45
429,31,0,27
429,36,0,18
429,38,0,45
429,41,0,24
429,42,0,39
429,43,0,31
429,48,0,27
429,49,0,24
429,50,0,44
429,51,0,44
429,52,0,11
429,53,0,25
429,54,0,22
429,55,0,27
429,59,0,47
429,62,0,39
429,64,0,15
429,65,0,30
429,72,0,6
429,73,0,28
429,74,0,3
429,75,0,9
429,76,0,31
429,79,0,49
429,80,0,2
429,81,0,4
429,82,0,2
429,84,0,23
429,86,0,18
429,87,0,47
429,88,0,38
429,89,0,11
429,91,0,4
429,92,0,34
429,93,0,16
429,94,0,31
429,97,0,47
429,99,0,3
429,61,0,49
429,5,0,44
429,66,0,42
429,11,0,32
429,32,0,28
429,1,0,10
430,4,0,25
430,7,0,22
430,8,0,3
430,12,0,26
430,14,0,20
430,17,0,19
430,19,0,27
430,20,0,40
430,22,0,10
430,26,0,3
430,28,0,11
430,30,0,45
430,31,0,27
430,36,0,18
430,38,0,45
430,41,0,24
430,42,0,39
430,43,0,31
430,48,0,27
430,49,0,24
430,50,0,44
430,51,0,44
430,52,0,11
430,53,0,25
430,54,0,22
430,55,0,27
430,59,0,47
430,62,0,39
430,64,0,15
430,65,0,30
430,72,0,6
430,73,0,28
430,74,0,3
430,75,0,9
430,76,0,31
430,79,0,49
430,80,0,2
430,81,0,4
430,82,0,2
430,84,0,23
430,86,0,18
430,87,0,47
430,88,0,38
430,89,0,11
430,91,0,4
430,92,0,34
430,93,0,16
430,94,0,31
430,97,0,47
430,99,0,3
430,61,0,49
430,5,0,44
430,66,0,42
430,11,0,32
430,32,0,28
430,1,0,10
431,4,0,25
431,7,0,22
431,8,0,3
431,12,0,26
431,14,0,20
431,17,0,19
431,19,0,27
431,20,0,40
431,22,0,10
431,26,0,3
431,28,0,11
431,30,0,45
431,31,0,27
431,36,0,18
431,38,0,45
431,41,0,24
431,42,0,39
431,43,0,31
431,48,0,27
431,49,0,24
431,50,0,44
431,51,0,44
431,52,0,11
431,53,0,25
431,54,0,22
431,55,0,27
431,59,0,47
431,62,0,39
431,64,0,15
431,65,0,30
431,72,0,6
431,73,0,28
431,74,0,3
431,75,0,9
431,76,0,31
431,79,0,49
431,80,0,2
431,81,0,4
431,82,0,2
431,84,0,23
431,86,0,18
431,87,0,47
431,88,0,38
431,89,0,11
431,91,0,4
431,92,0,34
431,93,0,16
431,94,0,31
431,97,0,47
431,99,0,3
431,61,0,49
431,5,0,44
431,66,0,42
431,11,0,32
431,32,0,28
431,1,0,10
432,4,0,25
432,7,0,22
432,8,0,3
432,12,0,26
432,14,0,20
432,17,0,19
432,19,0,27
432,20,0,40
432,22,0,10
432,26,0,3
432,28,0,11
432,30,0,45
432,31,0,27
432,36,0,18
432,38,0,45
432,41,0,24
432,42,0,39
432,43,0,31
432,48,0,27
432,49,0,24
432,50,0,44
432,51,0,44
432,52,0,11
432,53,0,25
432,54,0,22
432,55,0,27
432,59,0,47
432,62,0,39
432,64,0,15
432,65,0,30
432,72,0,6
432,73,0,28
432,74,0,3
432,75,0,9
432,76,0,31
432,79,0,49
432,80,0,2
432,81,0,4
432,82,0,2
432,84,0,23
432,86,0,18
432,87,0,47
432,88,0,38
432,89,0,11
432,91,0,4
432,92,0,34
432,93,0,16
432,94,0,31
432,97,0,47
432,99,0,3
432,61,0,49
432,5,0,44
432,66,0,42
432,11,0,32
432,32,0,28
432,1,0,10
433,4,0,25
433,7,0,22
433,8,0,3
433,12,0,26
433,14,0,20
433,17,0,19
433,19,0,27
433,20,0,40
433,22,0,10
433,26,0,3
433,28,0,11
433,30,0,45
433,31,0,27
433,36,0,18
433,38,0,45
433,41,0,24
433,42,0,39
433,43,0,31
433,48,0,27
433,49,0,24
433,50,0,44
433,51,0,44
433,52,0,11
433,53,0,25
433,54,0,22
433,55,0,27
433,59,0,47
433,62,0,39
433,64,0,15
433,65,0,30
433,72,0,6
433,73,0,28
433,74,0,3
433,75,0,9
433,76,0,31
433,79,0,49
433,80,0,2
433,81,0,4
433,82,0,2
433,84,0,23
433,86,0,18
433,87,0,47
433,88,0,38
433,89,0,11
433,91,0,4
433,92,0,34
433,93,0,16
433,94,0,31
433,97,0,47
433,99,0,3
433,61,0,49
433,5,0,44
433,66,0,42
433,11,0,32
433,32,0,28
433,1,0,10
434,4,0,25
434,7,0,22
434,8,0,3
434,12,0,26
434,14,0,20
434,17,0,19
434,19,0,27
434,20,0,40
434,22,0,10
434,26,0,3
434,28,0,11
434,30,0,45
434,31,0,27
434,36,0,18
434,38,0,45
434,41,0,24
434,42,0,39
434,43,0,31
434,48,0,27
434,49,0,24
434,50,0,44
434,51,0,44
434,52,0,11
434,53,0,25
434,54,0,22
434,55,0,27
434,59,0,47
434,62,0,39
434,64,0,15
434,65,0,30
434,72,0,6
434,73,0,28
434,74,0,3
434,75,0,9
434,76,0,31
434,79,0,49
434,80,0,2
434,81,0,4
434,82,0,2
434,84,0,23
434,86,0,18
434,87,0,47
434,88,0,38
434,89,0,11
434,91,0,4
434,92,0,34
434,93,0,16
434,94,0,31
434,97,0,47
434,99,0,3
434,61,0,49
434,5,0,44
434,66,0,42
434,11,0,32
434,32,0,28
434,1,0,10
435,4,0,25
435,7,0,22
435,8,0,3
435,12,0,26
435,14,0,20
435,17,0,19
435,19,0,27
435,20,0,40
435,22,0,10
435,26,0,3
435,28,0,11
435,30,0,45
435,31,0,27
435,36,0,18
435,38,0,45
435,41,0,24
435,42,0,39
435,43,0,31
435,48,0,27
435,49,0,24
435,50,0,44
435,51,0,44
435,52,0,11
435,53,0,25
435,54,0,22
435,55,0,27
435,59,0,47
435,62,0,39
435,64,0,15
435,65,0,30
435,72,0,6
435,73,0,28
435,74,0,3
435,75,0,9
435,76,0,31
435,79,0,49
435,80,0,2
435,81,0,4
435,82,0,2
435,84,0,23
435,86,0,18
435,87,0,47
435,88,0,38
435,89,0,11
435,91,0,4
435,92,0,34
435,93,0,16
435,94,0,31
435,97,0,47
435,99,0,3
435,61,0,49
435,5,0,44
435,66,0,42
435,11,0,32
435,32,0,28
435,1,0,10
436,4,0,25
436,7,0,22
436,8,0,3
436,12,0,26
436,14,0,20
436,17,0,19
436,19,0,27
436,20,0,40
436,22,0,10
436,26,0,3
436,28,0,11
436,30,0,45
436,31,0,27
436,36,0,18
436,38,0,45
436,41,0,24
436,42,0,39
436,43,0,31
436,48,0,27
436,49,0,24
436,50,0,44
436,51,0,44
436,52,0,11
436,53,0,25
436,54,0,22
436,55,0,27
436,59,0,47
436,62,0,39
436,64,0,15
436,65,0,30
436,72,0,6
436,73,0,28
436,74,0,3
436,75,0,9
436,76,0,31
436,79,0,49
436,80,0,2
436,81,0,4
436,82,0,2
436,84,0,23
436,86,0,18
436,87,0,47
436,88,0,38
436,89,0,11
436,91,0,4
436,92,0,34
436,93,0,16
436,94,0,31
436,97,0,47
436,99,0,3
436,61,0,49
436,5,0,44
436,66,0,42
436,11,0,32
436,32,0,28
436,1,0,10
437,4,0,25
437,7,0,22
437,8,0,3
437,12,0,26
437,14,0,20
437,17,0,19
437,19,0,27
437,20,0,40
437,22,0,10
437,26,0,3
437,28,0,11
437,30,0,45
437,31,0,27
437,36,0,18
437,38,0,45
437,41,0,24
437,42,0,39
437,43,0,31
437,48,0,27
437,49,0,24
437,50,0,44
437,51,0,44
437,52,0,11
437,53,0,25
437,54,0,22
437,55,0,27
437,59,0,47
437,62,0,39
437,64,0,15
437,65,0,30
437,72,0,6
437,73,0,28
437,74,0,3
437,75,0,9
437,76,0,31
437,79,0,49
437,80,0,2
437,81,0,4
437,82,0,2
437,84,0,23
437,86,0,18
437,87,0,47
437,88,0,38
437,89,0,11
437,91,0,4
437,92,0,34
437,93,0,16
437,94,0,31
437,97,0,47
437,99,0,3
437,61,0,49
437,5,0,44
437,66,0,42
437,11,0,32
437,32,0,28
437,1,0,10
438,4,0,25
438,7,0,22
438,8,0,3
438,12,0,26
438,14,0,20
438,17,0,19
438,19,0,27
438,20,0,40
438,22,0,10
438,26,0,3
438,28,0,11
438,30,0,45
438,31,0,27
438,36,0,18
438,38,0,45
438,41,0,24
438,42,0,39
438,43,0,31
438,48,0,27
438,49,0,24
438,50,0,44
438,51,0,44
438,52,0,11
438,53,0,25
438,54,0,22
438,55,0,27
438,59,0,47
438,62,0,39
438,64,0,15
438,65,0,30
438,72,0,6
438,73,0,28
438,74,0,3
438,75,0,9
438,76,0,31
438,79,0,49
438,80,0,2
438,81,0,4
438,82,0,2
438,84,0,23
438,86,0,18
438,87,0,47
438,88,0,38
438,89,0,11
438,91,0,4
438,92,0,34
438,93,0,16
438,94,0,31
438,97,0,47
438,99,0,3
438,61,0,49
438,5,0,44
438,66,0,42
438,11,0,32
438,32,0,28
438,1,0,10
439,4,0,25
439,7,0,22
439,8,0,3
439,12,0,26
439,14,0,20
439,17,0,19
439,19,0,27
439,20,0,40
439,22,0,10
439,26,0,3
439,28,0,11
439,30,0,45
439,31,0,27
439,36,0,18
439,38,0,45
439,41,0,24
439,42,0,39
439,43,0,31
439,48,0,27
439,49,0,24
439,50,0,44
439,51,0,44
439,52,0,11
439,53,0,25
439,54,0,22
439,55,0,27
439,59,0,47
439,62,0,39
439,64,0,15
439,65,0,30
439,72,0,6
439,73,0,28
439,74,0,3
439,75,0,9
439,76,0,31
439,79,0,49
439,80,0,2
439,81,0,4
439,82,0,2
439,84,0,23
439,86,0,18
439,87,0,47
439,88,0,38
439,89,0,11
439,91,0,4
439,92,0,34
439,93,0,16
439,94,0,31
439,97,0,47
439,99,0,3
439,61,0,49
439,5,0,44
439,66,0,42
439,11,0,32
439,32,0,28
439,1,0,10
440,4,0,25
440,7,0,22
440,8,0,3
440,12,0,26
440,14,0,20
440,17,0,19
440,19,0,27
440,20,0,40
440,22,0,10
440,26,0,3
440,28,0,11
440,30,0,45
440,31,0,27
440,36,0,18
440,38,0,45
440,41,0,24
440,42,0,39
440,43,0,31
440,48,0,27
440,49,0,24
440,50,0,44
440,51,0,44
440,52,0,11
440,53,0,25
440,54,0,22
440,55,0,27
440,59,0,47
440,62,0,39
440,64,0,15
440,65,0,30
440,72,0,6
440,73,0,28
440,74,0,3
440,75,0,9
440,76,0,31
440,79,0,49
440,80,0,2
440,81,0,4
440,82,0,2
440,84,0,23
440,86,0,18
440,87,0,47
440,88,0,38
440,89,0,11
440,91,0,4
440,92,0,34
440,93,0,16
440,94,0,31
440,97,0,47
440,99,0,3
440,61,0,49
440,5,0,44
440,66,0,42
440,11,0,32
440,32,0,28
440,1,0,10
441,4,0,25
441,7,0,22
441,8,0,3
441,12,0,26
441,14,0,20
441,17,0,19
441,19,0,27
441,20,0,40
441,22,0,10
441,26,0,3
441,28,0,11
441,30,0,45
441,31,0,27
441,36,0,18
441,38,0,45
441,41,0,24
441,42,0,39
441,43,0,31
441,48,0,27
441,49,0,24
441,50,0,44
441,51,0,44
441,52,0,11
441,53,0,25
441,54,0,22
441,55,0,27
441,59,0,47
441,62,0,39
441,64,0,15
441,65,0,30
441,72,0,6
441,73,0,28
441,74,0,3
441,75,0,9
441,76,0,31
441,79,0,49
441,80,0,2
441,81,0,4
441,82,0,2
441,84,0,23
441,86,0,18
441,87,0,47
441,88,0,38
441,89,0,11
441,91,0,4
441,92,0,34
441,93,0,16
441,94,0,31
441,97,0,47
441,99,0,3
441,61,0,49
441,5,0,44
441,66,0,42
441,11,0,32
441,32,0,28
441,1,0,10
442,4,0,25
442,7,0,22
442,8,0,3
442,12,0,26
442,14,0,20
442,17,0,19
442,19,0,27
442,20,0,40
442,22,0,10
442,26,0,3
442,28,0,11
442,30,0,45
442,31,0,27
442,36,0,18
442,38,0,45
442,41,0,24
442,42,0,39
442,43,0,31
442,48,0,27
442,49,0,24
442,50,0,44
442,51,0,44
442,52,0,11
442,53,0,25
442,54,0,22
442,55,0,27
442,59,0,47
442,62,0,39
442,64,0,15
442,65,0,30
442,72,0,6
442,73,0,28
442,74,0,3
442,75,0,9
442,76,0,31
442,79,0,49
442,80,0,2
442,81,0,4
442,82,0,2
442,84,0,23
442,86,0,18
442,87,0,47
442,88,0,38
442,89,0,11
442,91,0,4
442,92,0,34
442,93,0,16
442,94,0,31
442,97,0,47
442,99,0,3
442,61,0,49
442,5,0,44
442,66,0,42
442,11,0,32
442,32,0,28
442,1,0,10
443,4,0,25
443,7,0,22
443,8,0,3
443,12,0,26
443,14,0,20
443,17,0,19
443,19,0,27
443,20,0,40
443,22,0,10
443,26,0,3
443,28,0,11
443,30,0,45
443,31,0,27
443,36,0,18
443,38,0,45
443,41,0,24
443,42,0,39
443,43,0,31
443,48,0,27
443,49,0,24
443,50,0,44
443,51,0,44
443,52,0,11
443,53,0,25
443,54,0,22
443,55,0,27
443,59,0,47
443,62,0,39
443,64,0,15
443,65,0,30
443,72,0,6
443,73,0,28
443,74,0,3
443,75,0,9
443,76,0,31
443,79,0,49
443,80,0,2
443,81,0,4
443,82,0,2
443,84,0,23
443,86,0,18
443,87,0,47
443,88,0,38
443,89,0,11
443,91,0,4
443,92,0,34
443,93,0,16
443,94,0,31
443,97,0,47
443,99,0,3
443,61,0,49
443,5,0,44
443,66,0,42
443,11,0,32
443,32,0,28
443,1,0,10
444,4,0,25
444,7,0,22
444,8,0,3
444,12,0,26
444,14,0,20
444,17,0,19
444,19,0,27
444,20,0,40
444,22,0,10
444,26,0,3
444,28,0,11
444,30,0,45
444,31,0,27
444,36,0,18
444,38,0,45
444,41,0,24
444,42,0,39
444,43,0,31
444,48,0,27
444,49,0,24
444,50,0,44
444,51,0,44
444,52,0,11
444,53,0,25
444,54,0,22
444,55,0,27
444,59,0,47
444,62,0,39
444,64,0,15
444,65,0,30
444,72,0,6
444,73,0,28
444,74,0,3
444,75,0,9
444,76,0,31
444,79,0,49
444,80,0,2
444,81,0,4
444,82,0,2
444,84,0,23
444,86,0,18
444,87,0,47
444,88,0,38
444,89,0,11
444,91,0,4
444,92,0,34
444,93,0,16
444,94,0,31
444,97,0,47
444,99,0,3
444,61,0,49
444,5,0,44
444,66,0,42
444,11,0,32
444,32,0,28
444,1,0,10
445,4,0,25
445,7,0,22
445,8,0,3
445,12,0,26
445,14,0,20
445,17,0,19
445,19,0,27
445,20,0,40
445,22,0,10
445,26,0,3
445,28,0,11
445,30,0,45
445,31,0,27
445,36,0,18
445,38,0,45
445,41,0,24
445,42,0,39
445,43,0,31
445,48,0,27
445,49,0,24
445,50,0,44
445,51,0,44
445,52,0,11
445,53,0,25
445,54,0,22
445,55,0,27
445,59,0,47
445,62,0,39
445,64,0,15
445,65,0,30
445,72,0,6
445,73,0,28
445,74,0,3
445,75,0,9
445,76,0,31
445,79,0,49
445,80,0,2
445,81,0,4
445,82,0,2
445,84,0,23
445,86,0,18
445,87,0,47
445,88,0,38
445,89,0,11
445,91,0,4
445,92,0,34
445,93,0,16
445,94,0,31
445,97,0,47
445,99,0,3
445,61,0,49
445,5,0,44
445,66,0,42
445,11,0,32
445,32,0,28
445,1,0,10
446,4,0,25
446,7,0,22
446,8,0,3
446,12,0,26
446,14,0,20
446,17,0,19
446,19,0,27
446,20,0,40
446,22,0,10
446,26,0,3
446,28,0,11
446,30,0,45
446,31,0,27
446,36,0,18
446,38,0,45
446,41,0,24
446,42,0,39
446,43,0,31
446,48,0,27
446,49,0,24
446,50,0,44
446,51,0,44
446,52,0,11
446,53,0,25
446,54,0,22
446,55,0,27
446,59,0,47
446,62,0,39
446,64,0,15
446,65,0,30
446,72,0,6
446,73,0,28
446,74,0,3
446,75,0,9
446,76,0,31
446,79,0,49
446,80,0,2
446,81,0,4
446,82,0,2
446,84,0,23
446,86,0,18
446,87,0,47
446,88,0,38
446,89,0,11
446,91,0,4
446,92,0,34
446,93,0,16
446,94,0,31
446,97,0,47
446,99,0,3
446,61,0,49
446,5,0,44
446,66,0,42
446,11,0,32
446,32,0,28
446,1,0,10
447,4,0,25
447,7,0,22
447,8,0,3
447,12,0,26
447,14,0,20
447,17,0,19
447,19,0,27
447,20,0,40
447,22,0,10
447,26,0,3
447,28,0,11
447,30,0,45
447,31,0,27
447,36,0,18
447,38,0,45
447,41,0,24
447,42,0,39
447,43,0,31
447,48,0,27
447,49,0,24
447,50,0,44
447,51,0,44
447,52,0,11
447,53,0,25
447,54,0,22
447,55,0,27
447,59,0,47
447,62,0,39
447,64,0,15
447,65,0,30
447,72,0,6
447,73,0,28
447,74,0,3
447,75,0,9
447,76,0,31
447,79,0,49
447,80,0,2
447,81,0,4
447,82,0,2
447,84,0,23
447,86,0,18
447,87,0,47
447,88,0,38
447,89,0,11
447,91,0,4
447,92,0,34
447,93,0,16
447,94,0,31
447,97,0,47
447,99,0,3
447,61,0,49
447,5,0,44
447,66,0,42
447,11,0,32
447,32,0,28
447,1,0,10
448,4,0,25
448,7,0,22
448,8,0,3
448,12,0,26
448,14,0,20
448,17,0,19
448,19,0,27
448,20,0,40
448,22,0,10
448,26,0,3
448,28,0,11
448,30,0,45
448,31,0,27
448,36,0,18
448,38,0,45
448,41,0,24
448,42,0,39
448,43,0,31
448,48,0,27
448,49,0,24
448,50,0,44
448,51,0,44
448,52,0,11
448,53,0,25
448,54,0,22
448,55,0,27
448,59,0,47
448,62,0,39
448,64,0,15
448,65,0,30
448,72,0,6
448,73,0,28
448,74,0,3
448,75,0,9
448,76,0,31
448,79,0,49
448,80,0,2
448,81,0,4
448,82,0,2
448,84,0,23
448,86,0,18
448,87,0,47
448,88,0,38
448,89,0,11
448,91,0,4
448,92,0,34
448,93,0,16
448,94,0,31
448,97,0,47
448,99,0,3
448,61,0,49
448,5,0,44
448,66,0,42
448,11,0,32
448,32,0,28
448,1,0,10
449,4,0,25
449,7,0,22
449,8,0,3
449,12,0,26
449,14,0,20
449,17,0,19
449,19,0,27
449,20,0,40
449,22,0,10
449,26,0,3
449,28,0,11
449,30,0,45
449,31,0,27
449,36,0,18
449,38,0,45
449,41,0,24
449,42,0,39
449,43,0,31
449,48,0,27
449,49,0,24
449,50,0,44
449,51,0,44
449,52,0,11
449,53,0,25
449,54,0,22
449,55,0,27
449,59,0,47
449,62,0,39
449,64,0,15
449,65,0,30
449,72,0,6
449,73,0,28
449,74,0,3
449,75,0,9
449,76,0,31
449,79,0,49
449,80,0,2
449,81,0,4
449,82,0,2
449,84,0,23
449,86,0,18
449,87,0,47
449,88,0,38
449,89,0,11
449,91,0,4
449,92,0,34
449,93,0,16
449,94,0,31
449,97,0,47
449,99,0,3
449,61,0,49
449,5,0,44
449,66,0,42
449,11,0,32
449,32,0,28
449,1,0,10
450,4,0,25
450,7,0,22
450,8,0,3
450,12,0,26
450,14,0,20
450,17,0,19
450,19,0,27
450,20,0,40
450,22,0,10
450,26,0,3
450,28,0,11
450,30,0,45
450,31,0,27
450,36,0,18
450,38,0,45
450,41,0,24
450,42,0,39
450,43,0,31
450,48,0,27
450,49,0,24
450,50,0,44
450,51,0,44
450,52,0,11
450,53,0,25
450,54,0,22
450,55,0,27
450,59,0,47
450,62,0,39
450,64,0,15
450,65,0,30
450,72,0,6
450,73,0,28
450,74,0,3
450,75,0,9
450,76,0,31
450,79,0,49
450,80,0,2
450,81,0,4
450,82,0,2
450,84,0,23
450,86,0,18
450,87,0,47
450,88,0,38
450,89,0,11
450,91,0,4
450,92,0,34
450,93,0,16
450,94,0,31
450,97,0,47
450,99,0,3
450,61,0,49
450,5,0,44
450,66,0,42
450,11,0,32
450,32,0,28
450,1,0,10
451,4,0,25
451,7,0,22
451,8,0,3
451,12,0,26
451,14,0,20
451,17,0,19
451,19,0,27
451,20,0,40
451,22,0,10
451,26,0,3
451,28,0,11
451,30,0,45
451,31,0,27
451,36,0,18
451,38,0,45
451,41,0,24
451,42,0,39
451,43,0,31
451,48,0,27
451,49,0,24
451,50,0,44
451,51,0,44
451,52,0,11
451,53,0,25
451,54,0,22
451,55,0,27
451,59,0,47
451,62,0,39
451,64,0,15
451,65,0,30
451,72,0,6
451,73,0,28
451,74,0,3
451,75,0,9
451,76,0,31
451,79,0,49
451,80,0,2
451,81,0,4
451,82,0,2
451,84,0,23
451,86,0,18
451,87,0,47
451,88,0,38
451,89,0,11
451,91,0,4
451,92,0,34
451,93,0,16
451,94,0,31
451,97,0,47
451,99,0,3
451,61,0,49
451,5,0,44
451,66,0,42
451,11,0,32
451,32,0,28
451,1,0,10
452,4,0,25
452,7,0,22
452,8,0,3
452,12,0,26
452,14,0,20
452,17,0,19
452,19,0,27
452,20,0,40
452,22,0,10
452,26,0,3
452,28,0,11
452,30,0,45
452,31,0,27
452,36,0,18
452,38,0,45
452,41,0,24
452,42,0,39
452,43,0,31
452,48,0,27
452,49,0,24
452,50,0,44
452,51,0,44
452,52,0,11
452,53,0,25
452,54,0,22
452,55,0,27
452,59,0,47
452,62,0,39
452,64,0,15
452,65,0,30
452,72,0,6
452,73,0,28
452,74,0,3
452,75,0,9
452,76,0,31
452,79,0,49
452,80,0,2
452,81,0,4
452,82,0,2
452,84,0,23
452,86,0,18
452,87,0,47
452,88,0,38
452,89,0,11
452,91,0,4
452,92,0,34
452,93,0,16
452,94,0,31
452,97,0,47
452,99,0,3
452,61,0,49
452,5,0,44
452,66,0,42
452,11,0,32
452,32,0,28
452,1,0,10
453,4,0,25
453,7,0,22
453,8,0,3
453,12,0,26
453,14,0,20
453,17,0,19
453,19,0,27
453,20,0,40
453,22,0,10
453,26,0,3
453,28,0,11
453,30,0,45
453,31,0,27
453,36,0,18
453,38,0,45
453,41,0,24
453,42,0,39
453,43,0,31
453,48,0,27
453,49,0,24
453,50,0,44
453,51,0,44
453,52,0,11
453,53,0,25
453,54,0,22
453,55,0,27
453,59,0,47
453,62,0,39
453,64,0,15
453,65,0,30
453,72,0,6
453,73,0,28
453,74,0,3
453,75,0,9
453,76,0,31
453,79,0,49
453,80,0,2
453,81,0,4
453,82,0,2
453,84,0,23
453,86,0,18
453,87,0,47
453,88,0,38
453,89,0,11
453,91,0,4
453,92,0,34
453,93,0,16
453,94,0,31
453,97,0,47
453,99,0,3
453,61,0,49
453,5,0,44
453,66,0,42
453,11,0,32
453,32,0,28
453,1,0,10
454,4,0,25
454,7,0,22
454,8,0,3
454,12,0,26
454,14,0,20
454,17,0,19
454,19,0,27
454,20,0,40
454,22,0,10
454,26,0,3
454,28,0,11
454,30,0,45
454,31,0,27
454,36,0,18
454,38,0,45
454,41,0,24
454,42,0,39
454,43,0,31
454,48,0,27
454,49,0,24
454,50,0,44
454,51,0,44
454,52,0,11
454,53,0,25
454,54,0,22
454,55,0,27
454,59,0,47
454,62,0,39
454,64,0,15
454,65,0,30
454,72,0,6
454,73,0,28
454,74,0,3
454,75,0,9
454,76,0,31
454,79,0,49
454,80,0,2
454,81,0,4
454,82,0,2
454,84,0,23
454,86,0,18
454,87,0,47
454,88,0,38
454,89,0,11
454,91,0,4
454,92,0,34
454,93,0,16
454,94,0,31
454,97,0,47
454,99,0,3
454,61,0,49
454,5,0,44
454,66,0,42
454,11,0,32
454,32,0,28
454,1,0,10
455,4,0,25
455,7,0,22
455,8,0,3
455,12,0,26
455,14,0,20
455,17,0,19
455,19,0,27
455,20,0,40
455,22,0,10
455,26,0,3
455,28,0,11
455,30,0,45
455,31,0,27
455,36,0,18
455,38,0,45
455,41,0,24
455,42,0,39
455,43,0,31
455,48,0,27
455,49,0,24
455,50,0,44
455,51,0,44
455,52,0,11
455,53,0,25
455,54,0,22
455,55,0,27
455,59,0,47
455,62,0,39
455,64,0,15
455,65,0,30
455,72,0,6
455,73,0,28
455,74,0,3
455,75,0,9
455,76,0,31
455,79,0,49
455,80,0,2
455,81,0,4
455,82,0,2
455,84,0,23
455,86,0,18
455,87,0,47
455,88,0,38
455,89,0,11
455,91,0,4
455,92,0,34
455,93,0,16
455,94,0,31
455,97,0,47
455,99,0,3
455,61,0,49
455,5,0,44
455,66,0,42
455,11,0,32
455,32,0,28
455,1,0,10
456,4,0,25
456,7,0,22
456,8,0,3
456,12,0,26
456,14,0,20
456,17,0,19
456,19,0,27
456,20,0,40
456,22,0,10
456,26,0,3
456,28,0,11
456,30,0,45
456,31,0,27
456,36,0,18
456,38,0,45
456,41,0,24
456,42,0,39
456,43,0,31
456,48,0,27
456,49,0,24
456,50,0,44
456,51,0,44
456,52,0,11
456,53,0,25
456,54,0,22
456,55,0,27
456,59,0,47
456,62,0,39
456,64,0,15
456,65,0,30
456,72,0,6
456,73,0,28
456,74,0,3
456,75,0,9
456,76,0,31
456,79,0,49
456,80,0,2
456,81,0,4
456,82,0,2
456,84,0,23
456,86,0,18
456,87,0,47
456,88,0,38
456,89,0,11
456,91,0,4
456,92,0,34
456,93,0,16
456,94,0,31
456,97,0,47
456,99,0,3
456,61,0,49
456,5,0,44
456,66,0,42
456,11,0,32
456,32,0,28
456,1,0,10
457,4,0,25
457,7,0,22
457,8,0,3
457,12,0,26
457,14,0,20
457,17,0,19
457,19,0,27
457,20,0,40
457,22,0,10
457,26,0,3
457,28,0,11
457,30,0,45
457,31,0,27
457,36,0,18
457,38,0,45
457,41,0,24
457,42,0,39
457,43,0,31
457,48,0,27
457,49,0,24
457,50,0,44
457,51,0,44
457,52,0,11
457,53,0,25
457,54,0,22
457,55,0,27
457,59,0,47
457,62,0,39
457,64,0,15
457,65,0,30
457,72,0,6
457,73,0,28
457,74,0,3
457,75,0,9
457,76,0,31
457,79,0,49
457,80,0,2
457,81,0,4
457,82,0,2
457,84,0,23
457,86,0,18
457,87,0,47
457,88,0,38
457,89,0,11
457,91,0,4
457,92,0,34
457,93,0,16
457,94,0,31
457,97,0,47
457,99,0,3
457,61,0,49
457,5,0,44
457,66,0,42
457,11,0,32
457,32,0,28
457,1,0,10
458,4,0,25
458,7,0,22
458,8,0,3
458,12,0,26
458,14,0,20
458,17,0,19
458,19,0,27
458,20,0,40
458,22,0,10
458,26,0,3
458,28,0,11
458,30,0,45
458,31,0,27
458,36,0,18
458,38,0,45
458,41,0,24
458,42,0,39
458,43,0,31
458,48,0,27
458,49,0,24
458,50,0,44
458,51,0,44
458,52,0,11
458,53,0,25
458,54,0,22
458,55,0,27
458,59,0,47
458,62,0,39
458,64,0,15
458,65,0,30
458,72,0,6
458,73,0,28
458,74,0,3
458,75,0,9
458,76,0,31
458,79,0,49
458,80,0,2
458,81,0,4
458,82,0,2
458,84,0,23
458,86,0,18
458,87,0,47
458,88,0,38
458,89,0,11
458,91,0,4
458,92,0,34
458,93,0,16
458,94,0,31
458,97,0,47
458,99,0,3
458,61,0,49
458,5,0,44
458,66,0,42
458,11,0,32
458,32,0,28
458,1,0,10
459,4,0,25
459,7,0,22
459,8,0,3
459,12,0,26
459,14,0,20
459,17,0,19
459,19,0,27
459,20,0,40
459,22,0,10
459,26,0,3
459,28,0,11
459,30,0,45
459,31,0,27
459,36,0,18
459,38,0,45
459,41,0,24
459,42,0,39
459,43,0,31
459,48,0,27
459,49,0,24
459,50,0,44
459,51,0,44
459,52,0,11
459,53,0,25
459,54,0,22
459,55,0,27
459,59,0,47
459,62,0,39
459,64,0,15
459,65,0,30
459,72,0,6
459,73,0,28
459,74,0,3
459,75,0,9
459,76,0,31
459,79,0,49
459,80,0,2
459,81,0,4
459,82,0,2
459,84,0,23
459,86,0,18
459,87,0,47
459,88,0,38
459,89,0,11
459,91,0,4
459,92,0,34
459,93,0,16
459,94,0,31
459,97,0,47
459,99,0,3
459,61,0,49
459,5,0,44
459,66,0,42
459,11,0,32
459,32,0,28
459,1,0,10
460,4,0,25
460,7,0,22
460,8,0,3
460,12,0,26
460,14,0,20
460,17,0,19
460,19,0,27
460,20,0,40
460,22,0,10
460,26,0,3
460,28,0,11
460,30,0,45
460,31,0,27
460,36,0,18
460,38,0,45
460,41,0,24
460,42,0,39
460,43,0,31
460,48,0,27
460,49,0,24
460,50,0,44
460,51,0,44
460,52,0,11
460,53,0,25
460,54,0,22
460,55,0,27
460,59,0,47
460,62,0,39
460,64,0,15
460,65,0,30
460,72,0,6
460,73,0,28
460,74,0,3
460,75,0,9
460,76,0,31
460,79,0,49
460,80,0,2
460,81,0,4
460,82,0,2
460,84,0,23
460,86,0,18
460,87,0,47
460,88,0,38
460,89,0,11
460,91,0,4
460,92,0,34
460,93,0,16
460,94,0,31
460,97,0,47
460,99,0,3
460,61,0,49
460,5,0,44
460,66,0,42
460,11,0,32
460,32,0,28
460,1,0,10
461,4,0,25
461,7,0,22
461,8,0,3
461,12,0,26
461,14,0,20
461,17,0,19
461,19,0,27
461,20,0,40
461,22,0,10
461,26,0,3
461,28,0,11
461,30,0,45
461,31,0,27
461,36,0,18
461,38,0,45
461,41,0,24
461,42,0,39
461,43,0,31
461,48,0,27
461,49,0,24
461,50,0,44
461,51,0,44
461,52,0,11
461,53,0,25
461,54,0,22
461,55,0,27
461,59,0,47
461,62,0,39
461,64,0,15
461,65,0,30
461,72,0,6
461,73,0,28
461,74,0,3
461,75,0,9
461,76,0,31
461,79,0,49
461,80,0,2
461,81,0,4
461,82,0,2
461,84,0,23
461,86,0,18
461,87,0,47
461,88,0,38
461,89,0,11
461,91,0,4
461,92,0,34
461,93,0,16
461,94,0,31
461,97,0,47
461,99,0,3
461,61,0,49
461,5,0,44
461,66,0,42
461,11,0,32
461,32,0,28
461,1,0,10
462,4,0,25
462,7,0,22
462,8,0,3
462,12,0,26
462,14,0,20
462,17,0,19
462,19,0,27
462,20,0,40
462,22,0,10
462,26,0,3
462,28,0,11
462,30,0,45
462,31,0,27
462,36,0,18
462,38,0,45
462,41,0,24
462,42,0,39
462,43,0,31
462,48,0,27
462,49,0,24
462,50,0,44
462,51,0,44
462,52,0,11
462,53,0,25
462,54,0,22
462,55,0,27
462,59,0,47
462,62,0,39
462,64,0,15
462,65,0,30
462,72,0,6
462,73,0,28
462,74,0,3
462,75,0,9
462,76,0,31
462,79,0,49
462,80,0,2
462,81,0,4
462,82,0,2
462,84,0,23
462,86,0,18
462,87,0,47
462,88,0,38
462,89,0,11
462,91,0,4
462,92,0,34
462,93,0,16
462,94,0,31
462,97,0,47
462,99,0,3
462,61,0,49
462,5,0,44
462,66,0,42
462,11,0,32
462,32,0,28
462,1,0,10
463,4,0,25
463,7,0,22
463,8,0,3
463,12,0,26
463,14,0,20
463,17,0,19
463,19,0,27
463,20,0,40
463,22,0,10
463,26,0,3
463,28,0,11
463,30,0,45
463,31,0,27
463,36,0,18
463,38,0,45
463,41,0,24
463,42,0,39
463,43,0,31
463,48,0,27
463,49,0,24
463,50,0,44
463,51,0,44
463,52,0,11
463,53,0,25
463,54,0,22
463,55,0,27
463,59,0,47
463,62,0,39
463,64,0,15
463,65,0,30
463,72,0,6
463,73,0,28
463,74,0,3
463,75,0,9
463,76,0,31
463,79,0,49
463,80,0,2
463,81,0,4
463,82,0,2
463,84,0,23
463,86,0,18
463,87,0,47
463,88,0,38
463,89,0,11
463,91,0,4
463,92,0,34
463,93,0,16
463,94,0,31
463,97,0,47
463,99,0,3
463,61,0,49
463,5,0,44
463,66,0,42
463,11,0,32
463,32,0,28
463,1,0,10
464,4,0,25
464,7,0,22
464,8,0,3
464,12,0,26
464,14,0,20
464,17,0,19
464,19,0,27
464,20,0,40
464,22,0,10
464,26,0,3
464,28,0,11
464,30,0,45
464,31,0,27
464,36,0,18
464,38,0,45
464,41,0,24
464,42,0,39
464,43,0,31
464,48,0,27
464,49,0,24
464,50,0,44
464,51,0,44
464,52,0,11
464,53,0,25
464,54,0,22
464,55,0,27
464,59,0,47
464,62,0,39
464,64,0,15
464,65,0,30
464,72,0,6
464,73,0,28
464,74,0,3
464,75,0,9
464,76,0,31
464,79,0,49
464,80,0,2
464,81,0,4
464,82,0,2
464,84,0,23
464,86,0,18
464,87,0,47
464,88,0,38
464,89,0,11
464,91,0,4
464,92,0,34
464,93,0,16
464,94,0,31
464,97,0,47
464,99,0,3
464,61,0,49
464,5,0,44
464,66,0,42
464,11,0,32
464,32,0,28
464,1,0,10
465,4,0,25
465,7,0,22
465,8,0,3
465,12,0,26
465,14,0,20
465,17,0,19
465,19,0,27
465,20,0,40
465,22,0,10
465,26,0,3
465,28,0,11
465,30,0,45
465,31,0,27
465,36,0,18
465,38,0,45
465,41,0,24
465,42,0,39
465,43,0,31
465,48,0,27
465,49,0,24
465,50,0,44
465,51,0,44
465,52,0,11
465,53,0,25
465,54,0,22
465,55,0,27
465,59,0,47
465,62,0,39
465,64,0,15
465,65,0,30
465,72,0,6
465,73,0,28
465,74,0,3
465,75,0,9
465,76,0,31
465,79,0,49
465,80,0,2
465,81,0,4
465,82,0,2
465,84,0,23
465,86,0,18
465,87,0,47
465,88,0,38
465,89,0,11
465,91,0,4
465,92,0,34
465,93,0,16
465,94,0,31
465,97,0,47
465,99,0,3
465,61,0,49
465,5,0,44
465,66,0,42
465,11,0,32
465,32,0,28
465,1,0,10
466,4,0,25
466,7,0,22
466,8,0,3
466,12,0,26
466,14,0,20
466,17,0,19
466,19,0,27
466,20,0,40
466,22,0,10
466,26,0,3
466,28,0,11
466,30,0,45
466,31,0,27
466,36,0,18
466,38,0,45
466,41,0,24
466,42,0,39
466,43,0,31
466,48,0,27
466,49,0,24
466,50,0,44
466,51,0,44
466,52,0,11
466,53,0,25
466,54,0,22
466,55,0,27
466,59,0,47
466,62,0,39
466,64,0,15
466,65,0,30
466,72,0,6
466,73,0,28
466,74,0,3
466,75,0,9
466,76,0,31
466,79,0,49
466,80,0,2
466,81,0,4
466,82,0,2
466,84,0,23
466,86,0,18
466,87,0,47
466,88,0,38
466,89,0,11
466,91,0,4
466,92,0,34
466,93,0,16
466,94,0,31
466,97,0,47
466,99,0,3
466,61,0,49
466,5,0,44
466,66,0,42
466,11,0,32
466,32,0,28
466,1,0,10
467,4,0,25
467,7,0,22
467,8,0,3
467,12,0,26
467,14,0,20
467,17,0,19
467,19,0,27
467,20,0,40
467,22,0,10
467,26,0,3
467,28,0,11
467,30,0,45
467,31,0,27
467,36,0,18
467,38,0,45
467,41,0,24
467,42,0,39
467,43,0,31
467,48,0,27
467,49,0,24
467,50,0,44
467,51,0,44
467,52,0,11
467,53,0,25
467,54,0,22
467,55,0,27
467,59,0,47
467,62,0,39
467,64,0,15
467,65,0,30
467,72,0,6
467,73,0,28
467,74,0,3
467,75,0,9
467,76,0,31
467,79,0,49
467,80,0,2
467,81,0,4
467,82,0,2
467,84,0,23
467,86,0,18
467,87,0,47
467,88,0,38
467,89,0,11
467,91,0,4
467,92,0,34
467,93,0,16
467,94,0,31
467,97,0,47
467,99,0,3
467,61,0,49
467,5,0,44
467,66,0,42
467,11,0,32
467,32,0,28
467,1,0,10
468,4,0,25
468,7,0,22
468,8,0,3
468,12,0,26
468,14,0,20
468,17,0,19
468,19,0,27
468,20,0,40
468,22,0,10
468,26,0,3
468,28,0,11
468,30,0,45
468,31,0,27
468,36,0,18
468,38,0,45
468,41,0,24
468,42,0,39
468,43,0,31
468,48,0,27
468,49,0,24
468,50,0,44
468,51,0,44
468,52,0,11
468,53,0,25
468,54,0,22
468,55,0,27
468,59,0,47
468,62,0,39
468,64,0,15
468,65,0,30
468,72,0,6
468,73,0,28
468,74,0,3
468,75,0,9
468,76,0,31
468,79,0,49
468,80,0,2
468,81,0,4
468,82,0,2
468,84,0,23
468,86,0,18
468,87,0,47
468,88,0,38
468,89,0,11
468,91,0,4
468,92,0,34
468,93,0,16
468,94,0,31
468,97,0,47
468,99,0,3
468,61,0,49
468,5,0,44
468,66,0,42
468,11,0,32
468,32,0,28
468,1,0,10
469,4,0,25
469,7,0,22
469,8,0,3
469,12,0,26
469,14,0,20
469,17,0,19
469,19,0,27
469,20,0,40
469,22,0,10
469,26,0,3
469,28,0,11
469,30,0,45
469,31,0,27
469,36,0,18
469,38,0,45
469,41,0,24
469,42,0,39
469,43,0,31
469,48,0,27
469,49,0,24
469,50,0,44
469,51,0,44
469,52,0,11
469,53,0,25
469,54,0,22
469,55,0,27
469,59,0,47
469,62,0,39
469,64,0,15
469,65,0,30
469,72,0,6
469,73,0,28
469,74,0,3
469,75,0,9
469,76,0,31
469,79,0,49
469,80,0,2
469,81,0,4
469,82,0,2
469,84,0,23
469,86,0,18
469,87,0,47
469,88,0,38
469,89,0,11
469,91,0,4
469,92,0,34
469,93,0,16
469,94,0,31
469,97,0,47
469,99,0,3
469,61,0,49
469,5,0,44
469,66,0,42
469,11,0,32
469,32,0,28
469,1,0,10
470,4,0,25
470,7,0,22
470,8,0,3
470,12,0,26
470,14,0,20
470,17,0,19
470,19,0,27
470,20,0,40
470,22,0,10
470,26,0,3
470,28,0,11
470,30,0,45
470,31,0,27
470,36,0,18
470,38,0,45
470,41,0,24
470,42,0,39
470,43,0,31
470,48,0,27
470,49,0,24
470,50,0,44
470,51,0,44
470,52,0,11
470,53,0,25
470,54,0,22
470,55,0,27
470,59,0,47
470,62,0,39
470,64,0,15
470,65,0,30
470,72,0,6
470,73,0,28
470,74,0,3
470,75,0,9
470,76,0,31
470,79,0,49
470,80,0,2
470,81,0,4
470,82,0,2
470,84,0,23
470,86,0,18
470,87,0,47
470,88,0,38
470,89,0,11
470,91,0,4
470,92,0,34
470,93,0,16
470,94,0,31
470,97,0,47
470,99,0,3
470,61,0,49
470,5,0,44
470,66,0,42
470,11,0,32
470,32,0,28
470,1,0,10
471,4,0,25
471,7,0,22
471,8,0,3
471,12,0,26
471,14,0,20
471,17,0,19
471,19,0,27
471,20,0,40
471,22,0,10
471,26,0,3
471,28,0,11
471,30,0,45
471,31,0,27
471,36,0,18
471,38,0,45
471,41,0,24
471,42,0,39
471,43,0,31
471,48,0,27
471,49,0,24
471,50,0,44
471,51,0,44
471,52,0,11
471,53,0,25
471,54,0,22
471,55,0,27
471,59,0,47
471,62,0,39
471,64,0,15
471,65,0,30
471,72,0,6
471,73,0,28
471,74,0,3
471,75,0,9
471,76,0,31
471,79,0,49
471,80,0,2
471,81,0,4
471,82,0,2
471,84,0,23
471,86,0,18
471,87,0,47
471,88,0,38
471,89,0,11
471,91,0,4
471,92,0,34
471,93,0,16
471,94,0,31
471,97,0,47
471,99,0,3
471,61,0,49
471,5,0,44
471,66,0,42
471,11,0,32
471,32,0,28
471,1,0,10
472,4,0,25
472,7,0,22
472,8,0,3
472,12,0,26
472,14,0,20
472,17,0,19
472,19,0,27
472,20,0,40
472,22,0,10
472,26,0,3
472,28,0,11
472,30,0,45
472,31,0,27
472,36,0,18
472,38,0,45
472,41,0,24
472,42,0,39
472,43,0,31
472,48,0,27
472,49,0,24
472,50,0,44
472,51,0,44
472,52,0,11
472,53,0,25
472,54,0,22
472,55,0,27
472,59,0,47
472,62,0,39
472,64,0,15
472,65,0,30
472,72,0,6
472,73,0,28
472,74,0,3
472,75,0,9
472,76,0,31
472,79,0,49
472,80,0,2
472,81,0,4
472,82,0,2
472,84,0,23
472,86,0,18
472,87,0,47
472,88,0,38
472,89,0,11
472,91,0,4
472,92,0,34
472,93,0,16
472,94,0,31
472,97,0,47
472,99,0,3
472,61,0,49
472,5,0,44
472,66,0,42
472,11,0,32
472,32,0,28
472,1,0,10
473,4,0,25
473,7,0,22
473,8,0,3
473,12,0,26
473,14,0,20
473,17,0,19
473,19,0,27
473,20,0,40
473,22,0,10
473,26,0,3
473,28,0,11
473,30,0,45
473,31,0,27
473,36,0,18
473,38,0,45
473,41,0,24
473,42,0,39
473,43,0,31
473,48,0,27
473,49,0,24
473,50,0,44
473,51,0,44
473,52,0,11
473,53,0,25
473,54,0,22
473,55,0,27
473,59,0,47
473,62,0,39
473,64,0,15
473,65,0,30
473,72,0,6
473,73,0,28
473,74,0,3
473,75,0,9
473,76,0,31
473,79,0,49
473,80,0,2
473,81,0,4
473,82,0,2
473,84,0,23
473,86,0,18
473,87,0,47
473,88,0,38
473,89,0,11
473,91,0,4
473,92,0,34
473,93,0,16
473,94,0,31
473,97,0,47
473,99,0,3
473,61,0,49
473,5,0,44
473,66,0,42
473,11,0,32
473,32,0,28
473,1,0,10
474,4,0,25
474,7,0,22
474,8,0,3
474,12,0,26
474,14,0,20
474,17,0,19
474,19,0,27
474,20,0,40
474,22,0,10
474,26,0,3
474,28,0,11
474,30,0,45
474,31,0,27
474,36,0,18
474,38,0,45
474,41,0,24
474,42,0,39
474,43,0,31
474,48,0,27
474,49,0,24
474,50,0,44
474,51,0,44
474,52,0,11
474,53,0,25
474,54,0,22
474,55,0,27
474,59,0,47
474,62,0,39
474,64,0,15
474,65,0,30
474,72,0,6
474,73,0,28
474,74,0,3
474,75,0,9
474,76,0,31
474,79,0,49
474,80,0,2
474,81,0,4
474,82,0,2
474,84,0,23
474,86,0,18
474,87,0,47
474,88,0,38
474,89,0,11
474,91,0,4
474,92,0,34
474,93,0,16
474,94,0,31
474,97,0,47
474,99,0,3
474,61,0,49
474,5,0,44
474,66,0,42
474,11,0,32
474,32,0,28
474,1,0,10
475,4,0,25
475,7,0,22
475,8,0,3
475,12,0,26
475,14,0,20
475,17,0,19
475,19,0,27
475,20,0,40
475,22,0,10
475,26,0,3
475,28,0,11
475,30,0,45
475,31,0,27
475,36,0,18
475,38,0,45
475,41,0,24
475,42,0,39
475,43,0,31
475,48,0,27
475,49,0,24
475,50,0,44
475,51,0,44
475,52,0,11
475,53,0,25
475,54,0,22
475,55,0,27
475,59,0,47
475,62,0,39
475,64,0,15
475,65,0,30
475,72,0,6
475,73,0,28
475,74,0,3
475,75,0,9
475,76,0,31
475,79,0,49
475,80,0,2
475,81,0,4
475,82,0,2
475,84,0,23
475,86,0,18
475,87,0,47
475,88,0,38
475,89,0,11
475,91,0,4
475,92,0,34
475,93,0,16
475,94,0,31
475,97,0,47
475,99,0,3
475,61,0,49
475,5,0,44
475,66,0,42
475,11,0,32
475,32,0,28
475,1,0,10
476,4,0,25
476,7,0,22
476,8,0,3
476,12,0,26
476,14,0,20
476,17,0,19
476,19,0,27
476,20,0,40
476,22,0,10
476,26,0,3
476,28,0,11
476,30,0,45
476,31,0,27
476,36,0,18
476,38,0,45
476,41,0,24
476,42,0,39
476,43,0,31
476,48,0,27
476,49,0,24
476,50,0,44
476,51,0,44
476,52,0,11
476,53,0,25
476,54,0,22
476,55,0,27
476,59,0,47
476,62,0,39
476,64,0,15
476,65,0,30
476,72,0,6
476,73,0,28
476,74,0,3
476,75,0,9
476,76,0,31
476,79,0,49
476,80,0,2
476,81,0,4
476,82,0,2
476,84,0,23
476,86,0,18
476,87,0,47
476,88,0,38
476,89,0,11
476,91,0,4
476,92,0,34
476,93,0,16
476,94,0,31
476,97,0,47
476,99,0,3
476,61,0,49
476,5,0,44
476,66,0,42
476,11,0,32
476,32,0,28
476,1,0,10
477,4,0,25
477,7,0,22
477,8,0,3
477,12,0,26
477,14,0,20
477,17,0,19
477,19,0,27
477,20,0,40
477,22,0,10
477,26,0,3
477,28,0,11
477,30,0,45
477,31,0,27
477,36,0,18
477,38,0,45
477,41,0,24
477,42,0,39
477,43,0,31
477,48,0,27
477,49,0,24
477,50,0,44
477,51,0,44
477,52,0,11
477,53,0,25
477,54,0,22
477,55,0,27
477,59,0,47
477,62,0,39
477,64,0,15
477,65,0,30
477,72,0,6
477,73,0,28
477,74,0,3
477,75,0,9
477,76,0,31
477,79,0,49
477,80,0,2
477,81,0,4
477,82,0,2
477,84,0,23
477,86,0,18
477,87,0,47
477,88,0,38
477,89,0,11
477,91,0,4
477,92,0,34
477,93,0,16
477,94,0,31
477,97,0,47
477,99,0,3
477,61,0,49
477,5,0,44
477,66,0,42
477,11,0,32
477,32,0,28
477,1,0,10
478,4,0,25
478,7,0,22
478,8,0,3
478,12,0,26
478,14,0,20
478,17,0,19
478,19,0,27
478,20,0,40
478,22,0,10
478,26,0,3
478,28,0,11
478,30,0,45
478,31,0,27
478,36,0,18
478,38,0,45
478,41,0,24
478,42,0,39
478,43,0,31
478,48,0,27
478,49,0,24
478,50,0,44
478,51,0,44
478,52,0,11
478,53,0,25
478,54,0,22
478,55,0,27
478,59,0,47
478,62,0,39
478,64,0,15
478,65,0,30
478,72,0,6
478,73,0,28
478,74,0,3
478,75,0,9
478,76,0,31
478,79,0,49
478,80,0,2
478,81,0,4
478,82,0,2
478,84,0,23
478,86,0,18
478,87,0,47
478,88,0,38
478,89,0,11
478,91,0,4
478,92,0,34
478,93,0,16
478,94,0,31
478,97,0,47
478,99,0,3
478,61,0,49
478,5,0,44
478,66,0,42
478,11,0,32
478,32,0,28
478,1,0,10
479,4,0,25
479,7,0,22
479,8,0,3
479,12,0,26
479,14,0,20
479,17,0,19
479,19,0,27
479,20,0,40
479,22,0,10
479,26,0,3
479,28,0,11
479,30,0,45
479,31,0,27
479,36,0,18
479,38,0,45
479,41,0,24
479,42,0,39
479,43,0,31
479,48,0,27
479,49,0,24
479,50,0,44
479,51,0,44
479,52,0,11
479,53,0,25
479,54,0,22
479,55,0,27
479,59,0,47
479,62,0,39
479,64,0,15
479,65,0,30
479,72,0,6
479,73,0,28
479,74,0,3
479,75,0,9
479,76,0,31
479,79,0,49
479,80,0,2
479,81,0,4
479,82,0,2
479,84,0,23
479,86,0,18
479,87,0,47
479,88,0,38
479,89,0,11
479,91,0,4
479,92,0,34
479,93,0,16
479,94,0,31
479,97,0,47
479,99,0,3
479,61,0,49
479,5,0,44
479,66,0,42
479,11,0,32
479,32,0,28
479,1,0,10
480,4,0,25
480,7,0,22
480,8,0,3
480,12,0,26
480,14,0,20
480,17,0,19
480,19,0,27
480,20,0,40
480,22,0,10
480,26,0,3
480,28,0,11
480,30,0,45
480,31,0,27
480,36,0,18
480,38,0,45
480,41,0,24
480,42,0,39
480,43,0,31
480,48,0,27
480,49,0,24
480,50,0,44
480,51,0,44
480,52,0,11
480,53,0,25
480,54,0,22
480,55,0,27
480,59,0,47
480,62,0,39
480,64,0,15
480,65,0,30
480,72,0,6
480,73,0,28
480,74,0,3
480,75,0,9
480,76,0,31
480,79,0,49
480,80,0,2
480,81,0,4
480,82,0,2
480,84,0,23
480,86,0,18
480,87,0,47
480,88,0,38
480,89,0,11
480,91,0,4
480,92,0,34
480,93,0,16
480,94,0,31
480,97,0,47
480,99,0,3
480,61,0,49
480,5,0,44
480,66,0,42
480,11,0,32
480,32,0,28
480,1,0,10
481,4,0,25
481,7,0,22
481,8,0,3
481,12,0,26
481,14,0,20
481,17,0,19
481,19,0,27
481,20,0,40
481,22,0,10
481,26,0,3
481,28,0,11
481,30,0,45
481,31,0,27
481,36,0,18
481,38,0,45
481,41,0,24
481,42,0,39
481,43,0,31
481,48,0,27
481,49,0,24
481,50,0,44
481,51,0,44
481,52,0,11
481,53,0,25
481,54,0,22
481,55,0,27
481,59,0,47
481,62,0,39
481,64,0,15
481,65,0,30
481,72,0,6
481,73,0,28
481,74,0,3
481,75,0,9
481,76,0,31
481,79,0,49
481,80,0,2
481,81,0,4
481,82,0,2
481,84,0,23
481,86,0,18
481,87,0,47
481,88,0,38
481,89,0,11
481,91,0,4
481,92,0,34
481,93,0,16
481,94,0,31
481,97,0,47
481,99,0,3
481,61,0,49
481,5,0,44
481,66,0,42
481,11,0,32
481,32,0,28
481,1,0,10
482,4,0,25
482,7,0,22
482,8,0,3
482,12,0,26
482,14,0,20
482,17,0,19
482,19,0,27
482,20,0,40
482,22,0,10
482,26,0,3
482,28,0,11
482,30,0,45
482,31,0,27
482,36,0,18
482,38,0,45
482,41,0,24
482,42,0,39
482,43,0,31
482,48,0,27
482,49,0,24
482,50,0,44
482,51,0,44
482,52,0,11
482,53,0,25
482,54,0,22
482,55,0,27
482,59,0,47
482,62,0,39
482,64,0,15
482,65,0,30
482,72,0,6
482,73,0,28
482,74,0,3
482,75,0,9
482,76,0,31
482,79,0,49
482,80,0,2
482,81,0,4
482,82,0,2
482,84,0,23
482,86,0,18
482,87,0,47
482,88,0,38
482,89,0,11
482,91,0,4
482,92,0,34
482,93,0,16
482,94,0,31
482,97,0,47
482,99,0,3
482,61,0,49
482,5,0,44
482,66,0,42
482,11,0,32
482,32,0,28
482,1,0,10
483,4,0,25
483,7,0,22
483,8,0,3
483,12,0,26
483,14,0,20
483,17,0,19
483,19,0,27
483,20,0,40
483,22,0,10
483,26,0,3
483,28,0,11
483,30,0,45
483,31,0,27
483,36,0,18
483,38,0,45
483,41,0,24
483,42,0,39
483,43,0,31
483,48,0,27
483,49,0,24
483,50,0,44
483,51,0,44
483,52,0,11
483,53,0,25
483,54,0,22
483,55,0,27
483,59,0,47
483,62,0,39
483,64,0,15
483,65,0,30
483,72,0,6
483,73,0,28
483,74,0,3
483,75,0,9
483,76,0,31
483,79,0,49
483,80,0,2
483,81,0,4
483,82,0,2
483,84,0,23
483,86,0,18
483,87,0,47
483,88,0,38
483,89,0,11
483,91,0,4
483,92,0,34
483,93,0,16
483,94,0,31
483,97,0,47
483,99,0,3
483,61,0,49
483,5,0,44
483,66,0,42
483,11,0,32
483,32,0,28
483,1,0,10
484,4,0,25
484,7,0,22
484,8,0,3
484,12,0,26
484,14,0,20
484,17,0,19
484,19,0,27
484,20,0,40
484,22,0,10
484,26,0,3
484,28,0,11
484,30,0,45
484,31,0,27
484,36,0,18
484,38,0,45
484,41,0,24
484,42,0,39
484,43,0,31
484,48,0,27
484,49,0,24
484,50,0,44
484,51,0,44
484,52,0,11
484,53,0,25
484,54,0,22
484,55,0,27
484,59,0,47
484,62,0,39
484,64,0,15
484,65,0,30
484,72,0,6
484,73,0,28
484,74,0,3
484,75,0,9
484,76,0,31
484,79,0,49
484,80,0,2
484,81,0,4
484,82,0,2
484,84,0,23
484,86,0,18
484,87,0,47
484,88,0,38
484,89,0,11
484,91,0,4
484,92,0,34
484,93,0,16
484,94,0,31
484,97,0,47
484,99,0,3
484,61,0,49
484,5,0,44
484,66,0,42
484,11,0,32
484,32,0,28
484,1,0,10
485,4,0,25
485,7,0,22
485,8,0,3
485,12,0,26
485,14,0,20
485,17,0,19
485,19,0,27
485,20,0,40
485,22,0,10
485,26,0,3
485,28,0,11
485,30,0,45
485,31,0,27
485,36,0,18
485,38,0,45
485,41,0,24
485,42,0,39
485,43,0,31
485,48,0,27
485,49,0,24
485,50,0,44
485,51,0,44
485,52,0,11
485,53,0,25
485,54,0,22
485,55,0,27
485,59,0,47
485,62,0,39
485,64,0,15
485,65,0,30
485,72,0,6
485,73,0,28
485,74,0,3
485,75,0,9
485,76,0,31
485,79,0,49
485,80,0,2
485,81,0,4
485,82,0,2
485,84,0,23
485,86,0,18
485,87,0,47
485,88,0,38
485,89,0,11
485,91,0,4
485,92,0,34
485,93,0,16
485,94,0,31
485,97,0,47
485,99,0,3
485,61,0,49
485,5,0,44
485,66,0,42
485,11,0,32
485,32,0,28
485,1,0,10
486,4,0,25
486,7,0,22
486,8,0,3
486,12,0,26
486,14,0,20
486,17,0,19
486,19,0,27
486,20,0,40
486,22,0,10
486,26,0,3
486,28,0,11
486,30,0,45
486,31,0,27
486,36,0,18
486,38,0,45
486,41,0,24
486,42,0,39
486,43,0,31
486,48,0,27
486,49,0,24
486,50,0,44
486,51,0,44
486,52,0,11
486,53,0,25
486,54,0,22
486,55,0,27
486,59,0,47
486,62,0,39
486,64,0,15
486,65,0,30
486,72,0,6
486,73,0,28
486,74,0,3
486,75,0,9
486,76,0,31
486,79,0,49
486,80,0,2
486,81,0,4
486,82,0,2
486,84,0,23
486,86,0,18
486,87,0,47
486,88,0,38
486,89,0,11
486,91,0,4
486,92,0,34
486,93,0,16
486,94,0,31
486,97,0,47
486,99,0,3
486,61,0,49
486,5,0,44
486,66,0,42
486,11,0,32
486,32,0,28
486,1,0,10
487,4,0,25
487,7,0,22
487,8,0,3
487,12,0,26
487,14,0,20
487,17,0,19
487,19,0,27
487,20,0,40
487,22,0,10
487,26,0,3
487,28,0,11
487,30,0,45
487,31,0,27
487,36,0,18
487,38,0,45
487,41,0,24
487,42,0,39
487,43,0,31
487,48,0,27
487,49,0,24
487,50,0,44
487,51,0,44
487,52,0,11
487,53,0,25
487,54,0,22
487,55,0,27
487,59,0,47
487,62,0,39
487,64,0,15
487,65,0,30
487,72,0,6
487,73,0,28
487,74,0,3
487,75,0,9
487,76,0,31
487,79,0,49
487,80,0,2
487,81,0,4
487,82,0,2
487,84,0,23
487,86,0,18
487,87,0,47
487,88,0,38
487,89,0,11
487,91,0,4
487,92,0,34
487,93,0,16
487,94,0,31
487,97,0,47
487,99,0,3
487,61,0,49
487,5,0,44
487,66,0,42
487,11,0,32
487,32,0,28
487,1,0,10
488,4,0,25
488,7,0,22
488,8,0,3
488,12,0,26
488,14,0,20
488,17,0,19
488,19,0,27
488,20,0,40
488,22,0,10
488,26,0,3
488,28,0,11
488,30,0,45
488,31,0,27
488,36,0,18
488,38,0,45
488,41,0,24
488,42,0,39
488,43,0,31
488,48,0,27
488,49,0,24
488,50,0,44
488,51,0,44
488,52,0,11
488,53,0,25
488,54,0,22
488,55,0,27
488,59,0,47
488,62,0,39
488,64,0,15
488,65,0,30
488,72,0,6
488,73,0,28
488,74,0,3
488,75,0,9
488,76,0,31
488,79,0,49
488,80,0,2
488,81,0,4
488,82,0,2
488,84,0,23
488,86,0,18
488,87,0,47
488,88,0,38
488,89,0,11
488,91,0,4
488,92,0,34
488,93,0,16
488,94,0,31
488,97,0,47
488,99,0,3
488,61,0,49
488,5,0,44
488,66,0,42
488,11,0,32
488,32,0,28
488,1,0,10
489,4,0,25
489,7,0,22
489,8,0,3
489,12,0,26
489,14,0,20
489,17,0,19
489,19,0,27
489,20,0,40
489,22,0,10
489,26,0,3
489,28,0,11
489,30,0,45
489,31,0,27
489,36,0,18
489,38,0,45
489,41,0,24
489,42,0,39
489,43,0,31
489,48,0,27
489,49,0,24
489,50,0,44
489,51,0,44
489,52,0,11
489,53,0,25
489,54,0,22
489,55,0,27
489,59,0,47
489,62,0,39
489,64,0,15
489,65,0,30
489,72,0,6
489,73,0,28
489,74,0,3
489,75,0,9
489,76,0,31
489,79,0,49
489,80,0,2
489,81,0,4
489,82,0,2
489,84,0,23
489,86,0,18
489,87,0,47
489,88,0,38
489,89,0,11
489,91,0,4
489,92,0,34
489,93,0,16
489,94,0,31
489,97,0,47
489,99,0,3
489,61,0,49
489,5,0,44
489,66,0,42
489,11,0,32
489,32,0,28
489,1,0,10
490,4,0,25
490,7,0,22
490,8,0,3
490,12,0,26
490,14,0,20
490,17,0,19
490,19,0,27
490,20,0,40
490,22,0,10
490,26,0,3
490,28,0,11
490,30,0,45
490,31,0,27
490,36,0,18
490,38,0,45
490,41,0,24
490,42,0,39
490,43,0,31
490,48,0,27
490,49,0,24
490,50,0,44
490,51,0,44
490,52,0,11
490,53,0,25
490,54,0,22
490,55,0,27
490,59,0,47
490,62,0,39
490,64,0,15
490,65,0,30
490,72,0,6
490,73,0,28
490,74,0,3
490,75,0,9
490,76,0,31
490,79,0,49
490,80,0,2
490,81,0,4
490,82,0,2
490,84,0,23
490,86,0,18
490,87,0,47
490,88,0,38
490,89,0,11
490,91,0,4
490,92,0,34
490,93,0,16
490,94,0,31
490,97,0,47
490,99,0,3
490,61,0,49
490,5,0,44
490,66,0,42
490,11,0,32
490,32,0,28
490,1,0,10
491,4,0,25
491,7,0,22
491,8,0,3
491,12,0,26
491,14,0,20
491,17,0,19
491,19,0,27
491,20,0,40
491,22,0,10
491,26,0,3
491,28,0,11
491,30,0,45
491,31,0,27
491,36,0,18
491,38,0,45
491,41,0,24
491,42,0,39
491,43,0,31
491,48,0,27
491,49,0,24
491,50,0,44
491,51,0,44
491,52,0,11
491,53,0,25
491,54,0,22
491,55,0,27
491,59,0,47
491,62,0,39
491,64,0,15
491,65,0,30
491,72,0,6
491,73,0,28
491,74,0,3
491,75,0,9
491,76,0,31
491,79,0,49
491,80,0,2
491,81,0,4
491,82,0,2
491,84,0,23
491,86,0,18
491,87,0,47
491,88,0,38
491,89,0,11
491,91,0,4
491,92,0,34
491,93,0,16
491,94,0,31
491,97,0,47
491,99,0,3
491,61,0,49
491,5,0,44
491,66,0,42
491,11,0,32
491,32,0,28
491,1,0,10
492,4,0,25
492,7,0,22
492,8,0,3
492,12,0,26
492,14,0,20
492,17,0,19
492,19,0,27
492,20,0,40
492,22,0,10
492,26,0,3
492,28,0,11
492,30,0,45
492,31,0,27
492,36,0,18
492,38,0,45
492,41,0,24
492,42,0,39
492,43,0,31
492,48,0,27
492,49,0,24
492,50,0,44
492,51,0,44
492,52,0,11
492,53,0,25
492,54,0,22
492,55,0,27
492,59,0,47
492,62,0,39
492,64,0,15
492,65,0,30
492,72,0,6
492,73,0,28
492,74,0,3
492,75,0,9
492,76,0,31
492,79,0,49
492,80,0,2
492,81,0,4
492,82,0,2
492,84,0,23
492,86,0,18
492,87,0,47
492,88,0,38
492,89,0,11
492,91,0,4
492,92,0,34
492,93,0,16
492,94,0,31
492,97,0,47
492,99,0,3
492,61,0,49
492,5,0,44
492,66,0,42
492,11,0,32
492,32,0,28
492,1,0,10
493,4,0,25
493,7,0,22
493,8,0,3
493,12,0,26
493,14,0,20
493,17,0,19
493,19,0,27
493,20,0,40
493,22,0,10
493,26,0,3
493,28,0,11
493,30,0,45
493,31,0,27
493,36,0,18
493,38,0,45
493,41,0,24
493,42,0,39
493,43,0,31
493,48,0,27
493,49,0,24
493,50,0,44
493,51,0,44
493,52,0,11
493,53,0,25
493,54,0,22
493,55,0,27
493,59,0,47
493,62,0,39
493,64,0,15
493,65,0,30
493,72,0,6
493,73,0,28
493,74,0,3
493,75,0,9
493,76,0,31
493,79,0,49
493,80,0,2
493,81,0,4
493,82,0,2
493,84,0,23
493,86,0,18
493,87,0,47
493,88,0,38
493,89,0,11
493,91,0,4
493,92,0,34
493,93,0,16
493,94,0,31
493,97,0,47
493,99,0,3
493,61,0,49
493,5,0,44
493,66,0,42
493,11,0,32
493,32,0,28
493,1,0,10
494,4,0,25
494,7,0,22
494,8,0,3
494,12,0,26
494,14,0,20
494,17,0,19
494,19,0,27
494,20,0,40
494,22,0,10
494,26,0,3
494,28,0,11
494,30,0,45
494,31,0,27
494,36,0,18
494,38,0,45
494,41,0,24
494,42,0,39
494,43,0,31
494,48,0,27
494,49,0,24
494,50,0,44
494,51,0,44
494,52,0,11
494,53,0,25
494,54,0,22
494,55,0,27
494,59,0,47
494,62,0,39
494,64,0,15
494,65,0,30
494,72,0,6
494,73,0,28
494,74,0,3
494,75,0,9
494,76,0,31
494,79,0,49
494,80,0,2
494,81,0,4
494,82,0,2
494,84,0,23
494,86,0,18
494,87,0,47
494,88,0,38
494,89,0,11
494,91,0,4
494,92,0,34
494,93,0,16
494,94,0,31
494,97,0,47
494,99,0,3
494,61,0,49
494,5,0,44
494,66,0,42
494,11,0,32
494,32,0,28
494,1,0,10
495,4,0,25
495,7,0,22
495,8,0,3
495,12,0,26
495,14,0,20
495,17,0,19
495,19,0,27
495,20,0,40
495,22,0,10
495,26,0,3
495,28,0,11
495,30,0,45
495,31,0,27
495,36,0,18
495,38,0,45
495,41,0,24
495,42,0,39
495,43,0,31
495,48,0,27
495,49,0,24
495,50,0,44
495,51,0,44
495,52,0,11
495,53,0,25
495,54,0,22
495,55,0,27
495,59,0,47
495,62,0,39
495,64,0,15
495,65,0,30
495,72,0,6
495,73,0,28
495,74,0,3
495,75,0,9
495,76,0,31
495,79,0,49
495,80,0,2
495,81,0,4
495,82,0,2
495,84,0,23
495,86,0,18
495,87,0,47
495,88,0,38
495,89,0,11
495,91,0,4
495,92,0,34
495,93,0,16
495,94,0,31
495,97,0,47
495,99,0,3
495,61,0,49
495,5,0,44
495,66,0,42
495,11,0,32
495,32,0,28
495,1,0,10
496,4,0,25
496,7,0,22
496,8,0,3
496,12,0,26
496,14,0,20
496,17,0,19
496,19,0,27
496,20,0,40
496,22,0,10
496,26,0,3
496,28,0,11
496,30,0,45
496,31,0,27
496,36,0,18
496,38,0,45
496,41,0,24
496,42,0,39
496,43,0,31
496,48,0,27
496,49,0,24
496,50,0,44
496,51,0,44
496,52,0,11
496,53,0,25
496,54,0,22
496,55,0,27
496,59,0,47
496,62,0,39
496,64,0,15
496,65,0,30
496,72,0,6
496,73,0,28
496,74,0,3
496,75,0,9
496,76,0,31
496,79,0,49
496,80,0,2
496,81,0,4
496,82,0,2
496,84,0,23
496,86,0,18
496,87,0,47
496,88,0,38
496,89,0,11
496,91,0,4
496,92,0,34
496,93,0,16
496,94,0,31
496,97,0,47
496,99,0,3
496,61,0,49
496,5,0,44
496,66,0,42
496,11,0,32
496,32,0,28
496,1,0,10
497,4,0,25
497,7,0,22
497,8,0,3
497,12,0,26
497,14,0,20
497,17,0,19
497,19,0,27
497,20,0,40
497,22,0,10
497,26,0,3
497,28,0,11
497,30,0,45
497,31,0,27
497,36,0,18
497,38,0,45
497,41,0,24
497,42,0,39
497,43,0,31
497,48,0,27
497,49,0,24
497,50,0,44
497,51,0,44
497,52,0,11
497,53,0,25
497,54,0,22
497,55,0,27
497,59,0,47
497,62,0,39
497,64,0,15
497,65,0,30
497,72,0,6
497,73,0,28
497,74,0,3
497,75,0,9
497,76,0,31
497,79,0,49
497,80,0,2
497,81,0,4
497,82,0,2
497,84,0,23
497,86,0,18
497,87,0,47
497,88,0,38
497,89,0,11
497,91,0,4
497,92,0,34
497,93,0,16
497,94,0,31
497,97,0,47
497,99,0,3
497,61,0,49
497,5,0,44
497,66,0,42
497,11,0,32
497,32,0,28
497,1,0,10
498,4,0,25
498,7,0,22
498,8,0,3
498,12,0,26
498,14,0,20
498,17,0,19
498,19,0,27
498,20,0,40
498,22,0,10
498,26,0,3
498,28,0,11
498,30,0,45
498,31,0,27
498,36,0,18
498,38,0,45
498,41,0,24
498,42,0,39
498,43,0,31
498,48,0,27
498,49,0,24
498,50,0,44
498,51,0,44
498,52,0,11
498,53,0,25
498,54,0,22
498,55,0,27
498,59,0,47
498,62,0,39
498,64,0,15
498,65,0,30
498,72,0,6
498,73,0,28
498,74,0,3
498,75,0,9
498,76,0,31
498,79,0,49
498,80,0,2
498,81,0,4
498,82,0,2
498,84,0,23
498,86,0,18
498,87,0,47
498,88,0,38
498,89,0,11
498,91,0,4
498,92,0,34
498,93,0,16
498,94,0,31
498,97,0,47
498,99,0,3
498,61,0,49
498,5,0,44
498,66,0,42
498,11,0,32
498,32,0,28
498,1,0,10
499,4,0,25
499,7,0,22
499,8,0,3
499,12,0,26
499,14,0,20
499,17,0,19
499,19,0,27
499,20,0,40
499,22,0,10
499,26,0,3
499,28,0,11
499,30,0,45
499,31,0,27
499,36,0,18
499,38,0,45
499,41,0,24
499,42,0,39
499,43,0,31
499,48,0,27
499,49,0,24
499,50,0,44
499,51,0,44
499,52,0,11
499,53,0,25
499,54,0,22
499,55,0,27
499,59,0,47
499,62,0,39
499,64,0,15
499,65,0,30
499,72,0,6
499,73,0,28
499,74,0,3
499,75,0,9
499,76,0,31
499,79,0,49
499,80,0,2
499,81,0,4
499,82,0,2
499,84,0,23
499,86,0,18
499,87,0,47
499,88,0,38
499,89,0,11
499,91,0,4
499,92,0,34
499,93,0,16
499,94,0,31
499,97,0,47
499,99,0,3
499,61,0,49
499,5,0,44
499,66,0,42
499,11,0,32
499,32,0,28
499,1,0,10
500,4,0,25
500,7,0,22
500,8,0,3
500,12,0,26
500,14,0,20
500,17,0,19
500,19,0,27
500,20,0,40
500,22,0,10
500,26,0,3
500,28,0,11
500,30,0,45
500,31,0,27
500,36,0,18
500,38,0,45
500,41,0,24
500,42,0,39
500,43,0,31
500,48,0,27
500,49,0,24
500,50,0,44
500,51,0,44
500,52,0,11
500,53,0,25
500,54,0,22
500,55,0,27
500,59,0,47
500,62,0,39
500,64,0,15
500,65,0,30
500,72,0,6
500,73,0,28
500,74,0,3
500,75,0,9
500,76,0,31
500,79,0,49
500,80,0,2
500,81,0,4
500,82,0,2
500,84,0,23
500,86,0,18
500,87,0,47
500,88,0,38
500,89,0,11
500,91,0,4
500,92,0,34
500,93,0,16
500,94,0,31
500,97,0,47
500,99,0,3
500,61,0,49
500,5,0,44
500,66,0,42
500,11,0,32
500,32,0,28
500,1,0,10
501,4,0,25
501,7,0,22
501,8,0,3
501,12,0,26
501,14,0,20
501,17,0,19
501,19,0,27
501,20,0,40
501,22,0,10
501,26,0,3
501,28,0,11
501,30,0,45
501,31,0,27
501,36,0,18
501,38,0,45
501,41,0,24
501,42,0,39
501,43,0,31
501,48,0,27
501,49,0,24
501,50,0,44
501,51,0,44
501,52,0,11
501,53,0,25
501,54,0,22
501,55,0,27
501,59,0,47
501,62,0,39
501,64,0,15
501,65,0,30
501,72,0,6
501,73,0,28
501,74,0,3
501,75,0,9
501,76,0,31
501,79,0,49
501,80,0,2
501,81,0,4
501,82,0,2
501,84,0,23
501,86,0,18
501,87,0,47
501,88,0,38
501,89,0,11
501,91,0,4
501,92,0,34
501,93,0,16
501,94,0,31
501,97,0,47
501,99,0,3
501,61,0,49
501,5,0,44
501,66,0,42
501,11,0,32
501,32,0,28
501,1,0,10
502,4,0,25
502,7,0,22
502,8,0,3
502,12,0,26
502,14,0,20
502,17,0,19
502,19,0,27
502,20,0,40
502,22,0,10
502,26,0,3
502,28,0,11
502,30,0,45
502,31,0,27
502,36,0,18
502,38,0,45
502,41,0,24
502,42,0,39
502,43,0,31
502,48,0,27
502,49,0,24
502,50,0,44
502,51,0,44
502,52,0,11
502,53,0,25
502,54,0,22
502,55,0,27
502,59,0,47
502,62,0,39
502,64,0,15
502,65,0,30
502,72,0,6
502,73,0,28
502,74,0,3
502,75,0,9
502,76,0,31
502,79,0,49
502,80,0,2
502,81,0,4
502,82,0,2
502,84,0,23
502,86,0,18
502,87,0,47
502,88,0,38
502,89,0,11
502,91,0,4
502,92,0,34
502,93,0,16
502,94,0,31
502,97,0,47
502,99,0,3
502,61,0,49
502,5,0,44
502,66,0,42
502,11,0,32
502,32,0,28
502,1,0,10
503,4,0,25
503,7,0,22
503,8,0,3
503,12,0,26
503,14,0,20
503,17,0,19
503,19,0,27
503,20,0,40
503,22,0,10
503,26,0,3
503,28,0,11
503,30,0,45
503,31,0,27
503,36,0,18
503,38,0,45
503,41,0,24
503,42,0,39
503,43,0,31
503,48,0,27
503,49,0,24
503,50,0,44
503,51,0,44
503,52,0,11
503,53,0,25
503,54,0,22
503,55,0,27
503,59,0,47
503,62,0,39
503,64,0,15
503,65,0,30
503,72,0,6
503,73,0,28
503,74,0,3
503,75,0,9
503,76,0,31
503,79,0,49
503,80,0,2
503,81,0,4
503,82,0,2
503,84,0,23
503,86,0,18
503,87,0,47
503,88,0,38
503,89,0,11
503,91,0,4
503,92,0,34
503,93,0,16
503,94,0,31
503,97,0,47
503,99,0,3
503,61,0,49
503,5,0,44
503,66,0,42
503,11,0,32
503,32,0,28
503,1,0,10
504,4,0,25
504,7,0,22
504,8,0,3
504,12,0,26
504,14,0,20
504,17,0,19
504,19,0,27
504,20,0,40
504,22,0,10
504,26,0,3
504,28,0,11
504,30,0,45
504,31,0,27
504,36,0,18
504,38,0,45
504,41,0,24
504,42,0,39
504,43,0,31
504,48,0,27
504,49,0,24
504,50,0,44
504,51,0,44
504,52,0,11
504,53,0,25
504,54,0,22
504,55,0,27
504,59,0,47
504,62,0,39
504,64,0,15
504,65,0,30
504,72,0,6
504,73,0,28
504,74,0,3
504,75,0,9
504,76,0,31
504,79,0,49
504,80,0,2
504,81,0,4
504,82,0,2
504,84,0,23
504,86,0,18
504,87,0,47
504,88,0,38
504,89,0,11
504,91,0,4
504,92,0,34
504,93,0,16
504,94,0,31
504,97,0,47
504,99,0,3
504,61,0,49
504,5,0,44
504,66,0,42
504,11,0,32
504,32,0,28
504,1,0,10
505,4,0,25
505,7,0,22
505,8,0,3
505,12,0,26
505,14,0,20
505,17,0,19
505,19,0,27
505,20,0,40
505,22,0,10
505,26,0,3
505,28,0,11
505,30,0,45
505,31,0,27
505,36,0,18
505,38,0,45
505,41,0,24
505,42,0,39
505,43,0,31
505,48,0,27
505,49,0,24
505,50,0,44
505,51,0,44
505,52,0,11
505,53,0,25
505,54,0,22
505,55,0,27
505,59,0,47
505,62,0,39
505,64,0,15
505,65,0,30
505,72,0,6
505,73,0,28
505,74,0,3
505,75,0,9
505,76,0,31
505,79,0,49
505,80,0,2
505,81,0,4
505,82,0,2
505,84,0,23
505,86,0,18
505,87,0,47
505,88,0,38
505,89,0,11
505,91,0,4
505,92,0,34
505,93,0,16
505,94,0,31
505,97,0,47
505,99,0,3
505,61,0,49
505,5,0,44
505,66,0,42
505,11,0,32
505,32,0,28
505,1,0,10
506,4,0,25
506,7,0,22
506,8,0,3
506,12,0,26
506,14,0,20
506,17,0,19
506,19,0,27
506,20,0,40
506,22,0,10
506,26,0,3
506,28,0,11
506,30,0,45
506,31,0,27
506,36,0,18
506,38,0,45
506,41,0,24
506,42,0,39
506,43,0,31
506,48,0,27
506,49,0,24
506,50,0,44
506,51,0,44
506,52,0,11
506,53,0,25
506,54,0,22
506,55,0,27
506,59,0,47
506,62,0,39
506,64,0,15
506,65,0,30
506,72,0,6
506,73,0,28
506,74,0,3
506,75,0,9
506,76,0,31
506,79,0,49
506,80,0,2
506,81,0,4
506,82,0,2
506,84,0,23
506,86,0,18
506,87,0,47
506,88,0,38
506,89,0,11
506,91,0,4
506,92,0,34
506,93,0,16
506,94,0,31
506,97,0,47
506,99,0,3
506,61,0,49
506,5,0,44
506,66,0,42
506,11,0,32
506,32,0,28
506,1,0,10
507,4,0,25
507,7,0,22
507,8,0,3
507,12,0,26
507,14,0,20
507,17,0,19
507,19,0,27
507,20,0,40
507,22,0,10
507,26,0,3
507,28,0,11
507,30,0,45
507,31,0,27
507,36,0,18
507,38,0,45
507,41,0,24
507,42,0,39
507,43,0,31
507,48,0,27
507,49,0,24
507,50,0,44
507,51,0,44
507,52,0,11
507,53,0,25
507,54,0,22
507,55,0,27
507,59,0,47
507,62,0,39
507,64,0,15
507,65,0,30
507,72,0,6
507,73,0,28
507,74,0,3
507,75,0,9
507,76,0,31
507,79,0,49
507,80,0,2
507,81,0,4
507,82,0,2
507,84,0,23
507,86,0,18
507,87,0,47
507,88,0,38
507,89,0,11
507,91,0,4
507,92,0,34
507,93,0,16
507,94,0,31
507,97,0,47
507,99,0,3
507,61,0,49
507,5,0,44
507,66,0,42
507,11,0,32
507,32,0,28
507,1,0,10
508,4,0,25
508,7,0,22
508,8,0,3
508,12,0,26
508,14,0,20
508,17,0,19
508,19,0,27
508,20,0,40
508,22,0,10
508,26,0,3
508,28,0,11
508,30,0,45
508,31,0,27
508,36,0,18
508,38,0,45
508,41,0,24
508,42,0,39
508,43,0,31
508,48,0,27
508,49,0,24
508,50,0,44
508,51,0,44
508,52,0,11
508,53,0,25
508,54,0,22
508,55,0,27
508,59,0,47
508,62,0,39
508,64,0,15
508,65,0,30
508,72,0,6
508,73,0,28
508,74,0,3
508,75,0,9
508,76,0,31
508,79,0,49
508,80,0,2
508,81,0,4
508,82,0,2
508,84,0,23
508,86,0,18
508,87,0,47
508,88,0,38
508,89,0,11
508,91,0,4
508,92,0,34
508,93,0,16
508,94,0,31
508,97,0,47
508,99,0,3
508,61,0,49
508,5,0,44
508,66,0,42
508,11,0,32
508,32,0,28
508,1,0,10
509,4,0,25
509,7,0,22
509,8,0,3
509,12,0,26
509,14,0,20
509,17,0,19
509,19,0,27
509,20,0,40
509,22,0,10
509,26,0,3
509,28,0,11
509,30,0,45
509,31,0,27
509,36,0,18
509,38,0,45
509,41,0,24
509,42,0,39
509,43,0,31
509,48,0,27
509,49,0,24
509,50,0,44
509,51,0,44
509,52,0,11
509,53,0,25
509,54,0,22
509,55,0,27
509,59,0,47
509,62,0,39
509,64,0,15
509,65,0,30
509,72,0,6
509,73,0,28
509,74,0,3
509,75,0,9
509,76,0,31
509,79,0,49
509,80,0,2
509,81,0,4
509,82,0,2
509,84,0,23
509,86,0,18
509,87,0,47
509,88,0,38
509,89,0,11
509,91,0,4
509,92,0,34
509,93,0,16
509,94,0,31
509,97,0,47
509,99,0,3
509,61,0,49
509,5,0,44
509,66,0,42
509,11,0,32
509,32,0,28
509,1,0,10
510,4,0,25
510,7,0,22
510,8,0,3
510,12,0,26
510,14,0,20
510,17,0,19
510,19,0,27
510,20,0,40
510,22,0,10
510,26,0,3
510,28,0,11
510,30,0,45
510,31,0,27
510,36,0,18
510,38,0,45
510,41,0,24
510,42,0,39
510,43,0,31
510,48,0,27
510,49,0,24
510,50,0,44
510,51,0,44
510,52,0,11
510,53,0,25
510,54,0,22
510,55,0,27
510,59,0,47
510,62,0,39
510,64,0,15
510,65,0,30
510,72,0,6
510,73,0,28
510,74,0,3
510,75,0,9
510,76,0,31
510,79,0,49
510,80,0,2
510,81,0,4
510,82,0,2
510,84,0,23
510,86,0,18
510,87,0,47
510,88,0,38
510,89,0,11
510,91,0,4
510,92,0,34
510,93,0,16
510,94,0,31
510,97,0,47
510,99,0,3
510,61,0,49
510,5,0,44
510,66,0,42
510,11,0,32
510,32,0,28
510,1,0,10
511,4,0,25
511,7,0,22
511,8,0,3
511,12,0,26
511,14,0,20
511,17,0,19
511,19,0,27
511,20,0,40
511,22,0,10
511,26,0,3
511,28,0,11
511,30,0,45
511,31,0,27
511,36,0,18
511,38,0,45
511,41,0,24
511,42,0,39
511,43,0,31
511,48,0,27
511,49,0,24
511,50,0,44
511,51,0,44
511,52,0,11
511,53,0,25
511,54,0,22
511,55,0,27
511,59,0,47
511,62,0,39
511,64,0,15
511,65,0,30
511,72,0,6
511,73,0,28
511,74,0,3
511,75,0,9
511,76,0,31
511,79,0,49
511,80,0,2
511,81,0,4
511,82,0,2
511,84,0,23
511,86,0,18
511,87,0,47
511,88,0,38
511,89,0,11
511,91,0,4
511,92,0,34
511,93,0,16
511,94,0,31
511,97,0,47
511,99,0,3
511,61,0,49
511,5,0,44
511,66,0,42
511,11,0,32
511,32,0,28
511,1,0,10
512,4,0,25
512,7,0,22
512,8,0,3
512,12,0,26
512,14,0,20
512,17,0,19
512,19,0,27
512,20,0,40
512,22,0,10
512,26,0,3
512,28,0,11
512,30,0,45
512,31,0,27
512,36,0,18
512,38,0,45
512,41,0,24
512,42,0,39
512,43,0,31
512,48,0,27
512,49,0,24
512,50,0,44
512,51,0,44
512,52,0,11
512,53,0,25
512,54,0,22
512,55,0,27
512,59,0,47
512,62,0,39
512,64,0,15
512,65,0,30
512,72,0,6
512,73,0,28
512,74,0,3
512,75,0,9
512,76,0,31
512,79,0,49
512,80,0,2
512,81,0,4
512,82,0,2
512,84,0,23
512,86,0,18
512,87,0,47
512,88,0,38
512,89,0,11
512,91,0,4
512,92,0,34
512,93,0,16
512,94,0,31
512,97,0,47
512,99,0,3
512,61,0,49
512,5,0,44
512,66,0,42
512,11,0,32
512,32,0,28
512,1,0,10
513,4,0,25
513,7,0,22
513,8,0,3
513,12,0,26
513,14,0,20
513,17,0,19
513,19,0,27
513,20,0,40
513,22,0,10
513,26,0,3
513,28,0,11
513,30,0,45
513,31,0,27
513,36,0,18
513,38,0,45
513,41,0,24
513,42,0,39
513,43,0,31
513,48,0,27
513,49,0,24
513,50,0,44
513,51,0,44
513,52,0,11
513,53,0,25
513,54,0,22
513,55,0,27
513,59,0,47
513,62,0,39
513,64,0,15
513,65,0,30
513,72,0,6
513,73,0,28
513,74,0,3
513,75,0,9
513,76,0,31
513,79,0,49
513,80,0,2
513,81,0,4
513,82,0,2
513,84,0,23
513,86,0,18
513,87,0,47
513,88,0,38
513,89,0,11
513,91,0,4
513,92,0,34
513,93,0,16
513,94,0,31
513,97,0,47
513,99,0,3
513,61,0,49
513,5,0,44
513,66,0,42
513,11,0,32
513,32,0,28
513,1,0,10
514,4,0,25
514,7,0,22
514,8,0,3
514,12,0,26
514,14,0,20
514,17,0,19
514,19,0,27
514,20,0,40
514,22,0,10
514,26,0,3
514,28,0,11
514,30,0,45
514,31,0,27
514,36,0,18
514,38,0,45
514,41,0,24
514,42,0,39
514,43,0,31
514,48,0,27
514,49,0,24
514,50,0,44
514,51,0,44
514,52,0,11
514,53,0,25
514,54,0,22
514,55,0,27
514,59,0,47
514,62,0,39
514,64,0,15
514,65,0,30
514,72,0,6
514,73,0,28
514,74,0,3
514,75,0,9
514,76,0,31
514,79,0,49
514,80,0,2
514,81,0,4
514,82,0,2
514,84,0,23
514,86,0,18
514,87,0,47
514,88,0,38
514,89,0,11
514,91,0,4
514,92,0,34
514,93,0,16
514,94,0,31
514,97,0,47
514,99,0,3
514,61,0,49
514,5,0,44
514,66,0,42
514,11,0,32
514,32,0,28
514,1,0,10
515,4,0,25
515,7,0,22
515,8,0,3
515,12,0,26
515,14,0,20
515,17,0,19
515,19,0,27
515,20,0,40
515,22,0,10
515,26,0,3
515,28,0,11
515,30,0,45
515,31,0,27
515,36,0,18
515,38,0,45
515,41,0,24
515,42,0,39
515,43,0,31
515,48,0,27
515,49,0,24
515,50,0,44
515,51,0,44
515,52,0,11
515,53,0,25
515,54,0,22
515,55,0,27
515,59,0,47
515,62,0,39
515,64,0,15
515,65,0,30
515,72,0,6
515,73,0,28
515,74,0,3
515,75,0,9
515,76,0,31
515,79,0,49
515,80,0,2
515,81,0,4
515,82,0,2
515,84,0,23
515,86,0,18
515,87,0,47
515,88,0,38
515,89,0,11
515,91,0,4
515,92,0,34
515,93,0,16
515,94,0,31
515,97,0,47
515,99,0,3
515,61,0,49
515,5,0,44
515,66,0,42
515,11,0,32
515,32,0,28
515,1,0,10
516,4,0,25
516,7,0,22
516,8,0,3
516,12,0,26
516,14,0,20
516,17,0,19
516,19,0,27
516,20,0,40
516,22,0,10
516,26,0,3
516,28,0,11
516,30,0,45
516,31,0,27
516,36,0,18
516,38,0,45
516,41,0,24
516,42,0,39
516,43,0,31
516,48,0,27
516,49,0,24
516,50,0,44
516,51,0,44
516,52,0,11
516,53,0,25
516,54,0,22
516,55,0,27
516,59,0,47
516,62,0,39
516,64,0,15
516,65,0,30
516,72,0,6
516,73,0,28
516,74,0,3
516,75,0,9
516,76,0,31
516,79,0,49
516,80,0,2
516,81,0,4
516,82,0,2
516,84,0,23
516,86,0,18
516,87,0,47
516,88,0,38
516,89,0,11
516,91,0,4
516,92,0,34
516,93,0,16
516,94,0,31
516,97,0,47
516,99,0,3
516,61,0,49
516,5,0,44
516,66,0,42
516,11,0,32
516,32,0,28
516,1,0,10
517,4,0,25
517,7,0,22
517,8,0,3
517,12,0,26
517,14,0,20
517,17,0,19
517,19,0,27
517,20,0,40
517,22,0,10
517,26,0,3
517,28,0,11
517,30,0,45
517,31,0,27
517,36,0,18
517,38,0,45
517,41,0,24
517,42,0,39
517,43,0,31
517,48,0,27
517,49,0,24
517,50,0,44
517,51,0,44
517,52,0,11
517,53,0,25
517,54,0,22
517,55,0,27
517,59,0,47
517,62,0,39
517,64,0,15
517,65,0,30
517,72,0,6
517,73,0,28
517,74,0,3
517,75,0,9
517,76,0,31
517,79,0,49
517,80,0,2
517,81,0,4
517,82,0,2
517,84,0,23
517,86,0,18
517,87,0,47
517,88,0,38
517,89,0,11
517,91,0,4
517,92,0,34
517,93,0,16
517,94,0,31
517,97,0,47
517,99,0,3
517,61,0,49
517,5,0,44
517,66,0,42
517,11,0,32
517,32,0,28
517,1,0,10
518,4,0,25
518,7,0,22
518,8,0,3
518,12,0,26
518,14,0,20
518,17,0,19
518,19,0,27
518,20,0,40
518,22,0,10
518,26,0,3
518,28,0,11
518,30,0,45
518,31,0,27
518,36,0,18
518,38,0,45
518,41,0,24
518,42,0,39
518,43,0,31
518,48,0,27
518,49,0,24
518,50,0,44
518,51,0,44
518,52,0,11
518,53,0,25
518,54,0,22
518,55,0,27
518,59,0,47
518,62,0,39
518,64,0,15
518,65,0,30
518,72,0,6
518,73,0,28
518,74,0,3
518,75,0,9
518,76,0,31
518,79,0,49
518,80,0,2
518,81,0,4
518,82,0,2
518,84,0,23
518,86,0,18
518,87,0,47
518,88,0,38
518,89,0,11
518,91,0,4
518,92,0,34
518,93,0,16
518,94,0,31
518,97,0,47
518,99,0,3
518,61,0,49
518,5,0,44
518,66,0,42
518,11,0,32
518,32,0,28
518,1,0,10
519,4,0,25
519,7,0,22
519,8,0,3
519,12,0,26
519,14,0,20
519,17,0,19
519,19,0,27
519,20,0,40
519,22,0,10
519,26,0,3
519,28,0,11
519,30,0,45
519,31,0,27
519,36,0,18
519,38,0,45
519,41,0,24
519,42,0,39
519,43,0,31
519,48,0,27
519,49,0,24
519,50,0,44
519,51,0,44
519,52,0,11
519,53,0,25
519,54,0,22
519,55,0,27
519,59,0,47
519,62,0,39
519,64,0,15
519,65,0,30
519,72,0,6
519,73,0,28
519,74,0,3
519,75,0,9
519,76,0,31
519,79,0,49
519,80,0,2
519,81,0,4
519,82,0,2
519,84,0,23
519,86,0,18
519,87,0,47
519,88,0,38
519,89,0,11
519,91,0,4
519,92,0,34
519,93,0,16
519,94,0,31
519,97,0,47
519,99,0,3
519,61,0,49
519,5,0,44
519,66,0,42
519,11,0,32
519,32,0,28
519,1,0,10
520,4,0,25
520,7,0,22
520,8,0,3
520,12,0,26
520,14,0,20
520,17,0,19
520,19,0,27
520,20,0,40
520,22,0,10
520,26,0,3
520,28,0,11
520,30,0,45
520,31,0,27
520,36,0,18
520,38,0,45
520,41,0,24
520,42,0,39
520,43,0,31
520,48,0,27
520,49,0,24
520,50,0,44
520,51,0,44
520,52,0,11
520,53,0,25
520,54,0,22
520,55,0,27
520,59,0,47
520,62,0,39
520,64,0,15
520,65,0,30
520,72,0,6
520,73,0,28
520,74,0,3
520,75,0,9
520,76,0,31
520,79,0,49
520,80,0,2
520,81,0,4
520,82,0,2
520,84,0,23
520,86,0,18
520,87,0,47
520,88,0,38
520,89,0,11
520,91,0,4
520,92,0,34
520,93,0,16
520,94,0,31
520,97,0,47
520,99,0,3
520,61,0,49
520,5,0,44
520,66,0,42
520,11,0,32
520,32,0,28
520,1,0,10
521,4,0,25
521,7,0,22
521,8,0,3
521,12,0,26
521,14,0,20
521,17,0,19
521,19,0,27
521,20,0,40
521,22,0,10
521,26,0,3
521,28,0,11
521,30,0,45
521,31,0,27
521,36,0,18
521,38,0,45
521,41,0,24
521,42,0,39
521,43,0,31
521,48,0,27
521,49,0,24
521,50,0,44
521,51,0,44
521,52,0,11
521,53,0,25
521,54,0,22
521,55,0,27
521,59,0,47
521,62,0,39
521,64,0,15
521,65,0,30
521,72,0,6
521,73,0,28
521,74,0,3
521,75,0,9
521,76,0,31
521,79,0,49
521,80,0,2
521,81,0,4
521,82,0,2
521,84,0,23
521,86,0,18
521,87,0,47
521,88,0,38
521,89,0,11
521,91,0,4
521,92,0,34
521,93,0,16
521,94,0,31
521,97,0,47
521,99,0,3
521,61,0,49
521,5,0,44
521,66,0,42
521,11,0,32
521,32,0,28
521,1,0,10
522,4,0,25
522,7,0,22
522,8,0,3
522,12,0,26
522,14,0,20
522,17,0,19
522,19,0,27
522,20,0,40
522,22,0,10
522,26,0,3
522,28,0,11
522,30,0,45
522,31,0,27
522,36,0,18
522,38,0,45
522,41,0,24
522,42,0,39
522,43,0,31
522,48,0,27
522,49,0,24
522,50,0,44
522,51,0,44
522,52,0,11
522,53,0,25
522,54,0,22
522,55,0,27
522,59,0,47
522,62,0,39
522,64,0,15
522,65,0,30
522,72,0,6
522,73,0,28
522,74,0,3
522,75,0,9
522,76,0,31
522,79,0,49
522,80,0,2
522,81,0,4
522,82,0,2
522,84,0,23
522,86,0,18
522,87,0,47
522,88,0,38
522,89,0,11
522,91,0,4
522,92,0,34
522,93,0,16
522,94,0,31
522,97,0,47
522,99,0,3
522,61,0,49
522,5,0,44
522,66,0,42
522,11,0,32
522,32,0,28
522,1,0,10
523,4,0,25
523,7,0,22
523,8,0,3
523,12,0,26
523,14,0,20
523,17,0,19
523,19,0,27
523,20,0,40
523,22,0,10
523,26,0,3
523,28,0,11
523,30,0,45
523,31,0,27
523,36,0,18
523,38,0,45
523,41,0,24
523,42,0,39
523,43,0,31
523,48,0,27
523,49,0,24
523,50,0,44
523,51,0,44
523,52,0,11
523,53,0,25
523,54,0,22
523,55,0,27
523,59,0,47
523,62,0,39
523,64,0,15
523,65,0,30
523,72,0,6
523,73,0,28
523,74,0,3
523,75,0,9
523,76,0,31
523,79,0,49
523,80,0,2
523,81,0,4
523,82,0,2
523,84,0,23
523,86,0,18
523,87,0,47
523,88,0,38
523,89,0,11
523,91,0,4
523,92,0,34
523,93,0,16
523,94,0,31
523,97,0,47
523,99,0,3
523,61,0,49
523,5,0,44
523,66,0,42
523,11,0,32
523,32,0,28
523,1,0,10
524,4,0,25
524,7,0,22
524,8,0,3
524,12,0,26
524,14,0,20
524,17,0,19
524,19,0,27
524,20,0,40
524,22,0,10
524,26,0,3
524,28,0,11
524,30,0,45
524,31,0,27
524,36,0,18
524,38,0,45
524,41,0,24
524,42,0,39
524,43,0,31
524,48,0,27
524,49,0,24
524,50,0,44
524,51,0,44
524,52,0,11
524,53,0,25
524,54,0,22
524,55,0,27
524,59,0,47
524,62,0,39
524,64,0,15
524,65,0,30
524,72,0,6
524,73,0,28
524,74,0,3
524,75,0,9
524,76,0,31
524,79,0,49
524,80,0,2
524,81,0,4
524,82,0,2
524,84,0,23
524,86,0,18
524,87,0,47
524,88,0,38
524,89,0,11
524,91,0,4
524,92,0,34
524,93,0,16
524,94,0,31
524,97,0,47
524,99,0,3
524,61,0,49
524,5,0,44
524,66,0,42
524,11,0,32
524,32,0,28
524,1,0,10
525,4,0,25
525,7,0,22
525,8,0,3
525,12,0,26
525,14,0,20
525,17,0,19
525,19,0,27
525,20,0,40
525,22,0,10
525,26,0,3
525,28,0,11
525,30,0,45
525,31,0,27
525,36,0,18
525,38,0,45
525,41,0,24
525,42,0,39
525,43,0,31
525,48,0,27
525,49,0,24
525,50,0,44
525,51,0,44
525,52,0,11
525,53,0,25
525,54,0,22
525,55,0,27
525,59,0,47
525,62,0,39
525,64,0,15
525,65,0,30
525,72,0,6
525,73,0,28
525,74,0,3
525,75,0,9
525,76,0,31
525,79,0,49
525,80,0,2
525,81,0,4
525,82,0,2
525,84,0,23
525,86,0,18
525,87,0,47
525,88,0,38
525,89,0,11
525,91,0,4
525,92,0,34
525,93,0,16
525,94,0,31
525,97,0,47
525,99,0,3
525,61,0,49
525,5,0,44
525,66,0,42
525,11,0,32
525,32,0,28
525,1,0,10
526,4,0,25
526,7,0,22
526,8,0,3
526,12,0,26
526,14,0,20
526,17,0,19
526,19,0,27
526,20,0,40
526,22,0,10
526,26,0,3
526,28,0,11
526,30,0,45
526,31,0,27
526,36,0,18
526,38,0,45
526,41,0,24
526,42,0,39
526,43,0,31
526,48,0,27
526,49,0,24
526,50,0,44
526,51,0,44
526,52,0,11
526,53,0,25
526,54,0,22
526,55,0,27
526,59,0,47
526,62,0,39
526,64,0,15
526,65,0,30
526,72,0,6
526,73,0,28
526,74,0,3
526,75,0,9
526,76,0,31
526,79,0,49
526,80,0,2
526,81,0,4
526,82,0,2
526,84,0,23
526,86,0,18
526,87,0,47
526,88,0,38
526,89,0,11
526,91,0,4
526,92,0,34
526,93,0,16
526,94,0,31
526,97,0,47
526,99,0,3
526,61,0,49
526,5,0,44
526,66,0,42
526,11,0,32
526,32,0,28
526,1,0,10
527,4,0,25
527,7,0,22
527,8,0,3
527,12,0,26
527,14,0,20
527,17,0,19
527,19,0,27
527,20,0,40
527,22,0,10
527,26,0,3
527,28,0,11
527,30,0,45
527,31,0,27
527,36,0,18
527,38,0,45
527,41,0,24
527,42,0,39
527,43,0,31
527,48,0,27
527,49,0,24
527,50,0,44
527,51,0,44
527,52,0,11
527,53,0,25
527,54,0,22
527,55,0,27
527,59,0,47
527,62,0,39
527,64,0,15
527,65,0,30
527,72,0,6
527,73,0,28
527,74,0,3
527,75,0,9
527,76,0,31
527,79,0,49
527,80,0,2
527,81,0,4
527,82,0,2
527,84,0,23
527,86,0,18
527,87,0,47
527,88,0,38
527,89,0,11
527,91,0,4
527,92,0,34
527,93,0,16
527,94,0,31
527,97,0,47
527,99,0,3
527,61,0,49
527,5,0,44
527,66,0,42
527,11,0,32
527,32,0,28
527,1,0,10
528,4,0,25
528,7,0,22
528,8,0,3
528,12,0,26
528,14,0,20
528,17,0,19
528,19,0,27
528,20,0,40
528,22,0,10
528,26,0,3
528,28,0,11
528,30,0,45
528,31,0,27
528,36,0,18
528,38,0,45
528,41,0,24
528,42,0,39
528,43,0,31
528,48,0,27
528,49,0,24
528,50,0,44
528,51,0,44
528,52,0,11
528,53,0,25
528,54,0,22
528,55,0,27
528,59,0,47
528,62,0,39
528,64,0,15
528,65,0,30
528,72,0,6
528,73,0,28
528,74,0,3
528,75,0,9
528,76,0,31
528,79,0,49
528,80,0,2
528,81,0,4
528,82,0,2
528,84,0,23
528,86,0,18
528,87,0,47
528,88,0,38
528,89,0,11
528,91,0,4
528,92,0,34
528,93,0,16
528,94,0,31
528,97,0,47
528,99,0,3
528,61,0,49
528,5,0,44
528,66,0,42
528,11,0,32
528,32,0,28
528,1,0,10
529,4,0,25
529,7,0,22
529,8,0,3
529,12,0,26
529,14,0,20
529,17,0,19
529,19,0,27
529,20,0,40
529,22,0,10
529,26,0,3
529,28,0,11
529,30,0,45
529,31,0,27
529,36,0,18
529,38,0,45
529,41,0,24
529,42,0,39
529,43,0,31
529,48,0,27
529,49,0,24
529,50,0,44
529,51,0,44
529,52,0,11
529,53,0,25
529,54,0,22
529,55,0,27
529,59,0,47
529,62,0,39
529,64,0,15
529,65,0,30
529,72,0,6
529,73,0,28
529,74,0,3
529,75,0,9
529,76,0,31
529,79,0,49
529,80,0,2
529,81,0,4
529,82,0,2
529,84,0,23
529,86,0,18
529,87,0,47
529,88,0,38
529,89,0,11
529,91,0,4
529,92,0,34
529,93,0,16
529,94,0,31
529,97,0,47
529,99,0,3
529,61,0,49
529,5,0,44
529,66,0,42
529,11,0,32
529,32,0,28
529,1,0,10
530,4,0,25
530,7,0,22
530,8,0,3
530,12,0,26
530,14,0,20
530,17,0,19
530,19,0,27
530,20,0,40
530,22,0,10
530,26,0,3
530,28,0,11
530,30,0,45
530,31,0,27
530,36,0,18
530,38,0,45
530,41,0,24
530,42,0,39
530,43,0,31
530,48,0,27
530,49,0,24
530,50,0,44
530,51,0,44
530,52,0,11
530,53,0,25
530,54,0,22
530,55,0,27
530,59,0,47
530,62,0,39
530,64,0,15
530,65,0,30
530,72,0,6
530,73,0,28
530,74,0,3
530,75,0,9
530,76,0,31
530,79,0,49
530,80,0,2
530,81,0,4
530,82,0,2
530,84,0,23
530,86,0,18
530,87,0,47
530,88,0,38
530,89,0,11
530,91,0,4
530,92,0,34
530,93,0,16
530,94,0,31
530,97,0,47
530,99,0,3
530,61,0,49
530,5,0,44
530,66,0,42
530,11,0,32
530,32,0,28
530,1,0,10
531,4,0,25
531,7,0,22
531,8,0,3
531,12,0,26
531,14,0,20
531,17,0,19
531,19,0,27
531,20,0,40
531,22,0,10
531,26,0,3
531,28,0,11
531,30,0,45
531,31,0,27
531,36,0,18
531,38,0,45
531,41,0,24
531,42,0,39
531,43,0,31
531,48,0,27
531,49,0,24
531,50,0,44
531,51,0,44
531,52,0,11
531,53,0,25
531,54,0,22
531,55,0,27
531,59,0,47
531,62,0,39
531,64,0,15
531,65,0,30
531,72,0,6
531,73,0,28
531,74,0,3
531,75,0,9
531,76,0,31
531,79,0,49
531,80,0,2
531,81,0,4
531,82,0,2
531,84,0,23
531,86,0,18
531,87,0,47
531,88,0,38
531,89,0,11
531,91,0,4
531,92,0,34
531,93,0,16
531,94,0,31
531,97,0,47
531,99,0,3
531,61,0,49
531,5,0,44
531,66,0,42
531,11,0,32
531,32,0,28
531,1,0,10
532,4,0,25
532,7,0,22
532,8,0,3
532,12,0,26
532,14,0,20
532,17,0,19
532,19,0,27
532,20,0,40
532,22,0,10
532,26,0,3
532,28,0,11
532,30,0,45
532,31,0,27
532,36,0,18
532,38,0,45
532,41,0,24
532,42,0,39
532,43,0,31
532,48,0,27
532,49,0,24
532,50,0,44
532,51,0,44
532,52,0,11
532,53,0,25
532,54,0,22
532,55,0,27
532,59,0,47
532,62,0,39
532,64,0,15
532,65,0,30
532,72,0,6
532,73,0,28
532,74,0,3
532,75,0,9
532,76,0,31
532,79,0,49
532,80,0,2
532,81,0,4
532,82,0,2
532,84,0,23
532,86,0,18
532,87,0,47
532,88,0,38
532,89,0,11
532,91,0,4
532,92,0,34
532,93,0,16
532,94,0,31
532,97,0,47
532,99,0,3
532,61,0,49
532,5,0,44
532,66,0,42
532,11,0,32
532,32,0,28
532,1,0,10
533,4,0,25
533,7,0,22
533,8,0,3
533,12,0,26
533,14,0,20
533,17,0,19
533,19,0,27
533,20,0,40
533,22,0,10
533,26,0,3
533,28,0,11
533,30,0,45
533,31,0,27
533,36,0,18
533,38,0,45
533,41,0,24
533,42,0,39
533,43,0,31
533,48,0,27
533,49,0,24
533,50,0,44
533,51,0,44
533,52,0,11
533,53,0,25
533,54,0,22
533,55,0,27
533,59,0,47
533,62,0,39
533,64,0,15
533,65,0,30
533,72,0,6
533,73,0,28
533,74,0,3
533,75,0,9
533,76,0,31
533,79,0,49
533,80,0,2
533,81,0,4
533,82,0,2
533,84,0,23
533,86,0,18
533,87,0,47
533,88,0,38
533,89,0,11
533,91,0,4
533,92,0,34
533,93,0,16
533,94,0,31
533,97,0,47
533,99,0,3
533,61,0,49
533,5,0,44
533,66,0,42
533,11,0,32
533,32,0,28
533,1,0,10
534,4,0,25
534,7,0,22
534,8,0,3
534,12,0,26
534,14,0,20
534,17,0,19
534,19,0,27
534,20,0,40
534,22,0,10
534,26,0,3
534,28,0,11
534,30,0,45
534,31,0,27
534,36,0,18
534,38,0,45
534,41,0,24
534,42,0,39
534,43,0,31
534,48,0,27
534,49,0,24
534,50,0,44
534,51,0,44
534,52,0,11
534,53,0,25
534,54,0,22
534,55,0,27
534,59,0,47
534,62,0,39
534,64,0,15
534,65,0,30
534,72,0,6
534,73,0,28
534,74,0,3
534,75,0,9
534,76,0,31
534,79,0,49
534,80,0,2
534,81,0,4
534,82,0,2
534,84,0,23
534,86,0,18
534,87,0,47
534,88,0,38
534,89,0,11
534,91,0,4
534,92,0,34
534,93,0,16
534,94,0,31
534,97,0,47
534,99,0,3
534,61,0,49
534,5,0,44
534,66,0,42
534,11,0,32
534,32,0,28
534,1,0,10
535,4,0,25
535,7,0,22
535,8,0,3
535,12,0,26
535,14,0,20
535,17,0,19
535,19,0,27
535,20,0,40
535,22,0,10
535,26,0,3
535,28,0,11
535,30,0,45
535,31,0,27
535,36,0,18
535,38,0,45
535,41,0,24
535,42,0,39
535,43,0,31
535,48,0,27
535,49,0,24
535,50,0,44
535,51,0,44
535,52,0,11
535,53,0,25
535,54,0,22
535,55,0,27
535,59,0,47
535,62,0,39
535,64,0,15
535,65,0,30
535,72,0,6
535,73,0,28
535,74,0,3
535,75,0,9
535,76,0,31
535,79,0,49
535,80,0,2
535,81,0,4
535,82,0,2
535,84,0,23
535,86,0,18
535,87,0,47
535,88,0,38
535,89,0,11
535,91,0,4
535,92,0,34
535,93,0,16
535,94,0,31
535,97,0,47
535,99,0,3
535,61,0,49
535,5,0,44
535,66,0,42
535,11,0,32
535,32,0,28
535,1,0,10
536,4,0,25
536,7,0,22
536,8,0,3
536,12,0,26
536,14,0,20
536,17,0,19
536,19,0,27
536,20,0,40
536,22,0,10
536,26,0,3
536,28,0,11
536,30,0,45
536,31,0,27
536,36,0,18
536,38,0,45
536,41,0,24
536,42,0,39
536,43,0,31
536,48,0,27
536,49,0,24
536,50,0,44
536,51,0,44
536,52,0,11
536,53,0,25
536,54,0,22
536,55,0,27
536,59,0,47
536,62,0,39
536,64,0,15
536,65,0,30
536,72,0,6
536,73,0,28
536,74,0,3
536,75,0,9
536,76,0,31
536,79,0,49
536,80,0,2
536,81,0,4
536,82,0,2
536,84,0,23
536,86,0,18
536,87,0,47
536,88,0,38
536,89,0,11
536,91,0,4
536,92,0,34
536,93,0,16
536,94,0,31
536,97,0,47
536,99,0,3
536,61,0,49
536,5,0,44
536,66,0,42
536,11,0,32
536,32,0,28
536,1,0,10
537,4,0,25
537,7,0,22
537,8,0,3
537,12,0,26
537,14,0,20
537,17,0,19
537,19,0,27
537,20,0,40
537,22,0,10
537,26,0,3
537,28,0,11
537,30,0,45
537,31,0,27
537,36,0,18
537,38,0,45
537,41,0,24
537,42,0,39
537,43,0,31
537,48,0,27
537,49,0,24
537,50,0,44
537,51,0,44
537,52,0,11
537,53,0,25
537,54,0,22
537,55,0,27
537,59,0,47
537,62,0,39
537,64,0,15
537,65,0,30
537,72,0,6
537,73,0,28
537,74,0,3
537,75,0,9
537,76,0,31
537,79,0,49
537,80,0,2
537,81,0,4
537,82,0,2
537,84,0,23
537,86,0,18
537,87,0,47
537,88,0,38
537,89,0,11
537,91,0,4
537,92,0,34
537,93,0,16
537,94,0,31
537,97,0,47
537,99,0,3
537,61,0,49
537,5,0,44
537,66,0,42
537,11,0,32
537,32,0,28
537,1,0,10
538,4,0,25
538,7,0,22
538,8,0,3
538,12,0,26
538,14,0,20
538,17,0,19
538,19,0,27
538,20,0,40
538,22,0,10
538,26,0,3
538,28,0,11
538,30,0,45
538,31,0,27
538,36,0,18
538,38,0,45
538,41,0,24
538,42,0,39
538,43,0,31
538,48,0,27
538,49,0,24
538,50,0,44
538,51,0,44
538,52,0,11
538,53,0,25
538,54,0,22
538,55,0,27
538,59,0,47
538,62,0,39
538,64,0,15
538,65,0,30
538,72,0,6
538,73,0,28
538,74,0,3
538,75,0,9
538,76,0,31
538,79,0,49
538,80,0,2
538,81,0,4
538,82,0,2
538,84,0,23
538,86,0,18
538,87,0,47
538,88,0,38
538,89,0,11
538,91,0,4
538,92,0,34
538,93,0,16
538,94,0,31
538,97,0,47
538,99,0,3
538,61,0,49
538,5,0,44
538,66,0,42
538,11,0,32
538,32,0,28
538,1,0,10
539,4,0,25
539,7,0,22
539,8,0,3
539,12,0,26
539,14,0,20
539,17,0,19
539,19,0,27
539,20,0,40
539,22,0,10
539,26,0,3
539,28,0,11
539,30,0,45
539,31,0,27
539,36,0,18
539,38,0,45
539,41,0,24
539,42,0,39
539,43,0,31
539,48,0,27
539,49,0,24
539,50,0,44
539,51,0,44
539,52,0,11
539,53,0,25
539,54,0,22
539,55,0,27
539,59,0,47
539,62,0,39
539,64,0,15
539,65,0,30
539,72,0,6
539,73,0,28
539,74,0,3
539,75,0,9
539,76,0,31
539,79,0,49
539,80,0,2
539,81,0,4
539,82,0,2
539,84,0,23
539,86,0,18
539,87,0,47
539,88,0,38
539,89,0,11
539,91,0,4
539,92,0,34
539,93,0,16
539,94,0,31
539,97,0,47
539,99,0,3
539,61,0,49
539,5,0,44
539,66,0,42
539,11,0,32
539,32,0,28
539,1,0,10
540,4,0,25
540,7,0,22
540,8,0,3
540,12,0,26
540,14,0,20
540,17,0,19
540,19,0,27
540,20,0,40
540,22,0,10
540,26,0,3
540,28,0,11
540,30,0,45
540,31,0,27
540,36,0,18
540,38,0,45
540,41,0,24
540,42,0,39
540,43,0,31
540,48,0,27
540,49,0,24
540,50,0,44
540,51,0,44
540,52,0,11
540,53,0,25
540,54,0,22
540,55,0,27
540,59,0,47
540,62,0,39
540,64,0,15
540,65,0,30
540,72,0,6
540,73,0,28
540,74,0,3
540,75,0,9
540,76,0,31
540,79,0,49
540,80,0,2
540,81,0,4
540,82,0,2
540,84,0,23
540,86,0,18
540,87,0,47
540,88,0,38
540,89,0,11
540,91,0,4
540,92,0,34
540,93,0,16
540,94,0,31
540,97,0,47
540,99,0,3
540,61,0,49
540,5,0,44
540,66,0,42
540,11,0,32
540,32,0,28
540,1,0,10
541,4,0,25
541,7,0,22
541,8,0,3
541,12,0,26
541,14,0,20
541,17,0,19
541,19,0,27
541,20,0,40
541,22,0,10
541,26,0,3
541,28,0,11
541,30,0,45
541,31,0,27
541,36,0,18
541,38,0,45
541,41,0,24
541,42,0,39
541,43,0,31
541,48,0,27
541,49,0,24
541,50,0,44
541,51,0,44
541,52,0,11
541,53,0,25
541,54,0,22
541,55,0,27
541,59,0,47
541,62,0,39
541,64,0,15
541,65,0,30
541,72,0,6
541,73,0,28
541,74,0,3
541,75,0,9
541,76,0,31
541,79,0,49
541,80,0,2
541,81,0,4
541,82,0,2
541,84,0,23
541,86,0,18
541,87,0,47
541,88,0,38
541,89,0,11
541,91,0,4
541,92,0,34
541,93,0,16
541,94,0,31
541,97,0,47
541,99,0,3
541,61,0,49
541,5,0,44
541,66,0,42
541,11,0,32
541,32,0,28
541,1,0,10
542,4,0,25
542,7,0,22
542,8,0,3
542,12,0,26
542,14,0,20
542,17,0,19
542,19,0,27
542,20,0,40
542,22,0,10
542,26,0,3
542,28,0,11
542,30,0,45
542,31,0,27
542,36,0,18
542,38,0,45
542,41,0,24
542,42,0,39
542,43,0,31
542,48,0,27
542,49,0,24
542,50,0,44
542,51,0,44
542,52,0,11
542,53,0,25
542,54,0,22
542,55,0,27
542,59,0,47
542,62,0,39
542,64,0,15
542,65,0,30
542,72,0,6
542,73,0,28
542,74,0,3
542,75,0,9
542,76,0,31
542,79,0,49
542,80,0,2
542,81,0,4
542,82,0,2
542,84,0,23
542,86,0,18
542,87,0,47
542,88,0,38
542,89,0,11
542,91,0,4
542,92,0,34
542,93,0,16
542,94,0,31
542,97,0,47
542,99,0,3
542,61,0,49
542,5,0,44
542,66,0,42
542,11,0,32
542,32,0,28
542,1,0,10
543,4,0,25
543,7,0,22
543,8,0,3
543,12,0,26
543,14,0,20
543,17,0,19
543,19,0,27
543,20,0,40
543,22,0,10
543,26,0,3
543,28,0,11
543,30,0,45
543,31,0,27
543,36,0,18
543,38,0,45
543,41,0,24
543,42,0,39
543,43,0,31
543,48,0,27
543,49,0,24
543,50,0,44
543,51,0,44
543,52,0,11
543,53,0,25
543,54,0,22
543,55,0,27
543,59,0,47
543,62,0,39
543,64,0,15
543,65,0,30
543,72,0,6
543,73,0,28
543,74,0,3
543,75,0,9
543,76,0,31
543,79,0,49
543,80,0,2
543,81,0,4
543,82,0,2
543,84,0,23
543,86,0,18
543,87,0,47
543,88,0,38
543,89,0,11
543,91,0,4
543,92,0,34
543,93,0,16
543,94,0,31
543,97,0,47
543,99,0,3
543,61,0,49
543,5,0,44
543,66,0,42
543,11,0,32
543,32,0,28
543,1,0,10
544,4,0,25
544,7,0,22
544,8,0,3
544,12,0,26
544,14,0,20
544,17,0,19
544,19,0,27
544,20,0,40
544,22,0,10
544,26,0,3
544,28,0,11
544,30,0,45
544,31,0,27
544,36,0,18
544,38,0,45
544,41,0,24
544,42,0,39
544,43,0,31
544,48,0,27
544,49,0,24
544,50,0,44
544,51,0,44
544,52,0,11
544,53,0,25
544,54,0,22
544,55,0,27
544,59,0,47
544,62,0,39
544,64,0,15
544,65,0,30
544,72,0,6
544,73,0,28
544,74,0,3
544,75,0,9
544,76,0,31
544,79,0,49
544,80,0,2
544,81,0,4
544,82,0,2
544,84,0,23
544,86,0,18
544,87,0,47
544,88,0,38
544,89,0,11
544,91,0,4
544,92,0,34
544,93,0,16
544,94,0,31
544,97,0,47
544,99,0,3
544,61,0,49
544,5,0,44
544,66,0,42
544,11,0,32
544,32,0,28
544,1,0,10
545,4,0,25
545,7,0,22
545,8,0,3
545,12,0,26
545,14,0,20
545,17,0,19
545,19,0,27
545,20,0,40
545,22,0,10
545,26,0,3
545,28,0,11
545,30,0,45
545,31,0,27
545,36,0,18
545,38,0,45
545,41,0,24
545,42,0,39
545,43,0,31
545,48,0,27
545,49,0,24
545,50,0,44
545,51,0,44
545,52,0,11
545,53,0,25
545,54,0,22
545,55,0,27
545,59,0,47
545,62,0,39
545,64,0,15
545,65,0,30
545,72,0,6
545,73,0,28
545,74,0,3
545,75,0,9
545,76,0,31
545,79,0,49
545,80,0,2
545,81,0,4
545,82,0,2
545,84,0,23
545,86,0,18
545,87,0,47
545,88,0,38
545,89,0,11
545,91,0,4
545,92,0,34
545,93,0,16
545,94,0,31
545,97,0,47
545,99,0,3
545,61,0,49
545,5,0,44
545,66,0,42
545,11,0,32
545,32,0,28
545,1,0,10
546,4,0,25
546,7,0,22
546,8,0,3
546,12,0,26
546,14,0,20
546,17,0,19
546,19,0,27
546,20,0,40
546,22,0,10
546,26,0,3
546,28,0,11
546,30,0,45
546,31,0,27
546,36,0,18
546,38,0,45
546,41,0,24
546,42,0,39
546,43,0,31
546,48,0,27
546,49,0,24
546,50,0,44
546,51,0,44
546,52,0,11
546,53,0,25
546,54,0,22
546,55,0,27
546,59,0,47
546,62,0,39
546,64,0,15
546,65,0,30
546,72,0,6
546,73,0,28
546,74,0,3
546,75,0,9
546,76,0,31
546,79,0,49
546,80,0,2
546,81,0,4
546,82,0,2
546,84,0,23
546,86,0,18
546,87,0,47
546,88,0,38
546,89,0,11
546,91,0,4
546,92,0,34
546,93,0,16
546,94,0,31
546,97,0,47
546,99,0,3
546,61,0,49
546,5,0,44
546,66,0,42
546,11,0,32
546,32,0,28
546,1,0,10
547,4,0,25
547,7,0,22
547,8,0,3
547,12,0,26
547,14,0,20
547,17,0,19
547,19,0,27
547,20,0,40
547,22,0,10
547,26,0,3
547,28,0,11
547,30,0,45
547,31,0,27
547,36,0,18
547,38,0,45
547,41,0,24
547,42,0,39
547,43,0,31
547,48,0,27
547,49,0,24
547,50,0,44
547,51,0,44
547,52,0,11
547,53,0,25
547,54,0,22
547,55,0,27
547,59,0,47
547,62,0,39
547,64,0,15
547,65,0,30
547,72,0,6
547,73,0,28
547,74,0,3
547,75,0,9
547,76,0,31
547,79,0,49
547,80,0,2
547,81,0,4
547,82,0,2
547,84,0,23
547,86,0,18
547,87,0,47
547,88,0,38
547,89,0,11
547,91,0,4
547,92,0,34
547,93,0,16
547,94,0,31
547,97,0,47
547,99,0,3
547,61,0,49
547,5,0,44
547,66,0,42
547,11,0,32
547,32,0,28
547,1,0,10
548,4,0,25
548,7,0,22
548,8,0,3
548,12,0,26
548,14,0,20
548,17,0,19
548,19,0,27
548,20,0,40
548,22,0,10
548,26,0,3
548,28,0,11
548,30,0,45
548,31,0,27
548,36,0,18
548,38,0,45
548,41,0,24
548,42,0,39
548,43,0,31
548,48,0,27
548,49,0,24
548,50,0,44
548,51,0,44
548,52,0,11
548,53,0,25
548,54,0,22
548,55,0,27
548,59,0,47
548,62,0,39
548,64,0,15
548,65,0,30
548,72,0,6
548,73,0,28
548,74,0,3
548,75,0,9
548,76,0,31
548,79,0,49
548,80,0,2
548,81,0,4
548,82,0,2
548,84,0,23
548,86,0,18
548,87,0,47
548,88,0,38
548,89,0,11
548,91,0,4
548,92,0,34
548,93,0,16
548,94,0,31
548,97,0,47
548,99,0,3
548,61,0,49
548,5,0,44
548,66,0,42
548,11,0,32
548,32,0,28
548,1,0,10
549,4,0,25
549,7,0,22
549,8,0,3
549,12,0,26
549,14,0,20
549,17,0,19
549,19,0,27
549,20,0,40
549,22,0,10
549,26,0,3
549,28,0,11
549,30,0,45
549,31,0,27
549,36,0,18
549,38,0,45
549,41,0,24
549,42,0,39
549,43,0,31
549,48,0,27
549,49,0,24
549,50,0,44
549,51,0,44
549,52,0,11
549,53,0,25
549,54,0,22
549,55,0,27
549,59,0,47
549,62,0,39
549,64,0,15
549,65,0,30
549,72,0,6
549,73,0,28
549,74,0,3
549,75,0,9
549,76,0,31
549,79,0,49
549,80,0,2
549,81,0,4
549,82,0,2
549,84,0,23
549,86,0,18
549,87,0,47
549,88,0,38
549,89,0,11
549,91,0,4
549,92,0,34
549,93,0,16
549,94,0,31
549,97,0,47
549,99,0,3
549,61,0,49
549,5,0,44
549,66,0,42
549,11,0,32
549,32,0,28
549,1,0,10
550,4,0,25
550,7,0,22
550,8,0,3
550,12,0,26
550,14,0,20
550,17,0,19
550,19,0,27
550,20,0,40
550,22,0,10
550,26,0,3
550,28,0,11
550,30,0,45
550,31,0,27
550,36,0,18
550,38,0,45
550,41,0,24
550,42,0,39
550,43,0,31
550,48,0,27
550,49,0,24
550,50,0,44
550,51,0,44
550,52,0,11
550,53,0,25
550,54,0,22
550,55,0,27
550,59,0,47
550,62,0,39
550,64,0,15
550,65,0,30
550,72,0,6
550,73,0,28
550,74,0,3
550,75,0,9
550,76,0,31
550,79,0,49
550,80,0,2
550,81,0,4
550,82,0,2
550,84,0,23
550,86,0,18
550,87,0,47
550,88,0,38
550,89,0,11
550,91,0,4
550,92,0,34
550,93,0,16
550,94,0,31
550,97,0,47
550,99,0,3
550,61,0,49
550,5,0,44
550,66,0,42
550,11,0,32
550,32,0,28
550,1,0,10
551,4,0,25
551,7,0,22
551,8,0,3
551,12,0,26
551,14,0,20
551,17,0,19
551,19,0,27
551,20,0,40
551,22,0,10
551,26,0,3
551,28,0,11
551,30,0,45
551,31,0,27
551,36,0,18
551,38,0,45
551,41,0,24
551,42,0,39
551,43,0,31
551,48,0,27
551,49,0,24
551,50,0,44
551,51,0,44
551,52,0,11
551,53,0,25
551,54,0,22
551,55,0,27
551,59,0,47
551,62,0,39
551,64,0,15
551,65,0,30
551,72,0,6
551,73,0,28
551,74,0,3
551,75,0,9
551,76,0,31
551,79,0,49
551,80,0,2
551,81,0,4
551,82,0,2
551,84,0,23
551,86,0,18
551,87,0,47
551,88,0,38
551,89,0,11
551,91,0,4
551,92,0,34
551,93,0,16
551,94,0,31
551,97,0,47
551,99,0,3
551,61,0,49
551,5,0,44
551,66,0,42
551,11,0,32
551,32,0,28
551,1,0,10
552,4,0,25
552,7,0,22
552,8,0,3
552,12,0,26
552,14,0,20
552,17,0,19
552,19,0,27
552,20,0,40
552,22,0,10
552,26,0,3
552,28,0,11
552,30,0,45
552,31,0,27
552,36,0,18
552,38,0,45
552,41,0,24
552,42,0,39
552,43,0,31
552,48,0,27
552,49,0,24
552,50,0,44
552,51,0,44
552,52,0,11
552,53,0,25
552,54,0,22
552,55,0,27
552,59,0,47
552,62,0,39
552,64,0,15
552,65,0,30
552,72,0,6
552,73,0,28
552,74,0,3
552,75,0,9
552,76,0,31
552,79,0,49
552,80,0,2
552,81,0,4
552,82,0,2
552,84,0,23
552,86,0,18
552,87,0,47
552,88,0,38
552,89,0,11
552,91,0,4
552,92,0,34
552,93,0,16
552,94,0,31
552,97,0,47
552,99,0,3
552,61,0,49
552,5,0,44
552,66,0,42
552,11,0,32
552,32,0,28
552,1,0,10
553,4,0,25
553,7,0,22
553,8,0,3
553,12,0,26
553,14,0,20
553,17,0,19
553,19,0,27
553,20,0,40
553,22,0,10
553,26,0,3
553,28,0,11
553,30,0,45
553,31,0,27
553,36,0,18
553,38,0,45
553,41,0,24
553,42,0,39
553,43,0,31
553,48,0,27
553,49,0,24
553,50,0,44
553,51,0,44
553,52,0,11
553,53,0,25
553,54,0,22
553,55,0,27
553,59,0,47
553,62,0,39
553,64,0,15
553,65,0,30
553,72,0,6
553,73,0,28
553,74,0,3
553,75,0,9
553,76,0,31
553,79,0,49
553,80,0,2
553,81,0,4
553,82,0,2
553,84,0,23
553,86,0,18
553,87,0,47
553,88,0,38
553,89,0,11
553,91,0,4
553,92,0,34
553,93,0,16
553,94,0,31
553,97,0,47
553,99,0,3
553,61,0,49
553,5,0,44
553,66,0,42
553,11,0,32
553,32,0,28
553,1,0,10
554,4,0,25
554,7,0,22
554,8,0,3
554,12,0,26
554,14,0,20
554,17,0,19
554,19,0,27
554,20,0,40
554,22,0,10
554,26,0,3
554,28,0,11
554,30,0,45
554,31,0,27
554,36,0,18
554,38,0,45
554,41,0,24
554,42,0,39
554,43,0,31
554,48,0,27
554,49,0,24
554,50,0,44
554,51,0,44
554,52,0,11
554,53,0,25
554,54,0,22
554,55,0,27
554,59,0,47
554,62,0,39
554,64,0,15
554,65,0,30
554,72,0,6
554,73,0,28
554,74,0,3
554,75,0,9
554,76,0,31
554,79,0,49
554,80,0,2
554,81,0,4
554,82,0,2
554,84,0,23
554,86,0,18
554,87,0,47
554,88,0,38
554,89,0,11
554,91,0,4
554,92,0,34
554,93,0,16
554,94,0,31
554,97,0,47
554,99,0,3
554,61,0,49
554,5,0,44
554,66,0,42
554,11,0,32
554,32,0,28
554,1,0,10
555,4,0,25
555,7,0,22
555,8,0,3
555,12,0,26
555,14,0,20
555,17,0,19
555,19,0,27
555,20,0,40
555,22,0,10
555,26,0,3
555,28,0,11
555,30,0,45
555,31,0,27
555,36,0,18
555,38,0,45
555,41,0,24
555,42,0,39
555,43,0,31
555,48,0,27
555,49,0,24
555,50,0,44
555,51,0,44
555,52,0,11
555,53,0,25
555,54,0,22
555,55,0,27
555,59,0,47
555,62,0,39
555,64,0,15
555,65,0,30
555,72,0,6
555,73,0,28
555,74,0,3
555,75,0,9
555,76,0,31
555,79,0,49
555,80,0,2
555,81,0,4
555,82,0,2
555,84,0,23
555,86,0,18
555,87,0,47
555,88,0,38
555,89,0,11
555,91,0,4
555,92,0,34
555,93,0,16
555,94,0,31
555,97,0,47
555,99,0,3
555,61,0,49
555,5,0,44
555,66,0,42
555,11,0,32
555,32,0,28
555,1,0,10
556,4,0,25
556,7,0,22
556,8,0,3
556,12,0,26
556,14,0,20
556,17,0,19
556,19,0,27
556,20,0,40
556,22,0,10
556,26,0,3
556,28,0,11
556,30,0,45
556,31,0,27
556,36,0,18
556,38,0,45
556,41,0,24
556,42,0,39
556,43,0,31
556,48,0,27
556,49,0,24
556,50,0,44
556,51,0,44
556,52,0,11
556,53,0,25
556,54,0,22
556,55,0,27
556,59,0,47
556,62,0,39
556,64,0,15
556,65,0,30
556,72,0,6
556,73,0,28
556,74,0,3
556,75,0,9
556,76,0,31
556,79,0,49
556,80,0,2
556,81,0,4
556,82,0,2
556,84,0,23
556,86,0,18
556,87,0,47
556,88,0,38
556,89,0,11
556,91,0,4
556,92,0,34
556,93,0,16
556,94,0,31
556,97,0,47
556,99,0,3
556,61,0,49
556,5,0,44
556,66,0,42
556,11,0,32
556,32,0,28
556,1,0,10
557,4,0,25
557,7,0,22
557,8,0,3
557,12,0,26
557,14,0,20
557,17,0,19
557,19,0,27
557,20,0,40
557,22,0,10
557,26,0,3
557,28,0,11
557,30,0,45
557,31,0,27
557,36,0,18
557,38,0,45
557,41,0,24
557,42,0,39
557,43,0,31
557,48,0,27
557,49,0,24
557,50,0,44
557,51,0,44
557,52,0,11
557,53,0,25
557,54,0,22
557,55,0,27
557,59,0,47
557,62,0,39
557,64,0,15
557,65,0,30
557,72,0,6
557,73,0,28
557,74,0,3
557,75,0,9
557,76,0,31
557,79,0,49
557,80,0,2
557,81,0,4
557,82,0,2
557,84,0,23
557,86,0,18
557,87,0,47
557,88,0,38
557,89,0,11
557,91,0,4
557,92,0,34
557,93,0,16
557,94,0,31
557,97,0,47
557,99,0,3
557,61,0,49
557,5,0,44
557,66,0,42
557,11,0,32
557,32,0,28
557,1,0,10
558,4,0,25
558,7,0,22
558,8,0,3
558,12,0,26
558,14,0,20
558,17,0,19
558,19,0,27
558,20,0,40
558,22,0,10
558,26,0,3
558,28,0,11
558,30,0,45
558,31,0,27
558,36,0,18
558,38,0,45
558,41,0,24
558,42,0,39
558,43,0,31
558,48,0,27
558,49,0,24
558,50,0,44
558,51,0,44
558,52,0,11
558,53,0,25
558,54,0,22
558,55,0,27
558,59,0,47
558,62,0,39
558,64,0,15
558,65,0,30
558,72,0,6
558,73,0,28
558,74,0,3
558,75,0,9
558,76,0,31
558,79,0,49
558,80,0,2
558,81,0,4
558,82,0,2
558,84,0,23
558,86,0,18
558,87,0,47
558,88,0,38
558,89,0,11
558,91,0,4
558,92,0,34
558,93,0,16
558,94,0,31
558,97,0,47
558,99,0,3
558,61,0,49
558,5,0,44
558,66,0,42
558,11,0,32
558,32,0,28
558,1,0,10
559,4,0,25
559,7,0,22
559,8,0,3
559,12,0,26
559,14,0,20
559,17,0,19
559,19,0,27
559,20,0,40
559,22,0,10
559,26,0,3
559,28,0,11
559,30,0,45
559,31,0,27
559,36,0,18
559,38,0,45
559,41,0,24
559,42,0,39
559,43,0,31
559,48,0,27
559,49,0,24
559,50,0,44
559,51,0,44
559,52,0,11
559,53,0,25
559,54,0,22
559,55,0,27
559,59,0,47
559,62,0,39
559,64,0,15
559,65,0,30
559,72,0,6
559,73,0,28
559,74,0,3
559,75,0,9
559,76,0,31
559,79,0,49
559,80,0,2
559,81,0,4
559,82,0,2
559,84,0,23
559,86,0,18
559,87,0,47
559,88,0,38
559,89,0,11
559,91,0,4
559,92,0,34
559,93,0,16
559,94,0,31
559,97,0,47
559,99,0,3
559,61,0,49
559,5,0,44
559,66,0,42
559,11,0,32
559,32,0,28
559,1,0,10
560,4,0,25
560,7,0,22
560,8,0,3
560,12,0,26
560,14,0,20
560,17,0,19
560,19,0,27
560,20,0,40
560,22,0,10
560,26,0,3
560,28,0,11
560,30,0,45
560,31,0,27
560,36,0,18
560,38,0,45
560,41,0,24
560,42,0,39
560,43,0,31
560,48,0,27
560,49,0,24
560,50,0,44
560,51,0,44
560,52,0,11
560,53,0,25
560,54,0,22
560,55,0,27
560,59,0,47
560,62,0,39
560,64,0,15
560,65,0,30
560,72,0,6
560,73,0,28
560,74,0,3
560,75,0,9
560,76,0,31
560,79,0,49
560,80,0,2
560,81,0,4
560,82,0,2
560,84,0,23
560,86,0,18
560,87,0,47
560,88,0,38
560,89,0,11
560,91,0,4
560,92,0,34
560,93,0,16
560,94,0,31
560,97,0,47
560,99,0,3
560,61,0,49
560,5,0,44
560,66,0,42
560,11,0,32
560,32,0,28
560,1,0,10
561,4,0,25
561,7,0,22
561,8,0,3
561,12,0,26
561,14,0,20
561,17,0,19
561,19,0,27
561,20,0,40
561,22,0,10
561,26,0,3
561,28,0,11
561,30,0,45
561,31,0,27
561,36,0,18
561,38,0,45
561,41,0,24
561,42,0,39
561,43,0,31
561,48,0,27
561,49,0,24
561,50,0,44
561,51,0,44
561,52,0,11
561,53,0,25
561,54,0,22
561,55,0,27
561,59,0,47
561,62,0,39
561,64,0,15
561,65,0,30
561,72,0,6
561,73,0,28
561,74,0,3
561,75,0,9
561,76,0,31
561,79,0,49
561,80,0,2
561,81,0,4
561,82,0,2
561,84,0,23
561,86,0,18
561,87,0,47
561,88,0,38
561,89,0,11
561,91,0,4
561,92,0,34
561,93,0,16
561,94,0,31
561,97,0,47
561,99,0,3
561,61,0,49
561,5,0,44
561,66,0,42
561,11,0,32
561,32,0,28
561,1,0,10
562,4,0,25
562,7,0,22
562,8,0,3
562,12,0,26
562,14,0,20
562,17,0,19
562,19,0,27
562,20,0,40
562,22,0,10
562,26,0,3
562,28,0,11
562,30,0,45
562,31,0,27
562,36,0,18
562,38,0,45
562,41,0,24
562,42,0,39
562,43,0,31
562,48,0,27
562,49,0,24
562,50,0,44
562,51,0,44
562,52,0,11
562,53,0,25
562,54,0,22
562,55,0,27
562,59,0,47
562,62,0,39
562,64,0,15
562,65,0,30
562,72,0,6
562,73,0,28
562,74,0,3
562,75,0,9
562,76,0,31
562,79,0,49
562,80,0,2
562,81,0,4
562,82,0,2
562,84,0,23
562,86,0,18
562,87,0,47
562,88,0,38
562,89,0,11
562,91,0,4
562,92,0,34
562,93,0,16
562,94,0,31
562,97,0,47
562,99,0,3
562,61,0,49
562,5,0,44
562,66,0,42
562,11,0,32
562,32,0,28
562,1,0,10
563,4,0,25
563,7,0,22
563,8,0,3
563,12,0,26
563,14,0,20
563,17,0,19
563,19,0,27
563,20,0,40
563,22,0,10
563,26,0,3
563,28,0,11
563,30,0,45
563,31,0,27
563,36,0,18
563,38,0,45
563,41,0,24
563,42,0,39
563,43,0,31
563,48,0,27
563,49,0,24
563,50,0,44
563,51,0,44
563,52,0,11
563,53,0,25
563,54,0,22
563,55,0,27
563,59,0,47
563,62,0,39
563,64,0,15
563,65,0,30
563,72,0,6
563,73,0,28
563,74,0,3
563,75,0,9
563,76,0,31
563,79,0,49
563,80,0,2
563,81,0,4
563,82,0,2
563,84,0,23
563,86,0,18
563,87,0,47
563,88,0,38
563,89,0,11
563,91,0,4
563,92,0,34
563,93,0,16
563,94,0,31
563,97,0,47
563,99,0,3
563,61,0,49
563,5,0,44
563,66,0,42
563,11,0,32
563,32,0,28
563,1,0,10
564,4,0,25
564,7,0,22
564,8,0,3
564,12,0,26
564,14,0,20
564,17,0,19
564,19,0,27
564,20,0,40
564,22,0,10
564,26,0,3
564,28,0,11
564,30,0,45
564,31,0,27
564,36,0,18
564,38,0,45
564,41,0,24
564,42,0,39
564,43,0,31
564,48,0,27
564,49,0,24
564,50,0,44
564,51,0,44
564,52,0,11
564,53,0,25
564,54,0,22
564,55,0,27
564,59,0,47
564,62,0,39
564,64,0,15
564,65,0,30
564,72,0,6
564,73,0,28
564,74,0,3
564,75,0,9
564,76,0,31
564,79,0,49
564,80,0,2
564,81,0,4
564,82,0,2
564,84,0,23
564,86,0,18
564,87,0,47
564,88,0,38
564,89,0,11
564,91,0,4
564,92,0,34
564,93,0,16
564,94,0,31
564,97,0,47
564,99,0,3
564,61,0,49
564,5,0,44
564,66,0,42
564,11,0,32
564,32,0,28
564,1,0,10
565,4,0,25
565,7,0,22
565,8,0,3
565,12,0,26
565,14,0,20
565,17,0,19
565,19,0,27
565,20,0,40
565,22,0,10
565,26,0,3
565,28,0,11
565,30,0,45
565,31,0,27
565,36,0,18
565,38,0,45
565,41,0,24
565,42,0,39
565,43,0,31
565,48,0,27
565,49,0,24
565,50,0,44
565,51,0,44
565,52,0,11
565,53,0,25
565,54,0,22
565,55,0,27
565,59,0,47
565,62,0,39
565,64,0,15
565,65,0,30
565,72,0,6
565,73,0,28
565,74,0,3
565,75,0,9
565,76,0,31
565,79,0,49
565,80,0,2
565,81,0,4
565,82,0,2
565,84,0,23
565,86,0,18
565,87,0,47
565,88,0,38
565,89,0,11
565,91,0,4
565,92,0,34
565,93,0,16
565,94,0,31
565,97,0,47
565,99,0,3
565,61,0,49
565,5,0,44
565,66,0,42
565,11,0,32
565,32,0,28
565,1,0,10
566,4,0,25
566,7,0,22
566,8,0,3
566,12,0,26
566,14,0,20
566,17,0,19
566,19,0,27
566,20,0,40
566,22,0,10
566,26,0,3
566,28,0,11
566,30,0,45
566,31,0,27
566,36,0,18
566,38,0,45
566,41,0,24
566,42,0,39
566,43,0,31
566,48,0,27
566,49,0,24
566,50,0,44
566,51,0,44
566,52,0,11
566,53,0,25
566,54,0,22
566,55,0,27
566,59,0,47
566,62,0,39
566,64,0,15
566,65,0,30
566,72,0,6
566,73,0,28
566,74,0,3
566,75,0,9
566,76,0,31
566,79,0,49
566,80,0,2
566,81,0,4
566,82,0,2
566,84,0,23
566,86,0,18
566,87,0,47
566,88,0,38
566,89,0,11
566,91,0,4
566,92,0,34
566,93,0,16
566,94,0,31
566,97,0,47
566,99,0,3
566,61,0,49
566,5,0,44
566,66,0,42
566,11,0,32
566,32,0,28
566,1,0,10
567,4,0,25
567,7,0,22
567,8,0,3
567,12,0,26
567,14,0,20
567,17,0,19
567,19,0,27
567,20,0,40
567,22,0,10
567,26,0,3
567,28,0,11
567,30,0,45
567,31,0,27
567,36,0,18
567,38,0,45
567,41,0,24
567,42,0,39
567,43,0,31
567,48,0,27
567,49,0,24
567,50,0,44
567,51,0,44
567,52,0,11
567,53,0,25
567,54,0,22
567,55,0,27
567,59,0,47
567,62,0,39
567,64,0,15
567,65,0,30
567,72,0,6
567,73,0,28
567,74,0,3
567,75,0,9
567,76,0,31
567,79,0,49
567,80,0,2
567,81,0,4
567,82,0,2
567,84,0,23
567,86,0,18
567,87,0,47
567,88,0,38
567,89,0,11
567,91,0,4
567,92,0,34
567,93,0,16
567,94,0,31
567,97,0,47
567,99,0,3
567,61,0,49
567,5,0,44
567,66,0,42
567,11,0,32
567,32,0,28
567,1,0,10
568,4,0,25
568,7,0,22
568,8,0,3
568,12,0,26
568,14,0,20
568,17,0,19
568,19,0,27
568,20,0,40
568,22,0,10
568,26,0,3
568,28,0,11
568,30,0,45
568,31,0,27
568,36,0,18
568,38,0,45
568,41,0,24
568,42,0,39
568,43,0,31
568,48,0,27
568,49,0,24
568,50,0,44
568,51,0,44
568,52,0,11
568,53,0,25
568,54,0,22
568,55,0,27
568,59,0,47
568,62,0,39
568,64,0,15
568,65,0,30
568,72,0,6
568,73,0,28
568,74,0,3
568,75,0,9
568,76,0,31
568,79,0,49
568,80,0,2
568,81,0,4
568,82,0,2
568,84,0,23
568,86,0,18
568,87,0,47
568,88,0,38
568,89,0,11
568,91,0,4
568,92,0,34
568,93,0,16
568,94,0,31
568,97,0,47
568,99,0,3
568,61,0,49
568,5,0,44
568,66,0,42
568,11,0,32
568,32,0,28
568,1,0,10
569,4,0,25
569,7,0,22
569,8,0,3
569,12,0,26
569,14,0,20
569,17,0,19
569,19,0,27
569,20,0,40
569,22,0,10
569,26,0,3
569,28,0,11
569,30,0,45
569,31,0,27
569,36,0,18
569,38,0,45
569,41,0,24
569,42,0,39
569,43,0,31
569,48,0,27
569,49,0,24
569,50,0,44
569,51,0,44
569,52,0,11
569,53,0,25
569,54,0,22
569,55,0,27
569,59,0,47
569,62,0,39
569,64,0,15
569,65,0,30
569,72,0,6
569,73,0,28
569,74,0,3
569,75,0,9
569,76,0,31
569,79,0,49
569,80,0,2
569,81,0,4
569,82,0,2
569,84,0,23
569,86,0,18
569,87,0,47
569,88,0,38
569,89,0,11
569,91,0,4
569,92,0,34
569,93,0,16
569,94,0,31
569,97,0,47
569,99,0,3
569,61,0,49
569,5,0,44
569,66,0,42
569,11,0,32
569,32,0,28
569,1,0,10
570,4,0,25
570,7,0,22
570,8,0,3
570,12,0,26
570,14,0,20
570,17,0,19
570,19,0,27
570,20,0,40
570,22,0,10
570,26,0,3
570,28,0,11
570,30,0,45
570,31,0,27
570,36,0,18
570,38,0,45
570,41,0,24
570,42,0,39
570,43,0,31
570,48,0,27
570,49,0,24
570,50,0,44
570,51,0,44
570,52,0,11
570,53,0,25
570,54,0,22
570,55,0,27
570,59,0,47
570,62,0,39
570,64,0,15
570,65,0,30
570,72,0,6
570,73,0,28
570,74,0,3
570,75,0,9
570,76,0,31
570,79,0,49
570,80,0,2
570,81,0,4
570,82,0,2
570,84,0,23
570,86,0,18
570,87,0,47
570,88,0,38
570,89,0,11
570,91,0,4
570,92,0,34
570,93,0,16
570,94,0,31
570,97,0,47
570,99,0,3
570,61,0,49
570,5,0,44
570,66,0,42
570,11,0,32
570,32,0,28
570,1,0,10
571,4,0,25
571,7,0,22
571,8,0,3
571,12,0,26
571,14,0,20
571,17,0,19
571,19,0,27
571,20,0,40
571,22,0,10
571,26,0,3
571,28,0,11
571,30,0,45
571,31,0,27
571,36,0,18
571,38,0,45
571,41,0,24
571,42,0,39
571,43,0,31
571,48,0,27
571,49,0,24
571,50,0,44
571,51,0,44
571,52,0,11
571,53,0,25
571,54,0,22
571,55,0,27
571,59,0,47
571,62,0,39
571,64,0,15
571,65,0,30
571,72,0,6
571,73,0,28
571,74,0,3
571,75,0,9
571,76,0,31
571,79,0,49
571,80,0,2
571,81,0,4
571,82,0,2
571,84,0,23
571,86,0,18
571,87,0,47
571,88,0,38
571,89,0,11
571,91,0,4
571,92,0,34
571,93,0,16
571,94,0,31
571,97,0,47
571,99,0,3
571,61,0,49
571,5,0,44
571,66,0,42
571,11,0,32
571,32,0,28
571,1,0,10
572,4,0,25
572,7,0,22
572,8,0,3
572,12,0,26
572,14,0,20
572,17,0,19
572,19,0,27
572,20,0,40
572,22,0,10
572,26,0,3
572,28,0,11
572,30,0,45
572,31,0,27
572,36,0,18
572,38,0,45
572,41,0,24
572,42,0,39
572,43,0,31
572,48,0,27
572,49,0,24
572,50,0,44
572,51,0,44
572,52,0,11
572,53,0,25
572,54,0,22
572,55,0,27
572,59,0,47
572,62,0,39
572,64,0,15
572,65,0,30
572,72,0,6
572,73,0,28
572,74,0,3
572,75,0,9
572,76,0,31
572,79,0,49
572,80,0,2
572,81,0,4
572,82,0,2
572,84,0,23
572,86,0,18
572,87,0,47
572,88,0,38
572,89,0,11
572,91,0,4
572,92,0,34
572,93,0,16
572,94,0,31
572,97,0,47
572,99,0,3
572,61,0,49
572,5,0,44
572,66,0,42
572,11,0,32
572,32,0,28
572,1,0,10
573,4,0,25
573,7,0,22
573,8,0,3
573,12,0,26
573,14,0,20
573,17,0,19
573,19,0,27
573,20,0,40
573,22,0,10
573,26,0,3
573,28,0,11
573,30,0,45
573,31,0,27
573,36,0,18
573,38,0,45
573,41,0,24
573,42,0,39
573,43,0,31
573,48,0,27
573,49,0,24
573,50,0,44
573,51,0,44
573,52,0,11
573,53,0,25
573,54,0,22
573,55,0,27
573,59,0,47
573,62,0,39
573,64,0,15
573,65,0,30
573,72,0,6
573,73,0,28
573,74,0,3
573,75,0,9
573,76,0,31
573,79,0,49
573,80,0,2
573,81,0,4
573,82,0,2
573,84,0,23
573,86,0,18
573,87,0,47
573,88,0,38
573,89,0,11
573,91,0,4
573,92,0,34
573,93,0,16
573,94,0,31
573,97,0,47
573,99,0,3
573,61,0,49
573,5,0,44
573,66,0,42
573,11,0,32
573,32,0,28
573,1,0,10
574,4,0,25
574,7,0,22
574,8,0,3
574,12,0,26
574,14,0,20
574,17,0,19
574,19,0,27
574,20,0,40
574,22,0,10
574,26,0,3
574,28,0,11
574,30,0,45
574,31,0,27
574,36,0,18
574,38,0,45
574,41,0,24
574,42,0,39
574,43,0,31
574,48,0,27
574,49,0,24
574,50,0,44
574,51,0,44
574,52,0,11
574,53,0,25
574,54,0,22
574,55,0,27
574,59,0,47
574,62,0,39
574,64,0,15
574,65,0,30
574,72,0,6
574,73,0,28
574,74,0,3
574,75,0,9
574,76,0,31
574,79,0,49
574,80,0,2
574,81,0,4
574,82,0,2
574,84,0,23
574,86,0,18
574,87,0,47
574,88,0,38
574,89,0,11
574,91,0,4
574,92,0,34
574,93,0,16
574,94,0,31
574,97,0,47
574,99,0,3
574,61,0,49
574,5,0,44
574,66,0,42
574,11,0,32
574,32,0,28
574,1,0,10
575,4,0,25
575,7,0,22
575,8,0,3
575,12,0,26
575,14,0,20
575,17,0,19
575,19,0,27
575,20,0,40
575,22,0,10
575,26,0,3
575,28,0,11
575,30,0,45
575,31,0,27
575,36,0,18
575,38,0,45
575,41,0,24
575,42,0,39
575,43,0,31
575,48,0,27
575,49,0,24
575,50,0,44
575,51,0,44
575,52,0,11
575,53,0,25
575,54,0,22
575,55,0,27
575,59,0,47
575,62,0,39
575,64,0,15
575,65,0,30
575,72,0,6
575,73,0,28
575,74,0,3
575,75,0,9
575,76,0,31
575,79,0,49
575,80,0,2
575,81,0,4
575,82,0,2
575,84,0,23
575,86,0,18
575,87,0,47
575,88,0,38
575,89,0,11
575,91,0,4
575,92,0,34
575,93,0,16
575,94,0,31
575,97,0,47
575,99,0,3
575,61,0,49
575,5,0,44
575,66,0,42
575,11,0,32
575,32,0,28
575,1,0,10
576,4,0,25
576,7,0,22
576,8,0,3
576,12,0,26
576,14,0,20
576,17,0,19
576,19,0,27
576,20,0,40
576,22,0,10
576,26,0,3
576,28,0,11
576,30,0,45
576,31,0,27
576,36,0,18
576,38,0,45
576,41,0,24
576,42,0,39
576,43,0,31
576,48,0,27
576,49,0,24
576,50,0,44
576,51,0,44
576,52,0,11
576,53,0,25
576,54,0,22
576,55,0,27
576,59,0,47
576,62,0,39
576,64,0,15
576,65,0,30
576,72,0,6
576,73,0,28
576,74,0,3
576,75,0,9
576,76,0,31
576,79,0,49
576,80,0,2
576,81,0,4
576,82,0,2
576,84,0,23
576,86,0,18
576,87,0,47
576,88,0,38
576,89,0,11
576,91,0,4
576,92,0,34
576,93,0,16
576,94,0,31
576,97,0,47
576,99,0,3
576,61,0,49
576,5,0,44
576,66,0,42
576,11,0,32
576,32,0,28
576,1,0,10
577,4,0,25
577,7,0,22
577,8,0,3
577,12,0,26
577,14,0,20
577,17,0,19
577,19,0,27
577,20,0,40
577,22,0,10
577,26,0,3
577,28,0,11
577,30,0,45
577,31,0,27
577,36,0,18
577,38,0,45
577,41,0,24
577,42,0,39
577,43,0,31
577,48,0,27
577,49,0,24
577,50,0,44
577,51,0,44
577,52,0,11
577,53,0,25
577,54,0,22
577,55,0,27
577,59,0,47
577,62,0,39
577,64,0,15
577,65,0,30
577,72,0,6
577,73,0,28
577,74,0,3
577,75,0,9
577,76,0,31
577,79,0,49
577,80,0,2
577,81,0,4
577,82,0,2
577,84,0,23
577,86,0,18
577,87,0,47
577,88,0,38
577,89,0,11
577,91,0,4
577,92,0,34
577,93,0,16
577,94,0,31
577,97,0,47
577,99,0,3
577,61,0,49
577,5,0,44
577,66,0,42
577,11,0,32
577,32,0,28
577,1,0,10
578,4,0,25
578,7,0,22
578,8,0,3
578,12,0,26
578,14,0,20
578,17,0,19
578,19,0,27
578,20,0,40
578,22,0,10
578,26,0,3
578,28,0,11
578,30,0,45
578,31,0,27
578,36,0,18
578,38,0,45
578,41,0,24
578,42,0,39
578,43,0,31
578,48,0,27
578,49,0,24
578,50,0,44
578,51,0,44
578,52,0,11
578,53,0,25
578,54,0,22
578,55,0,27
578,59,0,47
578,62,0,39
578,64,0,15
578,65,0,30
578,72,0,6
578,73,0,28
578,74,0,3
578,75,0,9
578,76,0,31
578,79,0,49
578,80,0,2
578,81,0,4
578,82,0,2
578,84,0,23
578,86,0,18
578,87,0,47
578,88,0,38
578,89,0,11
578,91,0,4
578,92,0,34
578,93,0,16
578,94,0,31
578,97,0,47
578,99,0,3
578,61,0,49
578,5,0,44
578,66,0,42
578,11,0,32
578,32,0,28
578,1,0,10
579,4,0,25
579,7,0,22
579,8,0,3
579,12,0,26
579,14,0,20
579,17,0,19
579,19,0,27
579,20,0,40
579,22,0,10
579,26,0,3
579,28,0,11
579,30,0,45
579,31,0,27
579,36,0,18
579,38,0,45
579,41,0,24
579,42,0,39
579,43,0,31
579,48,0,27
579,49,0,24
579,50,0,44
579,51,0,44
579,52,0,11
579,53,0,25
579,54,0,22
579,55,0,27
579,59,0,47
579,62,0,39
579,64,0,15
579,65,0,30
579,72,0,6
579,73,0,28
579,74,0,3
579,75,0,9
579,76,0,31
579,79,0,49
579,80,0,2
579,81,0,4
579,82,0,2
579,84,0,23
579,86,0,18
579,87,0,47
579,88,0,38
579,89,0,11
579,91,0,4
579,92,0,34
579,93,0,16
579,94,0,31
579,97,0,47
579,99,0,3
579,61,0,49
579,5,0,44
579,66,0,42
579,11,0,32
579,32,0,28
579,1,0,10
580,4,0,25
580,7,0,22
580,8,0,3
580,12,0,26
580,14,0,20
580,17,0,19
580,19,0,27
580,20,0,40
580,22,0,10
580,26,0,3
580,28,0,11
580,30,0,45
580,31,0,27
580,36,0,18
580,38,0,45
580,41,0,24
580,42,0,39
580,43,0,31
580,48,0,27
580,49,0,24
580,50,0,44
580,51,0,44
580,52,0,11
580,53,0,25
580,54,0,22
580,55,0,27
580,59,0,47
580,62,0,39
580,64,0,15
580,65,0,30
580,72,0,6
580,73,0,28
580,74,0,3
580,75,0,9
580,76,0,31
580,79,0,49
580,80,0,2
580,81,0,4
580,82,0,2
580,84,0,23
580,86,0,18
580,87,0,47
580,88,0,38
580,89,0,11
580,91,0,4
580,92,0,34
580,93,0,16
580,94,0,31
580,97,0,47
580,99,0,3
580,61,0,49
580,5,0,44
580,66,0,42
580,11,0,32
580,32,0,28
580,1,0,10
581,4,0,25
581,7,0,22
581,8,0,3
581,12,0,26
581,14,0,20
581,17,0,19
581,19,0,27
581,20,0,40
581,22,0,10
581,26,0,3
581,28,0,11
581,30,0,45
581,31,0,27
581,36,0,18
581,38,0,45
581,41,0,24
581,42,0,39
581,43,0,31
581,48,0,27
581,49,0,24
581,50,0,44
581,51,0,44
581,52,0,11
581,53,0,25
581,54,0,22
581,55,0,27
581,59,0,47
581,62,0,39
581,64,0,15
581,65,0,30
581,72,0,6
581,73,0,28
581,74,0,3
581,75,0,9
581,76,0,31
581,79,0,49
581,80,0,2
581,81,0,4
581,82,0,2
581,84,0,23
581,86,0,18
581,87,0,47
581,88,0,38
581,89,0,11
581,91,0,4
581,92,0,34
581,93,0,16
581,94,0,31
581,97,0,47
581,99,0,3
581,61,0,49
581,5,0,44
581,66,0,42
581,11,0,32
581,32,0,28
581,1,0,10
582,4,0,25
582,7,0,22
582,8,0,3
582,12,0,26
582,14,0,20
582,17,0,19
582,19,0,27
582,20,0,40
582,22,0,10
582,26,0,3
582,28,0,11
582,30,0,45
582,31,0,27
582,36,0,18
582,38,0,45
582,41,0,24
582,42,0,39
582,43,0,31
582,48,0,27
582,49,0,24
582,50,0,44
582,51,0,44
582,52,0,11
582,53,0,25
582,54,0,22
582,55,0,27
582,59,0,47
582,62,0,39
582,64,0,15
582,65,0,30
582,72,0,6
582,73,0,28
582,74,0,3
582,75,0,9
582,76,0,31
582,79,0,49
582,80,0,2
582,81,0,4
582,82,0,2
582,84,0,23
582,86,0,18
582,87,0,47
582,88,0,38
582,89,0,11
582,91,0,4
582,92,0,34
582,93,0,16
582,94,0,31
582,97,0,47
582,99,0,3
582,61,0,49
582,5,0,44
582,66,0,42
582,11,0,32
582,32,0,28
582,1,0,10
583,4,0,25
583,7,0,22
583,8,0,3
583,12,0,26
583,14,0,20
583,17,0,19
583,19,0,27
583,20,0,40
583,22,0,10
583,26,0,3
583,28,0,11
583,30,0,45
583,31,0,27
583,36,0,18
583,38,0,45
583,41,0,24
583,42,0,39
583,43,0,31
583,48,0,27
583,49,0,24
583,50,0,44
583,51,0,44
583,52,0,11
583,53,0,25
583,54,0,22
583,55,0,27
583,59,0,47
583,62,0,39
583,64,0,15
583,65,0,30
583,72,0,6
583,73,0,28
583,74,0,3
583,75,0,9
583,76,0,31
583,79,0,49
583,80,0,2
583,81,0,4
583,82,0,2
583,84,0,23
583,86,0,18
583,87,0,47
583,88,0,38
583,89,0,11
583,91,0,4
583,92,0,34
583,93,0,16
583,94,0,31
583,97,0,47
583,99,0,3
583,61,0,49
583,5,0,44
583,66,0,42
583,11,0,32
583,32,0,28
583,1,0,10
584,4,0,25
584,7,0,22
584,8,0,3
584,12,0,26
584,14,0,20
584,17,0,19
584,19,0,27
584,20,0,40
584,22,0,10
584,26,0,3
584,28,0,11
584,30,0,45
584,31,0,27
584,36,0,18
584,38,0,45
584,41,0,24
584,42,0,39
584,43,0,31
584,48,0,27
584,49,0,24
584,50,0,44
584,51,0,44
584,52,0,11
584,53,0,25
584,54,0,22
584,55,0,27
584,59,0,47
584,62,0,39
584,64,0,15
584,65,0,30
584,72,0,6
584,73,0,28
584,74,0,3
584,75,0,9
584,76,0,31
584,79,0,49
584,80,0,2
584,81,0,4
584,82,0,2
584,84,0,23
584,86,0,18
584,87,0,47
584,88,0,38
584,89,0,11
584,91,0,4
584,92,0,34
584,93,0,16
584,94,0,31
584,97,0,47
584,99,0,3
584,61,0,49
584,5,0,44
584,66,0,42
584,11,0,32
584,32,0,28
584,1,0,10
585,4,0,25
585,7,0,22
585,8,0,3
585,12,0,26
585,14,0,20
585,17,0,19
585,19,0,27
585,20,0,40
585,22,0,10
585,26,0,3
585,28,0,11
585,30,0,45
585,31,0,27
585,36,0,18
585,38,0,45
585,41,0,24
585,42,0,39
585,43,0,31
585,48,0,27
585,49,0,24
585,50,0,44
585,51,0,44
585,52,0,11
585,53,0,25
585,54,0,22
585,55,0,27
585,59,0,47
585,62,0,39
585,64,0,15
585,65,0,30
585,72,0,6
585,73,0,28
585,74,0,3
585,75,0,9
585,76,0,31
585,79,0,49
585,80,0,2
585,81,0,4
585,82,0,2
585,84,0,23
585,86,0,18
585,87,0,47
585,88,0,38
585,89,0,11
585,91,0,4
585,92,0,34
585,93,0,16
585,94,0,31
585,97,0,47
585,99,0,3
585,61,0,49
585,5,0,44
585,66,0,42
585,11,0,32
585,32,0,28
585,1,0,10
586,4,0,25
586,7,0,22
586,8,0,3
586,12,0,26
586,14,0,20
586,17,0,19
586,19,0,27
586,20,0,40
586,22,0,10
586,26,0,3
586,28,0,11
586,30,0,45
586,31,0,27
586,36,0,18
586,38,0,45
586,41,0,24
586,42,0,39
586,43,0,31
586,48,0,27
586,49,0,24
586,50,0,44
586,51,0,44
586,52,0,11
586,53,0,25
586,54,0,22
586,55,0,27
586,59,0,47
586,62,0,39
586,64,0,15
586,65,0,30
586,72,0,6
586,73,0,28
586,74,0,3
586,75,0,9
586,76,0,31
586,79,0,49
586,80,0,2
586,81,0,4
586,82,0,2
586,84,0,23
586,86,0,18
586,87,0,47
586,88,0,38
586,89,0,11
586,91,0,4
586,92,0,34
586,93,0,16
586,94,0,31
586,97,0,47
586,99,0,3
586,61,0,49
586,5,0,44
586,66,0,42
586,11,0,32
586,32,0,28
586,1,0,10
587,4,0,25
587,7,0,22
587,8,0,3
587,12,0,26
587,14,0,20
587,17,0,19
587,19,0,27
587,20,0,40
587,22,0,10
587,26,0,3
587,28,0,11
587,30,0,45
587,31,0,27
587,36,0,18
587,38,0,45
587,41,0,24
587,42,0,39
587,43,0,31
587,48,0,27
587,49,0,24
587,50,0,44
587,51,0,44
587,52,0,11
587,53,0,25
587,54,0,22
587,55,0,27
587,59,0,47
587,62,0,39
587,64,0,15
587,65,0,30
587,72,0,6
587,73,0,28
587,74,0,3
587,75,0,9
587,76,0,31
587,79,0,49
587,80,0,2
587,81,0,4
587,82,0,2
587,84,0,23
587,86,0,18
587,87,0,47
587,88,0,38
587,89,0,11
587,91,0,4
587,92,0,34
587,93,0,16
587,94,0,31
587,97,0,47
587,99,0,3
587,61,0,49
587,5,0,44
587,66,0,42
587,11,0,32
587,32,0,28
587,1,0,10
588,4,0,25
588,7,0,22
588,8,0,3
588,12,0,26
588,14,0,20
588,17,0,19
588,19,0,27
588,20,0,40
588,22,0,10
588,26,0,3
588,28,0,11
588,30,0,45
588,31,0,27
588,36,0,18
588,38,0,45
588,41,0,24
588,42,0,39
588,43,0,31
588,48,0,27
588,49,0,24
588,50,0,44
588,51,0,44
588,52,0,11
588,53,0,25
588,54,0,22
588,55,0,27
588,59,0,47
588,62,0,39
588,64,0,15
588,65,0,30
588,72,0,6
588,73,0,28
588,74,0,3
588,75,0,9
588,76,0,31
588,79,0,49
588,80,0,2
588,81,0,4
588,82,0,2
588,84,0,23
588,86,0,18
588,87,0,47
588,88,0,38
588,89,0,11
588,91,0,4
588,92,0,34
588,93,0,16
588,94,0,31
588,97,0,47
588,99,0,3
588,61,0,49
588,5,0,44
588,66,0,42
588,11,0,32
588,32,0,28
588,1,0,10
589,4,0,25
589,7,0,22
589,8,0,3
589,12,0,26
589,14,0,20
589,17,0,19
589,19,0,27
589,20,0,40
589,22,0,10
589,26,0,3
589,28,0,11
589,30,0,45
589,31,0,27
589,36,0,18
589,38,0,45
589,41,0,24
589,42,0,39
589,43,0,31
589,48,0,27
589,49,0,24
589,50,0,44
589,51,0,44
589,52,0,11
589,53,0,25
589,54,0,22
589,55,0,27
589,59,0,47
589,62,0,39
589,64,0,15
589,65,0,30
589,72,0,6
589,73,0,28
589,74,0,3
589,75,0,9
589,76,0,31
589,79,0,49
589,80,0,2
589,81,0,4
589,82,0,2
589,84,0,23
589,86,0,18
589,87,0,47
589,88,0,38
589,89,0,11
589,91,0,4
589,92,0,34
589,93,0,16
589,94,0,31
589,97,0,47
589,99,0,3
589,61,0,49
589,5,0,44
589,66,0,42
589,11,0,32
589,32,0,28
589,1,0,10
590,4,0,25
590,7,0,22
590,8,0,3
590,12,0,26
590,14,0,20
590,17,0,19
590,19,0,27
590,20,0,40
590,22,0,10
590,26,0,3
590,28,0,11
590,30,0,45
590,31,0,27
590,36,0,18
590,38,0,45
590,41,0,24
590,42,0,39
590,43,0,31
590,48,0,27
590,49,0,24
590,50,0,44
590,51,0,44
590,52,0,11
590,53,0,25
590,54,0,22
590,55,0,27
590,59,0,47
590,62,0,39
590,64,0,15
590,65,0,30
590,72,0,6
590,73,0,28
590,74,0,3
590,75,0,9
590,76,0,31
590,79,0,49
590,80,0,2
590,81,0,4
590,82,0,2
590,84,0,23
590,86,0,18
590,87,0,47
590,88,0,38
590,89,0,11
590,91,0,4
590,92,0,34
590,93,0,16
590,94,0,31
590,97,0,47
590,99,0,3
590,61,0,49
590,5,0,44
590,66,0,42
590,11,0,32
590,32,0,28
590,1,0,10
591,4,0,25
591,7,0,22
591,8,0,3
591,12,0,26
591,14,0,20
591,17,0,19
591,19,0,27
591,20,0,40
591,22,0,10
591,26,0,3
591,28,0,11
591,30,0,45
591,31,0,27
591,36,0,18
591,38,0,45
591,41,0,24
591,42,0,39
591,43,0,31
591,48,0,27
591,49,0,24
591,50,0,44
591,51,0,44
591,52,0,11
591,53,0,25
591,54,0,22
591,55,0,27
591,59,0,47
591,62,0,39
591,64,0,15
591,65,0,30
591,72,0,6
591,73,0,28
591,74,0,3
591,75,0,9
591,76,0,31
591,79,0,49
591,80,0,2
591,81,0,4
591,82,0,2
591,84,0,23
591,86,0,18
591,87,0,47
591,88,0,38
591,89,0,11
591,91,0,4
591,92,0,34
591,93,0,16
591,94,0,31
591,97,0,47
591,99,0,3
591,61,0,49
591,5,0,44
591,66,0,42
591,11,0,32
591,32,0,28
591,1,0,10
592,4,0,25
592,7,0,22
592,8,0,3
592,12,0,26
592,14,0,20
592,17,0,19
592,19,0,27
592,20,0,40
592,22,0,10
592,26,0,3
592,28,0,11
592,30,0,45
592,31,0,27
592,36,0,18
592,38,0,45
592,41,0,24
592,42,0,39
592,43,0,31
592,48,0,27
592,49,0,24
592,50,0,44
592,51,0,44
592,52,0,11
592,53,0,25
592,54,0,22
592,55,0,27
592,59,0,47
592,62,0,39
592,64,0,15
592,65,0,30
592,72,0,6
592,73,0,28
592,74,0,3
592,75,0,9
592,76,0,31
592,79,0,49
592,80,0,2
592,81,0,4
592,82,0,2
592,84,0,23
592,86,0,18
592,87,0,47
592,88,0,38
592,89,0,11
592,91,0,4
592,92,0,34
592,93,0,16
592,94,0,31
592,97,0,47
592,99,0,3
592,61,0,49
592,5,0,44
592,66,0,42
592,11,0,32
592,32,0,28
592,1,0,10
593,4,0,25
593,7,0,22
593,8,0,3
593,12,0,26
593,14,0,20
593,17,0,19
593,19,0,27
593,20,0,40
593,22,0,10
593,26,0,3
593,28,0,11
593,30,0,45
593,31,0,27
593,36,0,18
593,38,0,45
593,41,0,24
593,42,0,39
593,43,0,31
593,48,0,27
593,49,0,24
593,50,0,44
593,51,0,44
593,52,0,11
593,53,0,25
593,54,0,22
593,55,0,27
593,59,0,47
593,62,0,39
593,64,0,15
593,65,0,30
593,72,0,6
593,73,0,28
593,74,0,3
593,75,0,9
593,76,0,31
593,79,0,49
593,80,0,2
593,81,0,4
593,82,0,2
593,84,0,23
593,86,0,18
593,87,0,47
593,88,0,38
593,89,0,11
593,91,0,4
593,92,0,34
593,93,0,16
593,94,0,31
593,97,0,47
593,99,0,3
593,61,0,49
593,5,0,44
593,66,0,42
593,11,0,32
593,32,0,28
593,1,0,10
594,4,0,25
594,7,0,22
594,8,0,3
594,12,0,26
594,14,0,20
594,17,0,19
594,19,0,27
594,20,0,40
594,22,0,10
594,26,0,3
594,28,0,11
594,30,0,45
594,31,0,27
594,36,0,18
594,38,0,45
594,41,0,24
594,42,0,39
594,43,0,31
594,48,0,27
594,49,0,24
594,50,0,44
594,51,0,44
594,52,0,11
594,53,0,25
594,54,0,22
594,55,0,27
594,59,0,47
594,62,0,39
594,64,0,15
594,65,0,30
594,72,0,6
594,73,0,28
594,74,0,3
594,75,0,9
594,76,0,31
594,79,0,49
594,80,0,2
594,81,0,4
594,82,0,2
594,84,0,23
594,86,0,18
594,87,0,47
594,88,0,38
594,89,0,11
594,91,0,4
594,92,0,34
594,93,0,16
594,94,0,31
594,97,0,47
594,99,0,3
594,61,0,49
594,5,0,44
594,66,0,42
594,11,0,32
594,32,0,28
594,1,0,10
595,4,0,25
595,7,0,22
595,8,0,3
595,12,0,26
595,14,0,20
595,17,0,19
595,19,0,27
595,20,0,40
595,22,0,10
595,26,0,3
595,28,0,11
595,30,0,45
595,31,0,27
595,36,0,18
595,38,0,45
595,41,0,24
595,42,0,39
595,43,0,31
595,48,0,27
595,49,0,24
595,50,0,44
595,51,0,44
595,52,0,11
595,53,0,25
595,54,0,22
595,55,0,27
595,59,0,47
595,62,0,39
595,64,0,15
595,65,0,30
595,72,0,6
595,73,0,28
595,74,0,3
595,75,0,9
595,76,0,31
595,79,0,49
595,80,0,2
595,81,0,4
595,82,0,2
595,84,0,23
595,86,0,18
595,87,0,47
595,88,0,38
595,89,0,11
595,91,0,4
595,92,0,34
595,93,0,16
595,94,0,31
595,97,0,47
595,99,0,3
595,61,0,49
595,5,0,44
595,66,0,42
595,11,0,32
595,32,0,28
595,1,0,10
596,4,0,25
596,7,0,22
596,8,0,3
596,12,0,26
596,14,0,20
596,17,0,19
596,19,0,27
596,20,0,40
596,22,0,10
596,26,0,3
596,28,0,11
596,30,0,45
596,31,0,27
596,36,0,18
596,38,0,45
596,41,0,24
596,42,0,39
596,43,0,31
596,48,0,27
596,49,0,24
596,50,0,44
596,51,0,44
596,52,0,11
596,53,0,25
596,54,0,22
596,55,0,27
596,59,0,47
596,62,0,39
596,64,0,15
596,65,0,30
596,72,0,6
596,73,0,28
596,74,0,3
596,75,0,9
596,76,0,31
596,79,0,49
596,80,0,2
596,81,0,4
596,82,0,2
596,84,0,23
596,86,0,18
596,87,0,47
596,88,0,38
596,89,0,11
596,91,0,4
596,92,0,34
596,93,0,16
596,94,0,31
596,97,0,47
596,99,0,3
596,61,0,49
596,5,0,44
596,66,0,42
596,11,0,32
596,32,0,28
596,1,0,10
597,4,0,25
597,7,0,22
597,8,0,3
597,12,0,26
597,14,0,20
597,17,0,19
597,19,0,27
597,20,0,40
597,22,0,10
597,26,0,3
597,28,0,11
597,30,0,45
597,31,0,27
597,36,0,18
597,38,0,45
597,41,0,24
597,42,0,39
597,43,0,31
597,48,0,27
597,49,0,24
597,50,0,44
597,51,0,44
597,52,0,11
597,53,0,25
597,54,0,22
597,55,0,27
597,59,0,47
597,62,0,39
597,64,0,15
597,65,0,30
597,72,0,6
597,73,0,28
597,74,0,3
597,75,0,9
597,76,0,31
597,79,0,49
597,80,0,2
597,81,0,4
597,82,0,2
597,84,0,23
597,86,0,18
597,87,0,47
597,88,0,38
597,89,0,11
597,91,0,4
597,92,0,34
597,93,0,16
597,94,0,31
597,97,0,47
597,99,0,3
597,61,0,49
597,5,0,44
597,66,0,42
597,11,0,32
597,32,0,28
597,1,0,10
598,4,0,25
598,7,0,22
598,8,0,3
598,12,0,26
598,14,0,20
598,17,0,19
598,19,0,27
598,20,0,40
598,22,0,10
598,26,0,3
598,28,0,11
598,30,0,45
598,31,0,27
598,36,0,18
598,38,0,45
598,41,0,24
598,42,0,39
598,43,0,31
598,48,0,27
598,49,0,24
598,50,0,44
598,51,0,44
598,52,0,11
598,53,0,25
598,54,0,22
598,55,0,27
598,59,0,47
598,62,0,39
598,64,0,15
598,65,0,30
598,72,0,6
598,73,0,28
598,74,0,3
598,75,0,9
598,76,0,31
598,79,0,49
598,80,0,2
598,81,0,4
598,82,0,2
598,84,0,23
598,86,0,18
598,87,0,47
598,88,0,38
598,89,0,11
598,91,0,4
598,92,0,34
598,93,0,16
598,94,0,31
598,97,0,47
598,99,0,3
598,61,0,49
598,5,0,44
598,66,0,42
598,11,0,32
598,32,0,28
598,1,0,10
599,4,0,25
599,7,0,22
599,8,0,3
599,12,0,26
599,14,0,20
599,17,0,19
599,19,0,27
599,20,0,40
599,22,0,10
599,26,0,3
599,28,0,11
599,30,0,45
599,31,0,27
599,36,0,18
599,38,0,45
599,41,0,24
599,42,0,39
599,43,0,31
599,48,0,27
599,49,0,24
599,50,0,44
599,51,0,44
599,52,0,11
599,53,0,25
599,54,0,22
599,55,0,27
599,59,0,47
599,62,0,39
599,64,0,15
599,65,0,30
599,72,0,6
599,73,0,28
599,74,0,3
599,75,0,9
599,76,0,31
599,79,0,49
599,80,0,2
599,81,0,4
599,82,0,2
599,84,0,23
599,86,0,18
599,87,0,47
599,88,0,38
599,89,0,11
599,91,0,4
599,92,0,34
599,93,0,16
599,94,0,31
599,97,0,47
599,99,0,3
599,61,0,49
599,5,0,44
599,66,0,42
599,11,0,32
599,32,0,28
599,1,0,10
600,4,0,25
600,7,0,22
600,8,0,3
600,12,0,26
600,14,0,20
600,17,0,19
600,19,0,27
600,20,0,40
600,22,0,10
600,26,0,3
600,28,0,11
600,30,0,45
600,31,0,27
600,36,0,18
600,38,0,45
600,41,0,24
600,42,0,39
600,43,0,31
600,48,0,27
600,49,0,24
600,50,0,44
600,51,0,44
600,52,0,11
600,53,0,25
600,54,0,22
600,55,0,27
600,59,0,47
600,62,0,39
600,64,0,15
600,65,0,30
600,72,0,6
600,73,0,28
600,74,0,3
600,75,0,9
600,76,0,31
600,79,0,49
600,80,0,2
600,81,0,4
600,82,0,2
600,84,0,23
600,86,0,18
600,87,0,47
600,88,0,38
600,89,0,11
600,91,0,4
600,92,0,34
600,93,0,16
600,94,0,31
600,97,0,47
600,99,0,3
600,61,0,49
600,5,0,44
600,66,0,42
600,11,0,32
600,32,0,28
600,1,0,10
601,4,0,25
601,7,0,22
601,8,0,3
601,12,0,26
601,14,0,20
601,17,0,19
601,19,0,27
601,20,0,40
601,22,0,10
601,26,0,3
601,28,0,11
601,30,0,45
601,31,0,27
601,36,0,18
601,38,0,45
601,41,0,24
601,42,0,39
601,43,0,31
601,48,0,27
601,49,0,24
601,50,0,44
601,51,0,44
601,52,0,11
601,53,0,25
601,54,0,22
601,55,0,27
601,59,0,47
601,62,0,39
601,64,0,15
601,65,0,30
601,72,0,6
601,73,0,28
601,74,0,3
601,75,0,9
601,76,0,31
601,79,0,49
601,80,0,2
601,81,0,4
601,82,0,2
601,84,0,23
601,86,0,18
601,87,0,47
601,88,0,38
601,89,0,11
601,91,0,4
601,92,0,34
601,93,0,16
601,94,0,31
601,97,0,47
601,99,0,3
601,61,0,49
601,5,0,44
601,66,0,42
601,11,0,32
601,32,0,28
601,1,0,10
602,4,0,25
602,7,0,22
602,8,0,3
602,12,0,26
602,14,0,20
602,17,0,19
602,19,0,27
602,20,0,40
602,22,0,10
602,26,0,3
602,28,0,11
602,30,0,45
602,31,0,27
602,36,0,18
602,38,0,45
602,41,0,24
602,42,0,39
602,43,0,31
602,48,0,27
602,49,0,24
602,50,0,44
602,51,0,44
602,52,0,11
602,53,0,25
602,54,0,22
602,55,0,27
602,59,0,47
602,62,0,39
602,64,0,15
602,65,0,30
602,72,0,6
602,73,0,28
602,74,0,3
602,75,0,9
602,76,0,31
602,79,0,49
602,80,0,2
602,81,0,4
602,82,0,2
602,84,0,23
602,86,0,18
602,87,0,47
602,88,0,38
602,89,0,11
602,91,0,4
602,92,0,34
602,93,0,16
602,94,0,31
602,97,0,47
602,99,0,3
602,61,0,49
602,5,0,44
602,66,0,42
602,11,0,32
602,32,0,28
602,1,0,10
603,4,0,25
603,7,0,22
603,8,0,3
603,12,0,26
603,14,0,20
603,17,0,19
603,19,0,27
603,20,0,40
603,22,0,10
603,26,0,3
603,28,0,11
603,30,0,45
603,31,0,27
603,36,0,18
603,38,0,45
603,41,0,24
603,42,0,39
603,43,0,31
603,48,0,27
603,49,0,24
603,50,0,44
603,51,0,44
603,52,0,11
603,53,0,25
603,54,0,22
603,55,0,27
603,59,0,47
603,62,0,39
603,64,0,15
603,65,0,30
603,72,0,6
603,73,0,28
603,74,0,3
603,75,0,9
603,76,0,31
603,79,0,49
603,80,0,2
603,81,0,4
603,82,0,2
603,84,0,23
603,86,0,18
603,87,0,47
603,88,0,38
603,89,0,11
603,91,0,4
603,92,0,34
603,93,0,16
603,94,0,31
603,97,0,47
603,99,0,3
603,61,0,49
603,5,0,44
603,66,0,42
603,11,0,32
603,32,0,28
603,1,0,10
604,4,0,25
604,7,0,22
604,8,0,3
604,12,0,26
604,14,0,20
604,17,0,19
604,19,0,27
604,20,0,40
604,22,0,10
604,26,0,3
604,28,0,11
604,30,0,45
604,31,0,27
604,36,0,18
604,38,0,45
604,41,0,24
604,42,0,39
604,43,0,31
604,48,0,27
604,49,0,24
604,50,0,44
604,51,0,44
604,52,0,11
604,53,0,25
604,54,0,22
604,55,0,27
604,59,0,47
604,62,0,39
604,64,0,15
604,65,0,30
604,72,0,6
604,73,0,28
604,74,0,3
604,75,0,9
604,76,0,31
604,79,0,49
604,80,0,2
604,81,0,4
604,82,0,2
604,84,0,23
604,86,0,18
604,87,0,47
604,88,0,38
604,89,0,11
604,91,0,4
604,92,0,34
604,93,0,16
604,94,0,31
604,97,0,47
604,99,0,3
604,61,0,49
604,5,0,44
604,66,0,42
604,11,0,32
604,32,0,28
604,1,0,10
605,4,0,25
605,7,0,22
605,8,0,3
605,12,0,26
605,14,0,20
605,17,0,19
605,19,0,27
605,20,0,40
605,22,0,10
605,26,0,3
605,28,0,11
605,30,0,45
605,31,0,27
605,36,0,18
605,38,0,45
605,41,0,24
605,42,0,39
605,43,0,31
605,48,0,27
605,49,0,24
605,50,0,44
605,51,0,44
605,52,0,11
605,53,0,25
605,54,0,22
605,55,0,27
605,59,0,47
605,62,0,39
605,64,0,15
605,65,0,30
605,72,0,6
605,73,0,28
605,74,0,3
605,75,0,9
605,76,0,31
605,79,0,49
605,80,0,2
605,81,0,4
605,82,0,2
605,84,0,23
605,86,0,18
605,87,0,47
605,88,0,38
605,89,0,11
605,91,0,4
605,92,0,34
605,93,0,16
605,94,0,31
605,97,0,47
605,99,0,3
605,61,0,49
605,5,0,44
605,66,0,42
605,11,0,32
605,32,0,28
605,1,0,10
606,4,0,25
606,7,0,22
606,8,0,3
606,12,0,26
606,14,0,20
606,17,0,19
606,19,0,27
606,20,0,40
606,22,0,10
606,26,0,3
606,28,0,11
606,30,0,45
606,31,0,27
606,36,0,18
606,38,0,45
606,41,0,24
606,42,0,39
606,43,0,31
606,48,0,27
606,49,0,24
606,50,0,44
606,51,0,44
606,52,0,11
606,53,0,25
606,54,0,22
606,55,0,27
606,59,0,47
606,62,0,39
606,64,0,15
606,65,0,30
606,72,0,6
606,73,0,28
606,74,0,3
606,75,0,9
606,76,0,31
606,79,0,49
606,80,0,2
606,81,0,4
606,82,0,2
606,84,0,23
606,86,0,18
606,87,0,47
606,88,0,38
606,89,0,11
606,91,0,4
606,92,0,34
606,93,0,16
606,94,0,31
606,97,0,47
606,99,0,3
606,61,0,49
606,5,0,44
606,66,0,42
606,11,0,32
606,32,0,28
606,1,0,10
607,4,0,25
607,7,0,22
607,8,0,3
607,12,0,26
607,14,0,20
607,17,0,19
607,19,0,27
607,20,0,40
607,22,0,10
607,26,0,3
607,28,0,11
607,30,0,45
607,31,0,27
607,36,0,18
607,38,0,45
607,41,0,24
607,42,0,39
607,43,0,31
607,48,0,27
607,49,0,24
607,50,0,44
607,51,0,44
607,52,0,11
607,53,0,25
607,54,0,22
607,55,0,27
607,59,0,47
607,62,0,39
607,64,0,15
607,65,0,30
607,72,0,6
607,73,0,28
607,74,0,3
607,75,0,9
607,76,0,31
607,79,0,49
607,80,0,2
607,81,0,4
607,82,0,2
607,84,0,23
607,86,0,18
607,87,0,47
607,88,0,38
607,89,0,11
607,91,0,4
607,92,0,34
607,93,0,16
607,94,0,31
607,97,0,47
607,99,0,3
607,61,0,49
607,5,0,44
607,66,0,42
607,11,0,32
607,32,0,28
607,1,0,10
608,4,0,25
608,7,0,22
608,8,0,3
608,12,0,26
608,14,0,20
608,17,0,19
608,19,0,27
608,20,0,40
608,22,0,10
608,26,0,3
608,28,0,11
608,30,0,45
608,31,0,27
608,36,0,18
608,38,0,45
608,41,0,24
608,42,0,39
608,43,0,31
608,48,0,27
608,49,0,24
608,50,0,44
608,51,0,44
608,52,0,11
608,53,0,25
608,54,0,22
608,55,0,27
608,59,0,47
608,62,0,39
608,64,0,15
608,65,0,30
608,72,0,6
608,73,0,28
608,74,0,3
608,75,0,9
608,76,0,31
608,79,0,49
608,80,0,2
608,81,0,4
608,82,0,2
608,84,0,23
608,86,0,18
608,87,0,47
608,88,0,38
608,89,0,11
608,91,0,4
608,92,0,34
608,93,0,16
608,94,0,31
608,97,0,47
608,99,0,3
608,61,0,49
608,5,0,44
608,66,0,42
608,11,0,32
608,32,0,28
608,1,0,10
609,4,0,25
609,7,0,22
609,8,0,3
609,12,0,26
609,14,0,20
609,17,0,19
609,19,0,27
609,20,0,40
609,22,0,10
609,26,0,3
609,28,0,11
609,30,0,45
609,31,0,27
609,36,0,18
609,38,0,45
609,41,0,24
609,42,0,39
609,43,0,31
609,48,0,27
609,49,0,24
609,50,0,44
609,51,0,44
609,52,0,11
609,53,0,25
609,54,0,22
609,55,0,27
609,59,0,47
609,62,0,39
609,64,0,15
609,65,0,30
609,72,0,6
609,73,0,28
609,74,0,3
609,75,0,9
609,76,0,31
609,79,0,49
609,80,0,2
609,81,0,4
609,82,0,2
609,84,0,23
609,86,0,18
609,87,0,47
609,88,0,38
609,89,0,11
609,91,0,4
609,92,0,34
609,93,0,16
609,94,0,31
609,97,0,47
609,99,0,3
609,61,0,49
609,5,0,44
609,66,0,42
609,11,0,32
609,32,0,28
609,1,0,10
610,4,0,25
610,7,0,22
610,8,0,3
610,12,0,26
610,14,0,20
610,17,0,19
610,19,0,27
610,20,0,40
610,22,0,10
610,26,0,3
610,28,0,11
610,30,0,45
610,31,0,27
610,36,0,18
610,38,0,45
610,41,0,24
610,42,0,39
610,43,0,31
610,48,0,27
610,49,0,24
610,50,0,44
610,51,0,44
610,52,0,11
610,53,0,25
610,54,0,22
610,55,0,27
610,59,0,47
610,62,0,39
610,64,0,15
610,65,0,30
610,72,0,6
610,73,0,28
610,74,0,3
610,75,0,9
610,76,0,31
610,79,0,49
610,80,0,2
610,81,0,4
610,82,0,2
610,84,0,23
610,86,0,18
610,87,0,47
610,88,0,38
610,89,0,11
610,91,0,4
610,92,0,34
610,93,0,16
610,94,0,31
610,97,0,47
610,99,0,3
610,61,0,49
610,5,0,44
610,66,0,42
610,11,0,32
610,32,0,28
610,1,0,10
611,4,0,25
611,7,0,22
611,8,0,3
611,12,0,26
611,14,0,20
611,17,0,19
611,19,0,27
611,20,0,40
611,22,0,10
611,26,0,3
611,28,0,11
611,30,0,45
611,31,0,27
611,36,0,18
611,38,0,45
611,41,0,24
611,42,0,39
611,43,0,31
611,48,0,27
611,49,0,24
611,50,0,44
611,51,0,44
611,52,0,11
611,53,0,25
611,54,0,22
611,55,0,27
611,59,0,47
611,62,0,39
611,64,0,15
611,65,0,30
611,72,0,6
611,73,0,28
611,74,0,3
611,75,0,9
611,76,0,31
611,79,0,49
611,80,0,2
611,81,0,4
611,82,0,2
611,84,0,23
611,86,0,18
611,87,0,47
611,88,0,38
611,89,0,11
611,91,0,4
611,92,0,34
611,93,0,16
611,94,0,31
611,97,0,47
611,99,0,3
611,61,0,49
611,5,0,44
611,66,0,42
611,11,0,32
611,32,0,28
611,1,0,10
612,4,0,25
612,7,0,22
612,8,0,3
612,12,0,26
612,14,0,20
612,17,0,19
612,19,0,27
612,20,0,40
612,22,0,10
612,26,0,3
612,28,0,11
612,30,0,45
612,31,0,27
612,36,0,18
612,38,0,45
612,41,0,24
612,42,0,39
612,43,0,31
612,48,0,27
612,49,0,24
612,50,0,44
612,51,0,44
612,52,0,11
612,53,0,25
612,54,0,22
612,55,0,27
612,59,0,47
612,62,0,39
612,64,0,15
612,65,0,30
612,72,0,6
612,73,0,28
612,74,0,3
612,75,0,9
612,76,0,31
612,79,0,49
612,80,0,2
612,81,0,4
612,82,0,2
612,84,0,23
612,86,0,18
612,87,0,47
612,88,0,38
612,89,0,11
612,91,0,4
612,92,0,34
612,93,0,16
612,94,0,31
612,97,0,47
612,99,0,3
612,61,0,49
612,5,0,44
612,66,0,42
612,11,0,32
612,32,0,28
612,1,0,10
613,4,0,25
613,7,0,22
613,8,0,3
613,12,0,26
613,14,0,20
613,17,0,19
613,19,0,27
613,20,0,40
613,22,0,10
613,26,0,3
613,28,0,11
613,30,0,45
613,31,0,27
613,36,0,18
613,38,0,45
613,41,0,24
613,42,0,39
613,43,0,31
613,48,0,27
613,49,0,24
613,50,0,44
613,51,0,44
613,52,0,11
613,53,0,25
613,54,0,22
613,55,0,27
613,59,0,47
613,62,0,39
613,64,0,15
613,65,0,30
613,72,0,6
613,73,0,28
613,74,0,3
613,75,0,9
613,76,0,31
613,79,0,49
613,80,0,2
613,81,0,4
613,82,0,2
613,84,0,23
613,86,0,18
613,87,0,47
613,88,0,38
613,89,0,11
613,91,0,4
613,92,0,34
613,93,0,16
613,94,0,31
613,97,0,47
613,99,0,3
613,61,0,49
613,5,0,44
613,66,0,42
613,11,0,32
613,32,0,28
613,1,0,10
614,4,0,25
614,7,0,22
614,8,0,3
614,12,0,26
614,14,0,20
614,17,0,19
614,19,0,27
614,20,0,40
614,22,0,10
614,26,0,3
614,28,0,11
614,30,0,45
614,31,0,27
614,36,0,18
614,38,0,45
614,41,0,24
614,42,0,39
614,43,0,31
614,48,0,27
614,49,0,24
614,50,0,44
614,51,0,44
614,52,0,11
614,53,0,25
614,54,0,22
614,55,0,27
614,59,0,47
614,62,0,39
614,64,0,15
614,65,0,30
614,72,0,6
614,73,0,28
614,74,0,3
614,75,0,9
614,76,0,31
614,79,0,49
614,80,0,2
614,81,0,4
614,82,0,2
614,84,0,23
614,86,0,18
614,87,0,47
614,88,0,38
614,89,0,11
614,91,0,4
614,92,0,34
614,93,0,16
614,94,0,31
614,97,0,47
614,99,0,3
614,61,0,49
614,5,0,44
614,66,0,42
614,11,0,32
614,32,0,28
614,1,0,10
615,4,0,25
615,7,0,22
615,8,0,3
615,12,0,26
615,14,0,20
615,17,0,19
615,19,0,27
615,20,0,40
615,22,0,10
615,26,0,3
615,28,0,11
615,30,0,45
615,31,0,27
615,36,0,18
615,38,0,45
615,41,0,24
615,42,0,39
615,43,0,31
615,48,0,27
615,49,0,24
615,50,0,44
615,51,0,44
615,52,0,11
615,53,0,25
615,54,0,22
615,55,0,27
615,59,0,47
615,62,0,39
615,64,0,15
615,65,0,30
615,72,0,6
615,73,0,28
615,74,0,3
615,75,0,9
615,76,0,31
615,79,0,49
615,80,0,2
615,81,0,4
615,82,0,2
615,84,0,23
615,86,0,18
615,87,0,47
615,88,0,38
615,89,0,11
615,91,0,4
615,92,0,34
615,93,0,16
615,94,0,31
615,97,0,47
615,99,0,3
615,61,0,49
615,5,0,44
615,66,0,42
615,11,0,32
615,32,0,28
615,1,0,10
616,4,0,25
616,7,0,22
616,8,0,3
616,12,0,26
616,14,0,20
616,17,0,19
616,19,0,27
616,20,0,40
616,22,0,10
616,26,0,3
616,28,0,11
616,30,0,45
616,31,0,27
616,36,0,18
616,38,0,45
616,41,0,24
616,42,0,39
616,43,0,31
616,48,0,27
616,49,0,24
616,50,0,44
616,51,0,44
616,52,0,11
616,53,0,25
616,54,0,22
616,55,0,27
616,59,0,47
616,62,0,39
616,64,0,15
616,65,0,30
616,72,0,6
616,73,0,28
616,74,0,3
616,75,0,9
616,76,0,31
616,79,0,49
616,80,0,2
616,81,0,4
616,82,0,2
616,84,0,23
616,86,0,18
616,87,0,47
616,88,0,38
616,89,0,11
616,91,0,4
616,92,0,34
616,93,0,16
616,94,0,31
616,97,0,47
616,99,0,3
616,61,0,49
616,5,0,44
616,66,0,42
616,11,0,32
616,32,0,28
616,1,0,10
617,4,0,25
617,7,0,22
617,8,0,3
617,12,0,26
617,14,0,20
617,17,0,19
617,19,0,27
617,20,0,40
617,22,0,10
617,26,0,3
617,28,0,11
617,30,0,45
617,31,0,27
617,36,0,18
617,38,0,45
617,41,0,24
617,42,0,39
617,43,0,31
617,48,0,27
617,49,0,24
617,50,0,44
617,51,0,44
617,52,0,11
617,53,0,25
617,54,0,22
617,55,0,27
617,59,0,47
617,62,0,39
617,64,0,15
617,65,0,30
617,72,0,6
617,73,0,28
617,74,0,3
617,75,0,9
617,76,0,31
617,79,0,49
617,80,0,2
617,81,0,4
617,82,0,2
617,84,0,23
617,86,0,18
617,87,0,47
617,88,0,38
617,89,0,11
617,91,0,4
617,92,0,34
617,93,0,16
617,94,0,31
617,97,0,47
617,99,0,3
617,61,0,49
617,5,0,44
617,66,0,42
617,11,0,32
617,32,0,28
617,1,0,10
618,4,0,25
618,7,0,22
618,8,0,3
618,12,0,26
618,14,0,20
618,17,0,19
618,19,0,27
618,20,0,40
618,22,0,10
618,26,0,3
618,28,0,11
618,30,0,45
618,31,0,27
618,36,0,18
618,38,0,45
618,41,0,24
618,42,0,39
618,43,0,31
618,48,0,27
618,49,0,24
618,50,0,44
618,51,0,44
618,52,0,11
618,53,0,25
618,54,0,22
618,55,0,27
618,59,0,47
618,62,0,39
618,64,0,15
618,65,0,30
618,72,0,6
618,73,0,28
618,74,0,3
618,75,0,9
618,76,0,31
618,79,0,49
618,80,0,2
618,81,0,4
618,82,0,2
618,84,0,23
618,86,0,18
618,87,0,47
618,88,0,38
618,89,0,11
618,91,0,4
618,92,0,34
618,93,0,16
618,94,0,31
618,97,0,47
618,99,0,3
618,61,0,49
618,5,0,44
618,66,0,42
618,11,0,32
618,32,0,28
618,1,0,10
619,4,0,25
619,7,0,22
619,8,0,3
619,12,0,26
619,14,0,20
619,17,0,19
619,19,0,27
619,20,0,40
619,22,0,10
619,26,0,3
619,28,0,11
619,30,0,45
619,31,0,27
619,36,0,18
619,38,0,45
619,41,0,24
619,42,0,39
619,43,0,31
619,48,0,27
619,49,0,24
619,50,0,44
619,51,0,44
619,52,0,11
619,53,0,25
619,54,0,22
619,55,0,27
619,59,0,47
619,62,0,39
619,64,0,15
619,65,0,30
619,72,0,6
619,73,0,28
619,74,0,3
619,75,0,9
619,76,0,31
619,79,0,49
619,80,0,2
619,81,0,4
619,82,0,2
619,84,0,23
619,86,0,18
619,87,0,47
619,88,0,38
619,89,0,11
619,91,0,4
619,92,0,34
619,93,0,16
619,94,0,31
619,97,0,47
619,99,0,3
619,61,0,49
619,5,0,44
619,66,0,42
619,11,0,32
619,32,0,28
619,1,0,10
620,4,0,25
620,7,0,22
620,8,0,3
620,12,0,26
620,14,0,20
620,17,0,19
620,19,0,27
620,20,0,40
620,22,0,10
620,26,0,3
620,28,0,11
620,30,0,45
620,31,0,27
620,36,0,18
620,38,0,45
620,41,0,24
620,42,0,39
620,43,0,31
620,48,0,27
620,49,0,24
620,50,0,44
620,51,0,44
620,52,0,11
620,53,0,25
620,54,0,22
620,55,0,27
620,59,0,47
620,62,0,39
620,64,0,15
620,65,0,30
620,72,0,6
620,73,0,28
620,74,0,3
620,75,0,9
620,76,0,31
620,79,0,49
620,80,0,2
620,81,0,4
620,82,0,2
620,84,0,23
620,86,0,18
620,87,0,47
620,88,0,38
620,89,0,11
620,91,0,4
620,92,0,34
620,93,0,16
620,94,0,31
620,97,0,47
620,99,0,3
620,61,0,49
620,5,0,44
620,66,0,42
620,11,0,32
620,32,0,28
620,1,0,10
621,4,0,25
621,7,0,22
621,8,0,3
621,12,0,26
621,14,0,20
621,17,0,19
621,19,0,27
621,20,0,40
621,22,0,10
621,26,0,3
621,28,0,11
621,30,0,45
621,31,0,27
621,36,0,18
621,38,0,45
621,41,0,24
621,42,0,39
621,43,0,31
621,48,0,27
621,49,0,24
621,50,0,44
621,51,0,44
621,52,0,11
621,53,0,25
621,54,0,22
621,55,0,27
621,59,0,47
621,62,0,39
621,64,0,15
621,65,0,30
621,72,0,6
621,73,0,28
621,74,0,3
621,75,0,9
621,76,0,31
621,79,0,49
621,80,0,2
621,81,0,4
621,82,0,2
621,84,0,23
621,86,0,18
621,87,0,47
621,88,0,38
621,89,0,11
621,91,0,4
621,92,0,34
621,93,0,16
621,94,0,31
621,97,0,47
621,99,0,3
621,61,0,49
621,5,0,44
621,66,0,42
621,11,0,32
621,32,0,28
621,1,0,10
622,4,0,25
622,7,0,22
622,8,0,3
622,12,0,26
622,14,0,20
622,17,0,19
622,19,0,27
622,20,0,40
622,22,0,10
622,26,0,3
622,28,0,11
622,30,0,45
622,31,0,27
622,36,0,18
622,38,0,45
622,41,0,24
622,42,0,39
622,43,0,31
622,48,0,27
622,49,0,24
622,50,0,44
622,51,0,44
622,52,0,11
622,53,0,25
622,54,0,22
622,55,0,27
622,59,0,47
622,62,0,39
622,64,0,15
622,65,0,30
622,72,0,6
622,73,0,28
622,74,0,3
622,75,0,9
622,76,0,31
622,79,0,49
622,80,0,2
622,81,0,4
622,82,0,2
622,84,0,23
622,86,0,18
622,87,0,47
622,88,0,38
622,89,0,11
622,91,0,4
622,92,0,34
622,93,0,16
622,94,0,31
622,97,0,47
622,99,0,3
622,61,0,49
622,5,0,44
622,66,0,42
622,11,0,32
622,32,0,28
622,1,0,10
623,4,0,25
623,7,0,22
623,8,0,3
623,12,0,26
623,14,0,20
623,17,0,19
623,19,0,27
623,20,0,40
623,22,0,10
623,26,0,3
623,28,0,11
623,30,0,45
623,31,0,27
623,36,0,18
623,38,0,45
623,41,0,24
623,42,0,39
623,43,0,31
623,48,0,27
623,49,0,24
623,50,0,44
623,51,0,44
623,52,0,11
623,53,0,25
623,54,0,22
623,55,0,27
623,59,0,47
623,62,0,39
623,64,0,15
623,65,0,30
623,72,0,6
623,73,0,28
623,74,0,3
623,75,0,9
623,76,0,31
623,79,0,49
623,80,0,2
623,81,0,4
623,82,0,2
623,84,0,23
623,86,0,18
623,87,0,47
623,88,0,38
623,89,0,11
623,91,0,4
623,92,0,34
623,93,0,16
623,94,0,31
623,97,0,47
623,99,0,3
623,61,0,49
623,5,0,44
623,66,0,42
623,11,0,32
623,32,0,28
623,1,0,10
624,4,0,25
624,7,0,22
624,8,0,3
624,12,0,26
624,14,0,20
624,17,0,19
624,19,0,27
624,20,0,40
624,22,0,10
624,26,0,3
624,28,0,11
624,30,0,45
624,31,0,27
624,36,0,18
624,38,0,45
624,41,0,24
624,42,0,39
624,43,0,31
624,48,0,27
624,49,0,24
624,50,0,44
624,51,0,44
624,52,0,11
624,53,0,25
624,54,0,22
624,55,0,27
624,59,0,47
624,62,0,39
624,64,0,15
624,65,0,30
624,72,0,6
624,73,0,28
624,74,0,3
624,75,0,9
624,76,0,31
624,79,0,49
624,80,0,2
624,81,0,4
624,82,0,2
624,84,0,23
624,86,0,18
624,87,0,47
624,88,0,38
624,89,0,11
624,91,0,4
624,92,0,34
624,93,0,16
624,94,0,31
624,97,0,47
624,99,0,3
624,61,0,49
624,5,0,44
624,66,0,42
624,11,0,32
624,32,0,28
624,1,0,10
625,4,0,25
625,7,0,22
625,8,0,3
625,12,0,26
625,14,0,20
625,17,0,19
625,19,0,27
625,20,0,40
625,22,0,10
625,26,0,3
625,28,0,11
625,30,0,45
625,31,0,27
625,36,0,18
625,38,0,45
625,41,0,24
625,42,0,39
625,43,0,31
625,48,0,27
625,49,0,24
625,50,0,44
625,51,0,44
625,52,0,11
625,53,0,25
625,54,0,22
625,55,0,27
625,59,0,47
625,62,0,39
625,64,0,15
625,65,0,30
625,72,0,6
625,73,0,28
625,74,0,3
625,75,0,9
625,76,0,31
625,79,0,49
625,80,0,2
625,81,0,4
625,82,0,2
625,84,0,23
625,86,0,18
625,87,0,47
625,88,0,38
625,89,0,11
625,91,0,4
625,92,0,34
625,93,0,16
625,94,0,31
625,97,0,47
625,99,0,3
625,61,0,49
625,5,0,44
625,66,0,42
625,11,0,32
625,32,0,28
625,1,0,10
626,4,0,25
626,7,0,22
626,8,0,3
626,12,0,26
626,14,0,20
626,17,0,19
626,19,0,27
626,20,0,40
626,22,0,10
626,26,0,3
626,28,0,11
626,30,0,45
626,31,0,27
626,36,0,18
626,38,0,45
626,41,0,24
626,42,0,39
626,43,0,31
626,48,0,27
626,49,0,24
626,50,0,44
626,51,0,44
626,52,0,11
626,53,0,25
626,54,0,22
626,55,0,27
626,59,0,47
626,62,0,39
626,64,0,15
626,65,0,30
626,72,0,6
626,73,0,28
626,74,0,3
626,75,0,9
626,76,0,31
626,79,0,49
626,80,0,2
626,81,0,4
626,82,0,2
626,84,0,23
626,86,0,18
626,87,0,47
626,88,0,38
626,89,0,11
626,91,0,4
626,92,0,34
626,93,0,16
626,94,0,31
626,97,0,47
626,99,0,3
626,61,0,49
626,5,0,44
626,66,0,42
626,11,0,32
626,32,0,28
626,1,0,10
627,4,0,25
627,7,0,22
627,8,0,3
627,12,0,26
627,14,0,20
627,17,0,19
627,19,0,27
627,20,0,40
627,22,0,10
627,26,0,3
627,28,0,11
627,30,0,45
627,31,0,27
627,36,0,18
627,38,0,45
627,41,0,24
627,42,0,39
627,43,0,31
627,48,0,27
627,49,0,24
627,50,0,44
627,51,0,44
627,52,0,11
627,53,0,25
627,54,0,22
627,55,0,27
627,59,0,47
627,62,0,39
627,64,0,15
627,65,0,30
627,72,0,6
627,73,0,28
627,74,0,3
627,75,0,9
627,76,0,31
627,79,0,49
627,80,0,2
627,81,0,4
627,82,0,2
627,84,0,23
627,86,0,18
627,87,0,47
627,88,0,38
627,89,0,11
627,91,0,4
627,92,0,34
627,93,0,16
627,94,0,31
627,97,0,47
627,99,0,3
627,61,0,49
627,5,0,44
627,66,0,42
627,11,0,32
627,32,0,28
627,1,0,10
628,4,0,25
628,7,0,22
628,8,0,3
628,12,0,26
628,14,0,20
628,17,0,19
628,19,0,27
628,20,0,40
628,22,0,10
628,26,0,3
628,28,0,11
628,30,0,45
628,31,0,27
628,36,0,18
628,38,0,45
628,41,0,24
628,42,0,39
628,43,0,31
628,48,0,27
628,49,0,24
628,50,0,44
628,51,0,44
628,52,0,11
628,53,0,25
628,54,0,22
628,55,0,27
628,59,0,47
628,62,0,39
628,64,0,15
628,65,0,30
628,72,0,6
628,73,0,28
628,74,0,3
628,75,0,9
628,76,0,31
628,79,0,49
628,80,0,2
628,81,0,4
628,82,0,2
628,84,0,23
628,86,0,18
628,87,0,47
628,88,0,38
628,89,0,11
628,91,0,4
628,92,0,34
628,93,0,16
628,94,0,31
628,97,0,47
628,99,0,3
628,61,0,49
628,5,0,44
628,66,0,42
628,11,0,32
628,32,0,28
628,1,0,10
629,4,0,25
629,7,0,22
629,8,0,3
629,12,0,26
629,14,0,20
629,17,0,19
629,19,0,27
629,20,0,40
629,22,0,10
629,26,0,3
629,28,0,11
629,30,0,45
629,31,0,27
629,36,0,18
629,38,0,45
629,41,0,24
629,42,0,39
629,43,0,31
629,48,0,27
629,49,0,24
629,50,0,44
629,51,0,44
629,52,0,11
629,53,0,25
629,54,0,22
629,55,0,27
629,59,0,47
629,62,0,39
629,64,0,15
629,65,0,30
629,72,0,6
629,73,0,28
629,74,0,3
629,75,0,9
629,76,0,31
629,79,0,49
629,80,0,2
629,81,0,4
629,82,0,2
629,84,0,23
629,86,0,18
629,87,0,47
629,88,0,38
629,89,0,11
629,91,0,4
629,92,0,34
629,93,0,16
629,94,0,31
629,97,0,47
629,99,0,3
629,61,0,49
629,5,0,44
629,66,0,42
629,11,0,32
629,32,0,28
629,1,0,10
630,4,0,25
630,7,0,22
630,8,0,3
630,12,0,26
630,14,0,20
630,17,0,19
630,19,0,27
630,20,0,40
630,22,0,10
630,26,0,3
630,28,0,11
630,30,0,45
630,31,0,27
630,36,0,18
630,38,0,45
630,41,0,24
630,42,0,39
630,43,0,31
630,48,0,27
630,49,0,24
630,50,0,44
630,51,0,44
630,52,0,11
630,53,0,25
630,54,0,22
630,55,0,27
630,59,0,47
630,62,0,39
630,64,0,15
630,65,0,30
630,72,0,6
630,73,0,28
630,74,0,3
630,75,0,9
630,76,0,31
630,79,0,49
630,80,0,2
630,81,0,4
630,82,0,2
630,84,0,23
630,86,0,18
630,87,0,47
630,88,0,38
630,89,0,11
630,91,0,4
630,92,0,34
630,93,0,16
630,94,0,31
630,97,0,47
630,99,0,3
630,61,0,49
630,5,0,44
630,66,0,42
630,11,0,32
630,32,0,28
630,1,0,10
631,4,0,25
631,7,0,22
631,8,0,3
631,12,0,26
631,14,0,20
631,17,0,19
631,19,0,27
631,20,0,40
631,22,0,10
631,26,0,3
631,28,0,11
631,30,0,45
631,31,0,27
631,36,0,18
631,38,0,45
631,41,0,24
631,42,0,39
631,43,0,31
631,48,0,27
631,49,0,24
631,50,0,44
631,51,0,44
631,52,0,11
631,53,0,25
631,54,0,22
631,55,0,27
631,59,0,47
631,62,0,39
631,64,0,15
631,65,0,30
631,72,0,6
631,73,0,28
631,74,0,3
631,75,0,9
631,76,0,31
631,79,0,49
631,80,0,2
631,81,0,4
631,82,0,2
631,84,0,23
631,86,0,18
631,87,0,47
631,88,0,38
631,89,0,11
631,91,0,4
631,92,0,34
631,93,0,16
631,94,0,31
631,97,0,47
631,99,0,3
631,61,0,49
631,5,0,44
631,66,0,42
631,11,0,32
631,32,0,28
631,1,0,10
632,4,0,25
632,7,0,22
632,8,0,3
632,12,0,26
632,14,0,20
632,17,0,19
632,19,0,27
632,20,0,40
632,22,0,10
632,26,0,3
632,28,0,11
632,30,0,45
632,31,0,27
632,36,0,18
632,38,0,45
632,41,0,24
632,42,0,39
632,43,0,31
632,48,0,27
632,49,0,24
632,50,0,44
632,51,0,44
632,52,0,11
632,53,0,25
632,54,0,22
632,55,0,27
632,59,0,47
632,62,0,39
632,64,0,15
632,65,0,30
632,72,0,6
632,73,0,28
632,74,0,3
632,75,0,9
632,76,0,31
632,79,0,49
632,80,0,2
632,81,0,4
632,82,0,2
632,84,0,23
632,86,0,18
632,87,0,47
632,88,0,38
632,89,0,11
632,91,0,4
632,92,0,34
632,93,0,16
632,94,0,31
632,97,0,47
632,99,0,3
632,61,0,49
632,5,0,44
632,66,0,42
632,11,0,32
632,32,0,28
632,1,0,10
633,4,0,25
633,7,0,22
633,8,0,3
633,12,0,26
633,14,0,20
633,17,0,19
633,19,0,27
633,20,0,40
633,22,0,10
633,26,0,3
633,28,0,11
633,30,0,45
633,31,0,27
633,36,0,18
633,38,0,45
633,41,0,24
633,42,0,39
633,43,0,31
633,48,0,27
633,49,0,24
633,50,0,44
633,51,0,44
633,52,0,11
633,53,0,25
633,54,0,22
633,55,0,27
633,59,0,47
633,62,0,39
633,64,0,15
633,65,0,30
633,72,0,6
633,73,0,28
633,74,0,3
633,75,0,9
633,76,0,31
633,79,0,49
633,80,0,2
633,81,0,4
633,82,0,2
633,84,0,23
633,86,0,18
633,87,0,47
633,88,0,38
633,89,0,11
633,91,0,4
633,92,0,34
633,93,0,16
633,94,0,31
633,97,0,47
633,99,0,3
633,61,0,49
633,5,0,44
633,66,0,42
633,11,0,32
633,32,0,28
633,1,0,10
634,4,0,25
634,7,0,22
634,8,0,3
634,12,0,26
634,14,0,20
634,17,0,19
634,19,0,27
634,20,0,40
634,22,0,10
634,26,0,3
634,28,0,11
634,30,0,45
634,31,0,27
634,36,0,18
634,38,0,45
634,41,0,24
634,42,0,39
634,43,0,31
634,48,0,27
634,49,0,24
634,50,0,44
634,51,0,44
634,52,0,11
634,53,0,25
634,54,0,22
634,55,0,27
634,59,0,47
634,62,0,39
634,64,0,15
634,65,0,30
634,72,0,6
634,73,0,28
634,74,0,3
634,75,0,9
634,76,0,31
634,79,0,49
634,80,0,2
634,81,0,4
634,82,0,2
634,84,0,23
634,86,0,18
634,87,0,47
634,88,0,38
634,89,0,11
634,91,0,4
634,92,0,34
634,93,0,16
634,94,0,31
634,97,0,47
634,99,0,3
634,61,0,49
634,5,0,44
634,66,0,42
634,11,0,32
634,32,0,28
634,1,0,10
635,4,0,25
635,7,0,22
635,8,0,3
635,12,0,26
635,14,0,20
635,17,0,19
635,19,0,27
635,20,0,40
635,22,0,10
635,26,0,3
635,28,0,11
635,30,0,45
635,31,0,27
635,36,0,18
635,38,0,45
635,41,0,24
635,42,0,39
635,43,0,31
635,48,0,27
635,49,0,24
635,50,0,44
635,51,0,44
635,52,0,11
635,53,0,25
635,54,0,22
635,55,0,27
635,59,0,47
635,62,0,39
635,64,0,15
635,65,0,30
635,72,0,6
635,73,0,28
635,74,0,3
635,75,0,9
635,76,0,31
635,79,0,49
635,80,0,2
635,81,0,4
635,82,0,2
635,84,0,23
635,86,0,18
635,87,0,47
635,88,0,38
635,89,0,11
635,91,0,4
635,92,0,34
635,93,0,16
635,94,0,31
635,97,0,47
635,99,0,3
635,61,0,49
635,5,0,44
635,66,0,42
635,11,0,32
635,32,0,28
635,1,0,10
636,4,0,25
636,7,0,22
636,8,0,3
636,12,0,26
636,14,0,20
636,17,0,19
636,19,0,27
636,20,0,40
636,22,0,10
636,26,0,3
636,28,0,11
636,30,0,45
636,31,0,27
636,36,0,18
636,38,0,45
636,41,0,24
636,42,0,39
636,43,0,31
636,48,0,27
636,49,0,24
636,50,0,44
636,51,0,44
636,52,0,11
636,53,0,25
636,54,0,22
636,55,0,27
636,59,0,47
636,62,0,39
636,64,0,15
636,65,0,30
636,72,0,6
636,73,0,28
636,74,0,3
636,75,0,9
636,76,0,31
636,79,0,49
636,80,0,2
636,81,0,4
636,82,0,2
636,84,0,23
636,86,0,18
636,87,0,47
636,88,0,38
636,89,0,11
636,91,0,4
636,92,0,34
636,93,0,16
636,94,0,31
636,97,0,47
636,99,0,3
636,61,0,49
636,5,0,44
636,66,0,42
636,11,0,32
636,32,0,28
636,1,0,10
637,4,0,25
637,7,0,22
637,8,0,3
637,12,0,26
637,14,0,20
637,17,0,19
637,19,0,27
637,20,0,40
637,22,0,10
637,26,0,3
637,28,0,11
637,30,0,45
637,31,0,27
637,36,0,18
637,38,0,45
637,41,0,24
637,42,0,39
637,43,0,31
637,48,0,27
637,49,0,24
637,50,0,44
637,51,0,44
637,52,0,11
637,53,0,25
637,54,0,22
637,55,0,27
637,59,0,47
637,62,0,39
637,64,0,15
637,65,0,30
637,72,0,6
637,73,0,28
637,74,0,3
637,75,0,9
637,76,0,31
637,79,0,49
637,80,0,2
637,81,0,4
637,82,0,2
637,84,0,23
637,86,0,18
637,87,0,47
637,88,0,38
637,89,0,11
637,91,0,4
637,92,0,34
637,93,0,16
637,94,0,31
637,97,0,47
637,99,0,3
637,61,0,49
637,5,0,44
637,66,0,42
637,11,0,32
637,32,0,28
637,1,0,10
638,4,0,25
638,7,0,22
638,8,0,3
638,12,0,26
638,14,0,20
638,17,0,19
638,19,0,27
638,20,0,40
638,22,0,10
638,26,0,3
638,28,0,11
638,30,0,45
638,31,0,27
638,36,0,18
638,38,0,45
638,41,0,24
638,42,0,39
638,43,0,31
638,48,0,27
638,49,0,24
638,50,0,44
638,51,0,44
638,52,0,11
638,53,0,25
638,54,0,22
638,55,0,27
638,59,0,47
638,62,0,39
638,64,0,15
638,65,0,30
638,72,0,6
638,73,0,28
638,74,0,3
638,75,0,9
638,76,0,31
638,79,0,49
638,80,0,2
638,81,0,4
638,82,0,2
638,84,0,23
638,86,0,18
638,87,0,47
638,88,0,38
638,89,0,11
638,91,0,4
638,92,0,34
638,93,0,16
638,94,0,31
638,97,0,47
638,99,0,3
638,61,0,49
638,5,0,44
638,66,0,42
638,11,0,32
638,32,0,28
638,1,0,10
639,4,0,25
639,7,0,22
639,8,0,3
639,12,0,26
639,14,0,20
639,17,0,19
639,19,0,27
639,20,0,40
639,22,0,10
639,26,0,3
639,28,0,11
639,30,0,45
639,31,0,27
639,36,0,18
639,38,0,45
639,41,0,24
639,42,0,39
639,43,0,31
639,48,0,27
639,49,0,24
639,50,0,44
639,51,0,44
639,52,0,11
639,53,0,25
639,54,0,22
639,55,0,27
639,59,0,47
639,62,0,39
639,64,0,15
639,65,0,30
639,72,0,6
639,73,0,28
639,74,0,3
639,75,0,9
639,76,0,31
639,79,0,49
639,80,0,2
639,81,0,4
639,82,0,2
639,84,0,23
639,86,0,18
639,87,0,47
639,88,0,38
639,89,0,11
639,91,0,4
639,92,0,34
639,93,0,16
639,94,0,31
639,97,0,47
639,99,0,3
639,61,0,49
639,5,0,44
639,66,0,42
639,11,0,32
639,32,0,28
639,1,0,10
640,4,0,25
640,7,0,22
640,8,0,3
640,12,0,26
640,14,0,20
640,17,0,19
640,19,0,27
640,20,0,40
640,22,0,10
640,26,0,3
640,28,0,11
640,30,0,45
640,31,0,27
640,36,0,18
640,38,0,45
640,41,0,24
640,42,0,39
640,43,0,31
640,48,0,27
640,49,0,24
640,50,0,44
640,51,0,44
640,52,0,11
640,53,0,25
640,54,0,22
640,55,0,27
640,59,0,47
640,62,0,39
640,64,0,15
640,65,0,30
640,72,0,6
640,73,0,28
640,74,0,3
640,75,0,9
640,76,0,31
640,79,0,49
640,80,0,2
640,81,0,4
640,82,0,2
640,84,0,23
640,86,0,18
640,87,0,47
640,88,0,38
640,89,0,11
640,91,0,4
640,92,0,34
640,93,0,16
640,94,0,31
640,97,0,47
640,99,0,3
640,61,0,49
640,5,0,44
640,66,0,42
640,11,0,32
640,32,0,28
640,1,0,10
641,4,0,25
641,7,0,22
641,8,0,3
641,12,0,26
641,14,0,20
641,17,0,19
641,19,0,27
641,20,0,40
641,22,0,10
641,26,0,3
641,28,0,11
641,30,0,45
641,31,0,27
641,36,0,18
641,38,0,45
641,41,0,24
641,42,0,39
641,43,0,31
641,48,0,27
641,49,0,24
641,50,0,44
641,51,0,44
641,52,0,11
641,53,0,25
641,54,0,22
641,55,0,27
641,59,0,47
641,62,0,39
641,64,0,15
641,65,0,30
641,72,0,6
641,73,0,28
641,74,0,3
641,75,0,9
641,76,0,31
641,79,0,49
641,80,0,2
641,81,0,4
641,82,0,2
641,84,0,23
641,86,0,18
641,87,0,47
641,88,0,38
641,89,0,11
641,91,0,4
641,92,0,34
641,93,0,16
641,94,0,31
641,97,0,47
641,99,0,3
641,61,0,49
641,5,0,44
641,66,0,42
641,11,0,32
641,32,0,28
641,1,0,10
642,4,0,25
642,7,0,22
642,8,0,3
642,12,0,26
642,14,0,20
642,17,0,19
642,19,0,27
642,20,0,40
642,22,0,10
642,26,0,3
642,28,0,11
642,30,0,45
642,31,0,27
642,36,0,18
642,38,0,45
642,41,0,24
642,42,0,39
642,43,0,31
642,48,0,27
642,49,0,24
642,50,0,44
642,51,0,44
642,52,0,11
642,53,0,25
642,54,0,22
642,55,0,27
642,59,0,47
642,62,0,39
642,64,0,15
642,65,0,30
642,72,0,6
642,73,0,28
642,74,0,3
642,75,0,9
642,76,0,31
642,79,0,49
642,80,0,2
642,81,0,4
642,82,0,2
642,84,0,23
642,86,0,18
642,87,0,47
642,88,0,38
642,89,0,11
642,91,0,4
642,92,0,34
642,93,0,16
642,94,0,31
642,97,0,47
642,99,0,3
642,61,0,49
642,5,0,44
642,66,0,42
642,11,0,32
642,32,0,28
642,1,0,10
643,4,0,25
643,7,0,22
643,8,0,3
643,12,0,26
643,14,0,20
643,17,0,19
643,19,0,27
643,20,0,40
643,22,0,10
643,26,0,3
643,28,0,11
643,30,0,45
643,31,0,27
643,36,0,18
643,38,0,45
643,41,0,24
643,42,0,39
643,43,0,31
643,48,0,27
643,49,0,24
643,50,0,44
643,51,0,44
643,52,0,11
643,53,0,25
643,54,0,22
643,55,0,27
643,59,0,47
643,62,0,39
643,64,0,15
643,65,0,30
643,72,0,6
643,73,0,28
643,74,0,3
643,75,0,9
643,76,0,31
643,79,0,49
643,80,0,2
643,81,0,4
643,82,0,2
643,84,0,23
643,86,0,18
643,87,0,47
643,88,0,38
643,89,0,11
643,91,0,4
643,92,0,34
643,93,0,16
643,94,0,31
643,97,0,47
643,99,0,3
643,61,0,49
643,5,0,44
643,66,0,42
643,11,0,32
643,32,0,28
643,1,0,10
644,4,0,25
644,7,0,22
644,8,0,3
644,12,0,26
644,14,0,20
644,17,0,19
644,19,0,27
644,20,0,40
644,22,0,10
644,26,0,3
644,28,0,11
644,30,0,45
644,31,0,27
644,36,0,18
644,38,0,45
644,41,0,24
644,42,0,39
644,43,0,31
644,48,0,27
644,49,0,24
644,50,0,44
644,51,0,44
644,52,0,11
644,53,0,25
644,54,0,22
644,55,0,27
644,59,0,47
644,62,0,39
644,64,0,15
644,65,0,30
644,72,0,6
644,73,0,28
644,74,0,3
644,75,0,9
644,76,0,31
644,79,0,49
644,80,0,2
644,81,0,4
644,82,0,2
644,84,0,23
644,86,0,18
644,87,0,47
644,88,0,38
644,89,0,11
644,91,0,4
644,92,0,34
644,93,0,16
644,94,0,31
644,97,0,47
644,99,0,3
644,61,0,49
644,5,0,44
644,66,0,42
644,11,0,32
644,32,0,28
644,1,0,10
645,4,0,25
645,7,0,22
645,8,0,3
645,12,0,26
645,14,0,20
645,17,0,19
645,19,0,27
645,20,0,40
645,22,0,10
645,26,0,3
645,28,0,11
645,30,0,45
645,31,0,27
645,36,0,18
645,38,0,45
645,41,0,24
645,42,0,39
645,43,0,31
645,48,0,27
645,49,0,24
645,50,0,44
645,51,0,44
645,52,0,11
645,53,0,25
645,54,0,22
645,55,0,27
645,59,0,47
645,62,0,39
645,64,0,15
645,65,0,30
645,72,0,6
645,73,0,28
645,74,0,3
645,75,0,9
645,76,0,31
645,79,0,49
645,80,0,2
645,81,0,4
645,82,0,2
645,84,0,23
645,86,0,18
645,87,0,47
645,88,0,38
645,89,0,11
645,91,0,4
645,92,0,34
645,93,0,16
645,94,0,31
645,97,0,47
645,99,0,3
645,61,0,49
645,5,0,44
645,66,0,42
645,11,0,32
645,32,0,28
645,1,0,10
646,4,0,25
646,7,0,22
646,8,0,3
646,12,0,26
646,14,0,20
646,17,0,19
646,19,0,27
646,20,0,40
646,22,0,10
646,26,0,3
646,28,0,11
646,30,0,45
646,31,0,27
646,36,0,18
646,38,0,45
646,41,0,24
646,42,0,39
646,43,0,31
646,48,0,27
646,49,0,24
646,50,0,44
646,51,0,44
646,52,0,11
646,53,0,25
646,54,0,22
646,55,0,27
646,59,0,47
646,62,0,39
646,64,0,15
646,65,0,30
646,72,0,6
646,73,0,28
646,74,0,3
646,75,0,9
646,76,0,31
646,79,0,49
646,80,0,2
646,81,0,4
646,82,0,2
646,84,0,23
646,86,0,18
646,87,0,47
646,88,0,38
646,89,0,11
646,91,0,4
646,92,0,34
646,93,0,16
646,94,0,31
646,97,0,47
646,99,0,3
646,61,0,49
646,5,0,44
646,66,0,42
646,11,0,32
646,32,0,28
646,1,0,10
647,4,0,25
647,7,0,22
647,8,0,3
647,12,0,26
647,14,0,20
647,17,0,19
647,19,0,27
647,20,0,40
647,22,0,10
647,26,0,3
647,28,0,11
647,30,0,45
647,31,0,27
647,36,0,18
647,38,0,45
647,41,0,24
647,42,0,39
647,43,0,31
647,48,0,27
647,49,0,24
647,50,0,44
647,51,0,44
647,52,0,11
647,53,0,25
647,54,0,22
647,55,0,27
647,59,0,47
647,62,0,39
647,64,0,15
647,65,0,30
647,72,0,6
647,73,0,28
647,74,0,3
647,75,0,9
647,76,0,31
647,79,0,49
647,80,0,2
647,81,0,4
647,82,0,2
647,84,0,23
647,86,0,18
647,87,0,47
647,88,0,38
647,89,0,11
647,91,0,4
647,92,0,34
647,93,0,16
647,94,0,31
647,97,0,47
647,99,0,3
647,61,0,49
647,5,0,44
647,66,0,42
647,11,0,32
647,32,0,28
647,1,0,10
648,4,0,25
648,7,0,22
648,8,0,3
648,12,0,26
648,14,0,20
648,17,0,19
648,19,0,27
648,20,0,40
648,22,0,10
648,26,0,3
648,28,0,11
648,30,0,45
648,31,0,27
648,36,0,18
648,38,0,45
648,41,0,24
648,42,0,39
648,43,0,31
648,48,0,27
648,49,0,24
648,50,0,44
648,51,0,44
648,52,0,11
648,53,0,25
648,54,0,22
648,55,0,27
648,59,0,47
648,62,0,39
648,64,0,15
648,65,0,30
648,72,0,6
648,73,0,28
648,74,0,3
648,75,0,9
648,76,0,31
648,79,0,49
648,80,0,2
648,81,0,4
648,82,0,2
648,84,0,23
648,86,0,18
648,87,0,47
648,88,0,38
648,89,0,11
648,91,0,4
648,92,0,34
648,93,0,16
648,94,0,31
648,97,0,47
648,99,0,3
648,61,0,49
648,5,0,44
648,66,0,42
648,11,0,32
648,32,0,28
648,1,0,10
649,4,0,25
649,7,0,22
649,8,0,3
649,12,0,26
649,14,0,20
649,17,0,19
649,19,0,27
649,20,0,40
649,22,0,10
649,26,0,3
649,28,0,11
649,30,0,45
649,31,0,27
649,36,0,18
649,38,0,45
649,41,0,24
649,42,0,39
649,43,0,31
649,48,0,27
649,49,0,24
649,50,0,44
649,51,0,44
649,52,0,11
649,53,0,25
649,54,0,22
649,55,0,27
649,59,0,47
649,62,0,39
649,64,0,15
649,65,0,30
649,72,0,6
649,73,0,28
649,74,0,3
649,75,0,9
649,76,0,31
649,79,0,49
649,80,0,2
649,81,0,4
649,82,0,2
649,84,0,23
649,86,0,18
649,87,0,47
649,88,0,38
649,89,0,11
649,91,0,4
649,92,0,34
649,93,0,16
649,94,0,31
649,97,0,47
649,99,0,3
649,61,0,49
649,5,0,44
649,66,0,42
649,11,0,32
649,32,0,28
649,1,0,10
650,4,0,25
650,7,0,22
650,8,0,3
650,12,0,26
650,14,0,20
650,17,0,19
650,19,0,27
650,20,0,40
650,22,0,10
650,26,0,3
650,28,0,11
650,30,0,45
650,31,0,27
650,36,0,18
650,38,0,45
650,41,0,24
650,42,0,39
650,43,0,31
650,48,0,27
650,49,0,24
650,50,0,44
650,51,0,44
650,52,0,11
650,53,0,25
650,54,0,22
650,55,0,27
650,59,0,47
650,62,0,39
650,64,0,15
650,65,0,30
650,72,0,6
650,73,0,28
650,74,0,3
650,75,0,9
650,76,0,31
650,79,0,49
650,80,0,2
650,81,0,4
650,82,0,2
650,84,0,23
650,86,0,18
650,87,0,47
650,88,0,38
650,89,0,11
650,91,0,4
650,92,0,34
650,93,0,16
650,94,0,31
650,97,0,47
650,99,0,3
650,61,0,49
650,5,0,44
650,66,0,42
650,11,0,32
650,32,0,28
650,1,0,10
651,4,0,25
651,7,0,22
651,8,0,3
651,12,0,26
651,14,0,20
651,17,0,19
651,19,0,27
651,20,0,40
651,22,0,10
651,26,0,3
651,28,0,11
651,30,0,45
651,31,0,27
651,36,0,18
651,38,0,45
651,41,0,24
651,42,0,39
651,43,0,31
651,48,0,27
651,49,0,24
651,50,0,44
651,51,0,44
651,52,0,11
651,53,0,25
651,54,0,22
651,55,0,27
651,59,0,47
651,62,0,39
651,64,0,15
651,65,0,30
651,72,0,6
651,73,0,28
651,74,0,3
651,75,0,9
651,76,0,31
651,79,0,49
651,80,0,2
651,81,0,4
651,82,0,2
651,84,0,23
651,86,0,18
651,87,0,47
651,88,0,38
651,89,0,11
651,91,0,4
651,92,0,34
651,93,0,16
651,94,0,31
651,97,0,47
651,99,0,3
651,61,0,49
651,5,0,44
651,66,0,42
651,11,0,32
651,32,0,28
651,1,0,10
652,4,0,25
652,7,0,22
652,8,0,3
652,12,0,26
652,14,0,20
652,17,0,19
652,19,0,27
652,20,0,40
652,22,0,10
652,26,0,3
652,28,0,11
652,30,0,45
652,31,0,27
652,36,0,18
652,38,0,45
652,41,0,24
652,42,0,39
652,43,0,31
652,48,0,27
652,49,0,24
652,50,0,44
652,51,0,44
652,52,0,11
652,53,0,25
652,54,0,22
652,55,0,27
652,59,0,47
652,62,0,39
652,64,0,15
652,65,0,30
652,72,0,6
652,73,0,28
652,74,0,3
652,75,0,9
652,76,0,31
652,79,0,49
652,80,0,2
652,81,0,4
652,82,0,2
652,84,0,23
652,86,0,18
652,87,0,47
652,88,0,38
652,89,0,11
652,91,0,4
652,92,0,34
652,93,0,16
652,94,0,31
652,97,0,47
652,99,0,3
652,61,0,49
652,5,0,44
652,66,0,42
652,11,0,32
652,32,0,28
652,1,0,10
653,4,0,25
653,7,0,22
653,8,0,3
653,12,0,26
653,14,0,20
653,17,0,19
653,19,0,27
653,20,0,40
653,22,0,10
653,26,0,3
653,28,0,11
653,30,0,45
653,31,0,27
653,36,0,18
653,38,0,45
653,41,0,24
653,42,0,39
653,43,0,31
653,48,0,27
653,49,0,24
653,50,0,44
653,51,0,44
653,52,0,11
653,53,0,25
653,54,0,22
653,55,0,27
653,59,0,47
653,62,0,39
653,64,0,15
653,65,0,30
653,72,0,6
653,73,0,28
653,74,0,3
653,75,0,9
653,76,0,31
653,79,0,49
653,80,0,2
653,81,0,4
653,82,0,2
653,84,0,23
653,86,0,18
653,87,0,47
653,88,0,38
653,89,0,11
653,91,0,4
653,92,0,34
653,93,0,16
653,94,0,31
653,97,0,47
653,99,0,3
653,61,0,49
653,5,0,44
653,66,0,42
653,11,0,32
653,32,0,28
653,1,0,10
654,4,0,25
654,7,0,22
654,8,0,3
654,12,0,26
654,14,0,20
654,17,0,19
654,19,0,27
654,20,0,40
654,22,0,10
654,26,0,3
654,28,0,11
654,30,0,45
654,31,0,27
654,36,0,18
654,38,0,45
654,41,0,24
654,42,0,39
654,43,0,31
654,48,0,27
654,49,0,24
654,50,0,44
654,51,0,44
654,52,0,11
654,53,0,25
654,54,0,22
654,55,0,27
654,59,0,47
654,62,0,39
654,64,0,15
654,65,0,30
654,72,0,6
654,73,0,28
654,74,0,3
654,75,0,9
654,76,0,31
654,79,0,49
654,80,0,2
654,81,0,4
654,82,0,2
654,84,0,23
654,86,0,18
654,87,0,47
654,88,0,38
654,89,0,11
654,91,0,4
654,92,0,34
654,93,0,16
654,94,0,31
654,97,0,47
654,99,0,3
654,61,0,49
654,5,0,44
654,66,0,42
654,11,0,32
654,32,0,28
654,1,0,10
655,4,0,25
655,7,0,22
655,8,0,3
655,12,0,26
655,14,0,20
655,17,0,19
655,19,0,27
655,20,0,40
655,22,0,10
655,26,0,3
655,28,0,11
655,30,0,45
655,31,0,27
655,36,0,18
655,38,0,45
655,41,0,24
655,42,0,39
655,43,0,31
655,48,0,27
655,49,0,24
655,50,0,44
655,51,0,44
655,52,0,11
655,53,0,25
655,54,0,22
655,55,0,27
655,59,0,47
655,62,0,39
655,64,0,15
655,65,0,30
655,72,0,6
655,73,0,28
655,74,0,3
655,75,0,9
655,76,0,31
655,79,0,49
655,80,0,2
655,81,0,4
655,82,0,2
655,84,0,23
655,86,0,18
655,87,0,47
655,88,0,38
655,89,0,11
655,91,0,4
655,92,0,34
655,93,0,16
655,94,0,31
655,97,0,47
655,99,0,3
655,61,0,49
655,5,0,44
655,66,0,42
655,11,0,32
655,32,0,28
655,1,0,10
656,4,0,25
656,7,0,22
656,8,0,3
656,12,0,26
656,14,0,20
656,17,0,19
656,19,0,27
656,20,0,40
656,22,0,10
656,26,0,3
656,28,0,11
656,30,0,45
656,31,0,27
656,36,0,18
656,38,0,45
656,41,0,24
656,42,0,39
656,43,0,31
656,48,0,27
656,49,0,24
656,50,0,44
656,51,0,44
656,52,0,11
656,53,0,25
656,54,0,22
656,55,0,27
656,59,0,47
656,62,0,39
656,64,0,15
656,65,0,30
656,72,0,6
656,73,0,28
656,74,0,3
656,75,0,9
656,76,0,31
656,79,0,49
656,80,0,2
656,81,0,4
656,82,0,2
656,84,0,23
656,86,0,18
656,87,0,47
656,88,0,38
656,89,0,11
656,91,0,4
656,92,0,34
656,93,0,16
656,94,0,31
656,97,0,47
656,99,0,3
656,61,0,49
656,5,0,44
656,66,0,42
656,11,0,32
656,32,0,28
656,1,0,10
657,4,0,25
657,7,0,22
657,8,0,3
657,12,0,26
657,14,0,20
657,17,0,19
657,19,0,27
657,20,0,40
657,22,0,10
657,26,0,3
657,28,0,11
657,30,0,45
657,31,0,27
657,36,0,18
657,38,0,45
657,41,0,24
657,42,0,39
657,43,0,31
657,48,0,27
657,49,0,24
657,50,0,44
657,51,0,44
657,52,0,11
657,53,0,25
657,54,0,22
657,55,0,27
657,59,0,47
657,62,0,39
657,64,0,15
657,65,0,30
657,72,0,6
657,73,0,28
657,74,0,3
657,75,0,9
657,76,0,31
657,79,0,49
657,80,0,2
657,81,0,4
657,82,0,2
657,84,0,23
657,86,0,18
657,87,0,47
657,88,0,38
657,89,0,11
657,91,0,4
657,92,0,34
657,93,0,16
657,94,0,31
657,97,0,47
657,99,0,3
657,61,0,49
657,5,0,44
657,66,0,42
657,11,0,32
657,32,0,28
657,1,0,10
658,4,0,25
658,7,0,22
658,8,0,3
658,12,0,26
658,14,0,20
658,17,0,19
658,19,0,27
658,20,0,40
658,22,0,10
658,26,0,3
658,28,0,11
658,30,0,45
658,31,0,27
658,36,0,18
658,38,0,45
658,41,0,24
658,42,0,39
658,43,0,31
658,48,0,27
658,49,0,24
658,50,0,44
658,51,0,44
658,52,0,11
658,53,0,25
658,54,0,22
658,55,0,27
658,59,0,47
658,62,0,39
658,64,0,15
658,65,0,30
658,72,0,6
658,73,0,28
658,74,0,3
658,75,0,9
658,76,0,31
658,79,0,49
658,80,0,2
658,81,0,4
658,82,0,2
658,84,0,23
658,86,0,18
658,87,0,47
658,88,0,38
658,89,0,11
658,91,0,4
658,92,0,34
658,93,0,16
658,94,0,31
658,97,0,47
658,99,0,3
658,61,0,49
658,5,0,44
658,66,0,42
658,11,0,32
658,32,0,28
658,1,0,10
659,4,0,25
659,7,0,22
659,8,0,3
659,12,0,26
659,14,0,20
659,17,0,19
659,19,0,27
659,20,0,40
659,22,0,10
659,26,0,3
659,28,0,11
659,30,0,45
659,31,0,27
659,36,0,18
659,38,0,45
659,41,0,24
659,42,0,39
659,43,0,31
659,48,0,27
659,49,0,24
659,50,0,44
659,51,0,44
659,52,0,11
659,53,0,25
659,54,0,22
659,55,0,27
659,59,0,47
659,62,0,39
659,64,0,15
659,65,0,30
659,72,0,6
659,73,0,28
659,74,0,3
659,75,0,9
659,76,0,31
659,79,0,49
659,80,0,2
659,81,0,4
659,82,0,2
659,84,0,23
659,86,0,18
659,87,0,47
659,88,0,38
659,89,0,11
659,91,0,4
659,92,0,34
659,93,0,16
659,94,0,31
659,97,0,47
659,99,0,3
659,61,0,49
659,5,0,44
659,66,0,42
659,11,0,32
659,32,0,28
659,1,0,10
660,4,0,25
660,7,0,22
660,8,0,3
660,12,0,26
660,14,0,20
660,17,0,19
660,19,0,27
660,20,0,40
660,22,0,10
660,26,0,3
660,28,0,11
660,30,0,45
660,31,0,27
660,36,0,18
660,38,0,45
660,41,0,24
660,42,0,39
660,43,0,31
660,48,0,27
660,49,0,24
660,50,0,44
660,51,0,44
660,52,0,11
660,53,0,25
660,54,0,22
660,55,0,27
660,59,0,47
660,62,0,39
660,64,0,15
660,65,0,30
660,72,0,6
660,73,0,28
660,74,0,3
660,75,0,9
660,76,0,31
660,79,0,49
660,80,0,2
660,81,0,4
660,82,0,2
660,84,0,23
660,86,0,18
660,87,0,47
660,88,0,38
660,89,0,11
660,91,0,4
660,92,0,34
660,93,0,16
660,94,0,31
660,97,0,47
660,99,0,3
660,61,0,49
660,5,0,44
660,66,0,42
660,11,0,32
660,32,0,28
660,1,0,10
661,4,0,25
661,7,0,22
661,8,0,3
661,12,0,26
661,14,0,20
661,17,0,19
661,19,0,27
661,20,0,40
661,22,0,10
661,26,0,3
661,28,0,11
661,30,0,45
661,31,0,27
661,36,0,18
661,38,0,45
661,41,0,24
661,42,0,39
661,43,0,31
661,48,0,27
661,49,0,24
661,50,0,44
661,51,0,44
661,52,0,11
661,53,0,25
661,54,0,22
661,55,0,27
661,59,0,47
661,62,0,39
661,64,0,15
661,65,0,30
661,72,0,6
661,73,0,28
661,74,0,3
661,75,0,9
661,76,0,31
661,79,0,49
661,80,0,2
661,81,0,4
661,82,0,2
661,84,0,23
661,86,0,18
661,87,0,47
661,88,0,38
661,89,0,11
661,91,0,4
661,92,0,34
661,93,0,16
661,94,0,31
661,97,0,47
661,99,0,3
661,61,0,49
661,5,0,44
661,66,0,42
661,11,0,32
661,32,0,28
661,1,0,10
662,4,0,25
662,7,0,22
662,8,0,3
662,12,0,26
662,14,0,20
662,17,0,19
662,19,0,27
662,20,0,40
662,22,0,10
662,26,0,3
662,28,0,11
662,30,0,45
662,31,0,27
662,36,0,18
662,38,0,45
662,41,0,24
662,42,0,39
662,43,0,31
662,48,0,27
662,49,0,24
662,50,0,44
662,51,0,44
662,52,0,11
662,53,0,25
662,54,0,22
662,55,0,27
662,59,0,47
662,62,0,39
662,64,0,15
662,65,0,30
662,72,0,6
662,73,0,28
662,74,0,3
662,75,0,9
662,76,0,31
662,79,0,49
662,80,0,2
662,81,0,4
662,82,0,2
662,84,0,23
662,86,0,18
662,87,0,47
662,88,0,38
662,89,0,11
662,91,0,4
662,92,0,34
662,93,0,16
662,94,0,31
662,97,0,47
662,99,0,3
662,61,0,49
662,5,0,44
662,66,0,42
662,11,0,32
662,32,0,28
662,1,0,10
663,4,0,25
663,7,0,22
663,8,0,3
663,12,0,26
663,14,0,20
663,17,0,19
663,19,0,27
663,20,0,40
663,22,0,10
663,26,0,3
663,28,0,11
663,30,0,45
663,31,0,27
663,36,0,18
663,38,0,45
663,41,0,24
663,42,0,39
663,43,0,31
663,48,0,27
663,49,0,24
663,50,0,44
663,51,0,44
663,52,0,11
663,53,0,25
663,54,0,22
663,55,0,27
663,59,0,47
663,62,0,39
663,64,0,15
663,65,0,30
663,72,0,6
663,73,0,28
663,74,0,3
663,75,0,9
663,76,0,31
663,79,0,49
663,80,0,2
663,81,0,4
663,82,0,2
663,84,0,23
663,86,0,18
663,87,0,47
663,88,0,38
663,89,0,11
663,91,0,4
663,92,0,34
663,93,0,16
663,94,0,31
663,97,0,47
663,99,0,3
663,61,0,49
663,5,0,44
663,66,0,42
663,11,0,32
663,32,0,28
663,1,0,10
664,4,0,25
664,7,0,22
664,8,0,3
664,12,0,26
664,14,0,20
664,17,0,19
664,19,0,27
664,20,0,40
664,22,0,10
664,26,0,3
664,28,0,11
664,30,0,45
664,31,0,27
664,36,0,18
664,38,0,45
664,41,0,24
664,42,0,39
664,43,0,31
664,48,0,27
664,49,0,24
664,50,0,44
664,51,0,44
664,52,0,11
664,53,0,25
664,54,0,22
664,55,0,27
664,59,0,47
664,62,0,39
664,64,0,15
664,65,0,30
664,72,0,6
664,73,0,28
664,74,0,3
664,75,0,9
664,76,0,31
664,79,0,49
664,80,0,2
664,81,0,4
664,82,0,2
664,84,0,23
664,86,0,18
664,87,0,47
664,88,0,38
664,89,0,11
664,91,0,4
664,92,0,34
664,93,0,16
664,94,0,31
664,97,0,47
664,99,0,3
664,61,0,49
664,5,0,44
664,66,0,42
664,11,0,32
664,32,0,28
664,1,0,10
665,4,0,25
665,7,0,22
665,8,0,3
665,12,0,26
665,14,0,20
665,17,0,19
665,19,0,27
665,20,0,40
665,22,0,10
665,26,0,3
665,28,0,11
665,30,0,45
665,31,0,27
665,36,0,18
665,38,0,45
665,41,0,24
665,42,0,39
665,43,0,31
665,48,0,27
665,49,0,24
665,50,0,44
665,51,0,44
665,52,0,11
665,53,0,25
665,54,0,22
665,55,0,27
665,59,0,47
665,62,0,39
665,64,0,15
665,65,0,30
665,72,0,6
665,73,0,28
665,74,0,3
665,75,0,9
665,76,0,31
665,79,0,49
665,80,0,2
665,81,0,4
665,82,0,2
665,84,0,23
665,86,0,18
665,87,0,47
665,88,0,38
665,89,0,11
665,91,0,4
665,92,0,34
665,93,0,16
665,94,0,31
665,97,0,47
665,99,0,3
665,61,0,49
665,5,0,44
665,66,0,42
665,11,0,32
665,32,0,28
665,1,0,10
666,4,0,25
666,7,0,22
666,8,0,3
666,12,0,26
666,14,0,20
666,17,0,19
666,19,0,27
666,20,0,40
666,22,0,10
666,26,0,3
666,28,0,11
666,30,0,45
666,31,0,27
666,36,0,18
666,38,0,45
666,41,0,24
666,42,0,39
666,43,0,31
666,48,0,27
666,49,0,24
666,50,0,44
666,51,0,44
666,52,0,11
666,53,0,25
666,54,0,22
666,55,0,27
666,59,0,47
666,62,0,39
666,64,0,15
666,65,0,30
666,72,0,6
666,73,0,28
666,74,0,3
666,75,0,9
666,76,0,31
666,79,0,49
666,80,0,2
666,81,0,4
666,82,0,2
666,84,0,23
666,86,0,18
666,87,0,47
666,88,0,38
666,89,0,11
666,91,0,4
666,92,0,34
666,93,0,16
666,94,0,31
666,97,0,47
666,99,0,3
666,61,0,49
666,5,0,44
666,66,0,42
666,11,0,32
666,32,0,28
666,1,0,10
667,4,0,25
667,7,0,22
667,8,0,3
667,12,0,26
667,14,0,20
667,17,0,19
667,19,0,27
667,20,0,40
667,22,0,10
667,26,0,3
667,28,0,11
667,30,0,45
667,31,0,27
667,36,0,18
667,38,0,45
667,41,0,24
667,42,0,39
667,43,0,31
667,48,0,27
667,49,0,24
667,50,0,44
667,51,0,44
667,52,0,11
667,53,0,25
667,54,0,22
667,55,0,27
667,59,0,47
667,62,0,39
667,64,0,15
667,65,0,30
667,72,0,6
667,73,0,28
667,74,0,3
667,75,0,9
667,76,0,31
667,79,0,49
667,80,0,2
667,81,0,4
667,82,0,2
667,84,0,23
667,86,0,18
667,87,0,47
667,88,0,38
667,89,0,11
667,91,0,4
667,92,0,34
667,93,0,16
667,94,0,31
667,97,0,47
667,99,0,3
667,61,0,49
667,5,0,44
667,66,0,42
667,11,0,32
667,32,0,28
667,1,0,10
668,4,0,25
668,7,0,22
668,8,0,3
668,12,0,26
668,14,0,20
668,17,0,19
668,19,0,27
668,20,0,40
668,22,0,10
668,26,0,3
668,28,0,11
668,30,0,45
668,31,0,27
668,36,0,18
668,38,0,45
668,41,0,24
668,42,0,39
668,43,0,31
668,48,0,27
668,49,0,24
668,50,0,44
668,51,0,44
668,52,0,11
668,53,0,25
668,54,0,22
668,55,0,27
668,59,0,47
668,62,0,39
668,64,0,15
668,65,0,30
668,72,0,6
668,73,0,28
668,74,0,3
668,75,0,9
668,76,0,31
668,79,0,49
668,80,0,2
668,81,0,4
668,82,0,2
668,84,0,23
668,86,0,18
668,87,0,47
668,88,0,38
668,89,0,11
668,91,0,4
668,92,0,34
668,93,0,16
668,94,0,31
668,97,0,47
668,99,0,3
668,61,0,49
668,5,0,44
668,66,0,42
668,11,0,32
668,32,0,28
668,1,0,10
669,4,0,25
669,7,0,22
669,8,0,3
669,12,0,26
669,14,0,20
669,17,0,19
669,19,0,27
669,20,0,40
669,22,0,10
669,26,0,3
669,28,0,11
669,30,0,45
669,31,0,27
669,36,0,18
669,38,0,45
669,41,0,24
669,42,0,39
669,43,0,31
669,48,0,27
669,49,0,24
669,50,0,44
669,51,0,44
669,52,0,11
669,53,0,25
669,54,0,22
669,55,0,27
669,59,0,47
669,62,0,39
669,64,0,15
669,65,0,30
669,72,0,6
669,73,0,28
669,74,0,3
669,75,0,9
669,76,0,31
669,79,0,49
669,80,0,2
669,81,0,4
669,82,0,2
669,84,0,23
669,86,0,18
669,87,0,47
669,88,0,38
669,89,0,11
669,91,0,4
669,92,0,34
669,93,0,16
669,94,0,31
669,97,0,47
669,99,0,3
669,61,0,49
669,5,0,44
669,66,0,42
669,11,0,32
669,32,0,28
669,1,0,10
670,4,0,25
670,7,0,22
670,8,0,3
670,12,0,26
670,14,0,20
670,17,0,19
670,19,0,27
670,20,0,40
670,22,0,10
670,26,0,3
670,28,0,11
670,30,0,45
670,31,0,27
670,36,0,18
670,38,0,45
670,41,0,24
670,42,0,39
670,43,0,31
670,48,0,27
670,49,0,24
670,50,0,44
670,51,0,44
670,52,0,11
670,53,0,25
670,54,0,22
670,55,0,27
670,59,0,47
670,62,0,39
670,64,0,15
670,65,0,30
670,72,0,6
670,73,0,28
670,74,0,3
670,75,0,9
670,76,0,31
670,79,0,49
670,80,0,2
670,81,0,4
670,82,0,2
670,84,0,23
670,86,0,18
670,87,0,47
670,88,0,38
670,89,0,11
670,91,0,4
670,92,0,34
670,93,0,16
670,94,0,31
670,97,0,47
670,99,0,3
670,61,0,49
670,5,0,44
670,66,0,42
670,11,0,32
670,32,0,28
670,1,0,10
671,4,0,25
671,7,0,22
671,8,0,3
671,12,0,26
671,14,0,20
671,17,0,19
671,19,0,27
671,20,0,40
671,22,0,10
671,26,0,3
671,28,0,11
671,30,0,45
671,31,0,27
671,36,0,18
671,38,0,45
671,41,0,24
671,42,0,39
671,43,0,31
671,48,0,27
671,49,0,24
671,50,0,44
671,51,0,44
671,52,0,11
671,53,0,25
671,54,0,22
671,55,0,27
671,59,0,47
671,62,0,39
671,64,0,15
671,65,0,30
671,72,0,6
671,73,0,28
671,74,0,3
671,75,0,9
671,76,0,31
671,79,0,49
671,80,0,2
671,81,0,4
671,82,0,2
671,84,0,23
671,86,0,18
671,87,0,47
671,88,0,38
671,89,0,11
671,91,0,4
671,92,0,34
671,93,0,16
671,94,0,31
671,97,0,47
671,99,0,3
671,61,0,49
671,5,0,44
671,66,0,42
671,11,0,32
671,32,0,28
671,1,0,10
672,4,0,25
672,7,0,22
672,8,0,3
672,12,0,26
672,14,0,20
672,17,0,19
672,19,0,27
672,20,0,40
672,22,0,10
672,26,0,3
672,28,0,11
672,30,0,45
672,31,0,27
672,36,0,18
672,38,0,45
672,41,0,24
672,42,0,39
672,43,0,31
672,48,0,27
672,49,0,24
672,50,0,44
672,51,0,44
672,52,0,11
672,53,0,25
672,54,0,22
672,55,0,27
672,59,0,47
672,62,0,39
672,64,0,15
672,65,0,30
672,72,0,6
672,73,0,28
672,74,0,3
672,75,0,9
672,76,0,31
672,79,0,49
672,80,0,2
672,81,0,4
672,82,0,2
672,84,0,23
672,86,0,18
672,87,0,47
672,88,0,38
672,89,0,11
672,91,0,4
672,92,0,34
672,93,0,16
672,94,0,31
672,97,0,47
672,99,0,3
672,61,0,49
672,5,0,44
672,66,0,42
672,11,0,32
672,32,0,28
672,1,0,10
673,4,0,25
673,7,0,22
673,8,0,3
673,12,0,26
673,14,0,20
673,17,0,19
673,19,0,27
673,20,0,40
673,22,0,10
673,26,0,3
673,28,0,11
673,30,0,45
673,31,0,27
673,36,0,18
673,38,0,45
673,41,0,24
673,42,0,39
673,43,0,31
673,48,0,27
673,49,0,24
673,50,0,44
673,51,0,44
673,52,0,11
673,53,0,25
673,54,0,22
673,55,0,27
673,59,0,47
673,62,0,39
673,64,0,15
673,65,0,30
673,72,0,6
673,73,0,28
673,74,0,3
673,75,0,9
673,76,0,31
673,79,0,49
673,80,0,2
673,81,0,4
673,82,0,2
673,84,0,23
673,86,0,18
673,87,0,47
673,88,0,38
673,89,0,11
673,91,0,4
673,92,0,34
673,93,0,16
673,94,0,31
673,97,0,47
673,99,0,3
673,61,0,49
673,5,0,44
673,66,0,42
673,11,0,32
673,32,0,28
673,1,0,10
674,4,0,25
674,7,0,22
674,8,0,3
674,12,0,26
674,14,0,20
674,17,0,19
674,19,0,27
674,20,0,40
674,22,0,10
674,26,0,3
674,28,0,11
674,30,0,45
674,31,0,27
674,36,0,18
674,38,0,45
674,41,0,24
674,42,0,39
674,43,0,31
674,48,0,27
674,49,0,24
674,50,0,44
674,51,0,44
674,52,0,11
674,53,0,25
674,54,0,22
674,55,0,27
674,59,0,47
674,62,0,39
674,64,0,15
674,65,0,30
674,72,0,6
674,73,0,28
674,74,0,3
674,75,0,9
674,76,0,31
674,79,0,49
674,80,0,2
674,81,0,4
674,82,0,2
674,84,0,23
674,86,0,18
674,87,0,47
674,88,0,38
674,89,0,11
674,91,0,4
674,92,0,34
674,93,0,16
674,94,0,31
674,97,0,47
674,99,0,3
674,61,0,49
674,5,0,44
674,66,0,42
674,11,0,32
674,32,0,28
674,1,0,10
675,4,0,25
675,7,0,22
675,8,0,3
675,12,0,26
675,14,0,20
675,17,0,19
675,19,0,27
675,20,0,40
675,22,0,10
675,26,0,3
675,28,0,11
675,30,0,45
675,31,0,27
675,36,0,18
675,38,0,45
675,41,0,24
675,42,0,39
675,43,0,31
675,48,0,27
675,49,0,24
675,50,0,44
675,51,0,44
675,52,0,11
675,53,0,25
675,54,0,22
675,55,0,27
675,59,0,47
675,62,0,39
675,64,0,15
675,65,0,30
675,72,0,6
675,73,0,28
675,74,0,3
675,75,0,9
675,76,0,31
675,79,0,49
675,80,0,2
675,81,0,4
675,82,0,2
675,84,0,23
675,86,0,18
675,87,0,47
675,88,0,38
675,89,0,11
675,91,0,4
675,92,0,34
675,93,0,16
675,94,0,31
675,97,0,47
675,99,0,3
675,61,0,49
675,5,0,44
675,66,0,42
675,11,0,32
675,32,0,28
675,1,0,10
676,4,0,25
676,7,0,22
676,8,0,3
676,12,0,26
676,14,0,20
676,17,0,19
676,19,0,27
676,20,0,40
676,22,0,10
676,26,0,3
676,28,0,11
676,30,0,45
676,31,0,27
676,36,0,18
676,38,0,45
676,41,0,24
676,42,0,39
676,43,0,31
676,48,0,27
676,49,0,24
676,50,0,44
676,51,0,44
676,52,0,11
676,53,0,25
676,54,0,22
676,55,0,27
676,59,0,47
676,62,0,39
676,64,0,15
676,65,0,30
676,72,0,6
676,73,0,28
676,74,0,3
676,75,0,9
676,76,0,31
676,79,0,49
676,80,0,2
676,81,0,4
676,82,0,2
676,84,0,23
676,86,0,18
676,87,0,47
676,88,0,38
676,89,0,11
676,91,0,4
676,92,0,34
676,93,0,16
676,94,0,31
676,97,0,47
676,99,0,3
676,61,0,49
676,5,0,44
676,66,0,42
676,11,0,32
676,32,0,28
676,1,0,10
677,4,0,25
677,7,0,22
677,8,0,3
677,12,0,26
677,14,0,20
677,17,0,19
677,19,0,27
677,20,0,40
677,22,0,10
677,26,0,3
677,28,0,11
677,30,0,45
677,31,0,27
677,36,0,18
677,38,0,45
677,41,0,24
677,42,0,39
677,43,0,31
677,48,0,27
677,49,0,24
677,50,0,44
677,51,0,44
677,52,0,11
677,53,0,25
677,54,0,22
677,55,0,27
677,59,0,47
677,62,0,39
677,64,0,15
677,65,0,30
677,72,0,6
677,73,0,28
677,74,0,3
677,75,0,9
677,76,0,31
677,79,0,49
677,80,0,2
677,81,0,4
677,82,0,2
677,84,0,23
677,86,0,18
677,87,0,47
677,88,0,38
677,89,0,11
677,91,0,4
677,92,0,34
677,93,0,16
677,94,0,31
677,97,0,47
677,99,0,3
677,61,0,49
677,5,0,44
677,66,0,42
677,11,0,32
677,32,0,28
677,1,0,10
678,4,0,25
678,7,0,22
678,8,0,3
678,12,0,26
678,14,0,20
678,17,0,19
678,19,0,27
678,20,0,40
678,22,0,10
678,26,0,3
678,28,0,11
678,30,0,45
678,31,0,27
678,36,0,18
678,38,0,45
678,41,0,24
678,42,0,39
678,43,0,31
678,48,0,27
678,49,0,24
678,50,0,44
678,51,0,44
678,52,0,11
678,53,0,25
678,54,0,22
678,55,0,27
678,59,0,47
678,62,0,39
678,64,0,15
678,65,0,30
678,72,0,6
678,73,0,28
678,74,0,3
678,75,0,9
678,76,0,31
678,79,0,49
678,80,0,2
678,81,0,4
678,82,0,2
678,84,0,23
678,86,0,18
678,87,0,47
678,88,0,38
678,89,0,11
678,91,0,4
678,92,0,34
678,93,0,16
678,94,0,31
678,97,0,47
678,99,0,3
678,61,0,49
678,5,0,44
678,66,0,42
678,11,0,32
678,32,0,28
678,1,0,10
679,4,0,25
679,7,0,22
679,8,0,3
679,12,0,26
679,14,0,20
679,17,0,19
679,19,0,27
679,20,0,40
679,22,0,10
679,26,0,3
679,28,0,11
679,30,0,45
679,31,0,27
679,36,0,18
679,38,0,45
679,41,0,24
679,42,0,39
679,43,0,31
679,48,0,27
679,49,0,24
679,50,0,44
679,51,0,44
679,52,0,11
679,53,0,25
679,54,0,22
679,55,0,27
679,59,0,47
679,62,0,39
679,64,0,15
679,65,0,30
679,72,0,6
679,73,0,28
679,74,0,3
679,75,0,9
679,76,0,31
679,79,0,49
679,80,0,2
679,81,0,4
679,82,0,2
679,84,0,23
679,86,0,18
679,87,0,47
679,88,0,38
679,89,0,11
679,91,0,4
679,92,0,34
679,93,0,16
679,94,0,31
679,97,0,47
679,99,0,3
679,61,0,49
679,5,0,44
679,66,0,42
679,11,0,32
679,32,0,28
679,1,0,10
680,4,0,25
680,7,0,22
680,8,0,3
680,12,0,26
680,14,0,20
680,17,0,19
680,19,0,27
680,20,0,40
680,22,0,10
680,26,0,3
680,28,0,11
680,30,0,45
680,31,0,27
680,36,0,18
680,38,0,45
680,41,0,24
680,42,0,39
680,43,0,31
680,48,0,27
680,49,0,24
680,50,0,44
680,51,0,44
680,52,0,11
680,53,0,25
680,54,0,22
680,55,0,27
680,59,0,47
680,62,0,39
680,64,0,15
680,65,0,30
680,72,0,6
680,73,0,28
680,74,0,3
680,75,0,9
680,76,0,31
680,79,0,49
680,80,0,2
680,81,0,4
680,82,0,2
680,84,0,23
680,86,0,18
680,87,0,47
680,88,0,38
680,89,0,11
680,91,0,4
680,92,0,34
680,93,0,16
680,94,0,31
680,97,0,47
680,99,0,3
680,61,0,49
680,5,0,44
680,66,0,42
680,11,0,32
680,32,0,28
680,1,0,10
681,4,0,25
681,7,0,22
681,8,0,3
681,12,0,26
681,14,0,20
681,17,0,19
681,19,0,27
681,20,0,40
681,22,0,10
681,26,0,3
681,28,0,11
681,30,0,45
681,31,0,27
681,36,0,18
681,38,0,45
681,41,0,24
681,42,0,39
681,43,0,31
681,48,0,27
681,49,0,24
681,50,0,44
681,51,0,44
681,52,0,11
681,53,0,25
681,54,0,22
681,55,0,27
681,59,0,47
681,62,0,39
681,64,0,15
681,65,0,30
681,72,0,6
681,73,0,28
681,74,0,3
681,75,0,9
681,76,0,31
681,79,0,49
681,80,0,2
681,81,0,4
681,82,0,2
681,84,0,23
681,86,0,18
681,87,0,47
681,88,0,38
681,89,0,11
681,91,0,4
681,92,0,34
681,93,0,16
681,94,0,31
681,97,0,47
681,99,0,3
681,61,0,49
681,5,0,44
681,66,0,42
681,11,0,32
681,32,0,28
681,1,0,10
682,4,0,25
682,7,0,22
682,8,0,3
682,12,0,26
682,14,0,20
682,17,0,19
682,19,0,27
682,20,0,40
682,22,0,10
682,26,0,3
682,28,0,11
682,30,0,45
682,31,0,27
682,36,0,18
682,38,0,45
682,41,0,24
682,42,0,39
682,43,0,31
682,48,0,27
682,49,0,24
682,50,0,44
682,51,0,44
682,52,0,11
682,53,0,25
682,54,0,22
682,55,0,27
682,59,0,47
682,62,0,39
682,64,0,15
682,65,0,30
682,72,0,6
682,73,0,28
682,74,0,3
682,75,0,9
682,76,0,31
682,79,0,49
682,80,0,2
682,81,0,4
682,82,0,2
682,84,0,23
682,86,0,18
682,87,0,47
682,88,0,38
682,89,0,11
682,91,0,4
682,92,0,34
682,93,0,16
682,94,0,31
682,97,0,47
682,99,0,3
682,61,0,49
682,5,0,44
682,66,0,42
682,11,0,32
682,32,0,28
682,1,0,10
683,4,0,25
683,7,0,22
683,8,0,3
683,12,0,26
683,14,0,20
683,17,0,19
683,19,0,27
683,20,0,40
683,22,0,10
683,26,0,3
683,28,0,11
683,30,0,45
683,31,0,27
683,36,0,18
683,38,0,45
683,41,0,24
683,42,0,39
683,43,0,31
683,48,0,27
683,49,0,24
683,50,0,44
683,51,0,44
683,52,0,11
683,53,0,25
683,54,0,22
683,55,0,27
683,59,0,47
683,62,0,39
683,64,0,15
683,65,0,30
683,72,0,6
683,73,0,28
683,74,0,3
683,75,0,9
683,76,0,31
683,79,0,49
683,80,0,2
683,81,0,4
683,82,0,2
683,84,0,23
683,86,0,18
683,87,0,47
683,88,0,38
683,89,0,11
683,91,0,4
683,92,0,34
683,93,0,16
683,94,0,31
683,97,0,47
683,99,0,3
683,61,0,49
683,5,0,44
683,66,0,42
683,11,0,32
683,32,0,28
683,1,0,10
684,4,0,25
684,7,0,22
684,8,0,3
684,12,0,26
684,14,0,20
684,17,0,19
684,19,0,27
684,20,0,40
684,22,0,10
684,26,0,3
684,28,0,11
684,30,0,45
684,31,0,27
684,36,0,18
684,38,0,45
684,41,0,24
684,42,0,39
684,43,0,31
684,48,0,27
684,49,0,24
684,50,0,44
684,51,0,44
684,52,0,11
684,53,0,25
684,54,0,22
684,55,0,27
684,59,0,47
684,62,0,39
684,64,0,15
684,65,0,30
684,72,0,6
684,73,0,28
684,74,0,3
684,75,0,9
684,76,0,31
684,79,0,49
684,80,0,2
684,81,0,4
684,82,0,2
684,84,0,23
684,86,0,18
684,87,0,47
684,88,0,38
684,89,0,11
684,91,0,4
684,92,0,34
684,93,0,16
684,94,0,31
684,97,0,47
684,99,0,3
684,61,0,49
684,5,0,44
684,66,0,42
684,11,0,32
684,32,0,28
684,1,0,10
685,4,0,25
685,7,0,22
685,8,0,3
685,12,0,26
685,14,0,20
685,17,0,19
685,19,0,27
685,20,0,40
685,22,0,10
685,26,0,3
685,28,0,11
685,30,0,45
685,31,0,27
685,36,0,18
685,38,0,45
685,41,0,24
685,42,0,39
685,43,0,31
685,48,0,27
685,49,0,24
685,50,0,44
685,51,0,44
685,52,0,11
685,53,0,25
685,54,0,22
685,55,0,27
685,59,0,47
685,62,0,39
685,64,0,15
685,65,0,30
685,72,0,6
685,73,0,28
685,74,0,3
685,75,0,9
685,76,0,31
685,79,0,49
685,80,0,2
685,81,0,4
685,82,0,2
685,84,0,23
685,86,0,18
685,87,0,47
685,88,0,38
685,89,0,11
685,91,0,4
685,92,0,34
685,93,0,16
685,94,0,31
685,97,0,47
685,99,0,3
685,61,0,49
685,5,0,44
685,66,0,42
685,11,0,32
685,32,0,28
685,1,0,10
686,4,0,25
686,7,0,22
686,8,0,3
686,12,0,26
686,14,0,20
686,17,0,19
686,19,0,27
686,20,0,40
686,22,0,10
686,26,0,3
686,28,0,11
686,30,0,45
686,31,0,27
686,36,0,18
686,38,0,45
686,41,0,24
686,42,0,39
686,43,0,31
686,48,0,27
686,49,0,24
686,50,0,44
686,51,0,44
686,52,0,11
686,53,0,25
686,54,0,22
686,55,0,27
686,59,0,47
686,62,0,39
686,64,0,15
686,65,0,30
686,72,0,6
686,73,0,28
686,74,0,3
686,75,0,9
686,76,0,31
686,79,0,49
686,80,0,2
686,81,0,4
686,82,0,2
686,84,0,23
686,86,0,18
686,87,0,47
686,88,0,38
686,89,0,11
686,91,0,4
686,92,0,34
686,93,0,16
686,94,0,31
686,97,0,47
686,99,0,3
686,61,0,49
686,5,0,44
686,66,0,42
686,11,0,32
686,32,0,28
686,1,0,10
687,4,0,25
687,7,0,22
687,8,0,3
687,12,0,26
687,14,0,20
687,17,0,19
687,19,0,27
687,20,0,40
687,22,0,10
687,26,0,3
687,28,0,11
687,30,0,45
687,31,0,27
687,36,0,18
687,38,0,45
687,41,0,24
687,42,0,39
687,43,0,31
687,48,0,27
687,49,0,24
687,50,0,44
687,51,0,44
687,52,0,11
687,53,0,25
687,54,0,22
687,55,0,27
687,59,0,47
687,62,0,39
687,64,0,15
687,65,0,30
687,72,0,6
687,73,0,28
687,74,0,3
687,75,0,9
687,76,0,31
687,79,0,49
687,80,0,2
687,81,0,4
687,82,0,2
687,84,0,23
687,86,0,18
687,87,0,47
687,88,0,38
687,89,0,11
687,91,0,4
687,92,0,34
687,93,0,16
687,94,0,31
687,97,0,47
687,99,0,3
687,61,0,49
687,5,0,44
687,66,0,42
687,11,0,32
687,32,0,28
687,1,0,10
688,4,0,25
688,7,0,22
688,8,0,3
688,12,0,26
688,14,0,20
688,17,0,19
688,19,0,27
688,20,0,40
688,22,0,10
688,26,0,3
688,28,0,11
688,30,0,45
688,31,0,27
688,36,0,18
688,38,0,45
688,41,0,24
688,42,0,39
688,43,0,31
688,48,0,27
688,49,0,24
688,50,0,44
688,51,0,44
688,52,0,11
688,53,0,25
688,54,0,22
688,55,0,27
688,59,0,47
688,62,0,39
688,64,0,15
688,65,0,30
688,72,0,6
688,73,0,28
688,74,0,3
688,75,0,9
688,76,0,31
688,79,0,49
688,80,0,2
688,81,0,4
688,82,0,2
688,84,0,23
688,86,0,18
688,87,0,47
688,88,0,38
688,89,0,11
688,91,0,4
688,92,0,34
688,93,0,16
688,94,0,31
688,97,0,47
688,99,0,3
688,61,0,49
688,5,0,44
688,66,0,42
688,11,0,32
688,32,0,28
688,1,0,10
689,4,0,25
689,7,0,22
689,8,0,3
689,12,0,26
689,14,0,20
689,17,0,19
689,19,0,27
689,20,0,40
689,22,0,10
689,26,0,3
689,28,0,11
689,30,0,45
689,31,0,27
689,36,0,18
689,38,0,45
689,41,0,24
689,42,0,39
689,43,0,31
689,48,0,27
689,49,0,24
689,50,0,44
689,51,0,44
689,52,0,11
689,53,0,25
689,54,0,22
689,55,0,27
689,59,0,47
689,62,0,39
689,64,0,15
689,65,0,30
689,72,0,6
689,73,0,28
689,74,0,3
689,75,0,9
689,76,0,31
689,79,0,49
689,80,0,2
689,81,0,4
689,82,0,2
689,84,0,23
689,86,0,18
689,87,0,47
689,88,0,38
689,89,0,11
689,91,0,4
689,92,0,34
689,93,0,16
689,94,0,31
689,97,0,47
689,99,0,3
689,61,0,49
689,5,0,44
689,66,0,42
689,11,0,32
689,32,0,28
689,1,0,10
690,4,0,25
690,7,0,22
690,8,0,3
690,12,0,26
690,14,0,20
690,17,0,19
690,19,0,27
690,20,0,40
690,22,0,10
690,26,0,3
690,28,0,11
690,30,0,45
690,31,0,27
690,36,0,18
690,38,0,45
690,41,0,24
690,42,0,39
690,43,0,31
690,48,0,27
690,49,0,24
690,50,0,44
690,51,0,44
690,52,0,11
690,53,0,25
690,54,0,22
690,55,0,27
690,59,0,47
690,62,0,39
690,64,0,15
690,65,0,30
690,72,0,6
690,73,0,28
690,74,0,3
690,75,0,9
690,76,0,31
690,79,0,49
690,80,0,2
690,81,0,4
690,82,0,2
690,84,0,23
690,86,0,18
690,87,0,47
690,88,0,38
690,89,0,11
690,91,0,4
690,92,0,34
690,93,0,16
690,94,0,31
690,97,0,47
690,99,0,3
690,61,0,49
690,5,0,44
690,66,0,42
690,11,0,32
690,32,0,28
690,1,0,10
691,4,0,25
691,7,0,22
691,8,0,3
691,12,0,26
691,14,0,20
691,17,0,19
691,19,0,27
691,20,0,40
691,22,0,10
691,26,0,3
691,28,0,11
691,30,0,45
691,31,0,27
691,36,0,18
691,38,0,45
691,41,0,24
691,42,0,39
691,43,0,31
691,48,0,27
691,49,0,24
691,50,0,44
691,51,0,44
691,52,0,11
691,53,0,25
691,54,0,22
691,55,0,27
691,59,0,47
691,62,0,39
691,64,0,15
691,65,0,30
691,72,0,6
691,73,0,28
691,74,0,3
691,75,0,9
691,76,0,31
691,79,0,49
691,80,0,2
691,81,0,4
691,82,0,2
691,84,0,23
691,86,0,18
691,87,0,47
691,88,0,38
691,89,0,11
691,91,0,4
691,92,0,34
691,93,0,16
691,94,0,31
691,97,0,47
691,99,0,3
691,61,0,49
691,5,0,44
691,66,0,42
691,11,0,32
691,32,0,28
691,1,0,10
692,4,0,25
692,7,0,22
692,8,0,3
692,12,0,26
692,14,0,20
692,17,0,19
692,19,0,27
692,20,0,40
692,22,0,10
692,26,0,3
692,28,0,11
692,30,0,45
692,31,0,27
692,36,0,18
692,38,0,45
692,41,0,24
692,42,0,39
692,43,0,31
692,48,0,27
692,49,0,24
692,50,0,44
692,51,0,44
692,52,0,11
692,53,0,25
692,54,0,22
692,55,0,27
692,59,0,47
692,62,0,39
692,64,0,15
692,65,0,30
692,72,0,6
692,73,0,28
692,74,0,3
692,75,0,9
692,76,0,31
692,79,0,49
692,80,0,2
692,81,0,4
692,82,0,2
692,84,0,23
692,86,0,18
692,87,0,47
692,88,0,38
692,89,0,11
692,91,0,4
692,92,0,34
692,93,0,16
692,94,0,31
692,97,0,47
692,99,0,3
692,61,0,49
692,5,0,44
692,66,0,42
692,11,0,32
692,32,0,28
692,1,0,10
693,4,0,25
693,7,0,22
693,8,0,3
693,12,0,26
693,14,0,20
693,17,0,19
693,19,0,27
693,20,0,40
693,22,0,10
693,26,0,3
693,28,0,11
693,30,0,45
693,31,0,27
693,36,0,18
693,38,0,45
693,41,0,24
693,42,0,39
693,43,0,31
693,48,0,27
693,49,0,24
693,50,0,44
693,51,0,44
693,52,0,11
693,53,0,25
693,54,0,22
693,55,0,27
693,59,0,47
693,62,0,39
693,64,0,15
693,65,0,30
693,72,0,6
693,73,0,28
693,74,0,3
693,75,0,9
693,76,0,31
693,79,0,49
693,80,0,2
693,81,0,4
693,82,0,2
693,84,0,23
693,86,0,18
693,87,0,47
693,88,0,38
693,89,0,11
693,91,0,4
693,92,0,34
693,93,0,16
693,94,0,31
693,97,0,47
693,99,0,3
693,61,0,49
693,5,0,44
693,66,0,42
693,11,0,32
693,32,0,28
693,1,0,10
694,4,0,25
694,7,0,22
694,8,0,3
694,12,0,26
694,14,0,20
694,17,0,19
694,19,0,27
694,20,0,40
694,22,0,10
694,26,0,3
694,28,0,11
694,30,0,45
694,31,0,27
694,36,0,18
694,38,0,45
694,41,0,24
694,42,0,39
694,43,0,31
694,48,0,27
694,49,0,24
694,50,0,44
694,51,0,44
694,52,0,11
694,53,0,25
694,54,0,22
694,55,0,27
694,59,0,47
694,62,0,39
694,64,0,15
694,65,0,30
694,72,0,6
694,73,0,28
694,74,0,3
694,75,0,9
694,76,0,31
694,79,0,49
694,80,0,2
694,81,0,4
694,82,0,2
694,84,0,23
694,86,0,18
694,87,0,47
694,88,0,38
694,89,0,11
694,91,0,4
694,92,0,34
694,93,0,16
694,94,0,31
694,97,0,47
694,99,0,3
694,61,0,49
694,5,0,44
694,66,0,42
694,11,0,32
694,32,0,28
694,1,0,10
695,4,0,25
695,7,0,22
695,8,0,3
695,12,0,26
695,14,0,20
695,17,0,19
695,19,0,27
695,20,0,40
695,22,0,10
695,26,0,3
695,28,0,11
695,30,0,45
695,31,0,27
695,36,0,18
695,38,0,45
695,41,0,24
695,42,0,39
695,43,0,31
695,48,0,27
695,49,0,24
695,50,0,44
695,51,0,44
695,52,0,11
695,53,0,25
695,54,0,22
695,55,0,27
695,59,0,47
695,62,0,39
695,64,0,15
695,65,0,30
695,72,0,6
695,73,0,28
695,74,0,3
695,75,0,9
695,76,0,31
695,79,0,49
695,80,0,2
695,81,0,4
695,82,0,2
695,84,0,23
695,86,0,18
695,87,0,47
695,88,0,38
695,89,0,11
695,91,0,4
695,92,0,34
695,93,0,16
695,94,0,31
695,97,0,47
695,99,0,3
695,61,0,49
695,5,0,44
695,66,0,42
695,11,0,32
695,32,0,28
695,1,0,10
696,4,0,25
696,7,0,22
696,8,0,3
696,12,0,26
696,14,0,20
696,17,0,19
696,19,0,27
696,20,0,40
696,22,0,10
696,26,0,3
696,28,0,11
696,30,0,45
696,31,0,27
696,36,0,18
696,38,0,45
696,41,0,24
696,42,0,39
696,43,0,31
696,48,0,27
696,49,0,24
696,50,0,44
696,51,0,44
696,52,0,11
696,53,0,25
696,54,0,22
696,55,0,27
696,59,0,47
696,62,0,39
696,64,0,15
696,65,0,30
696,72,0,6
696,73,0,28
696,74,0,3
696,75,0,9
696,76,0,31
696,79,0,49
696,80,0,2
696,81,0,4
696,82,0,2
696,84,0,23
696,86,0,18
696,87,0,47
696,88,0,38
696,89,0,11
696,91,0,4
696,92,0,34
696,93,0,16
696,94,0,31
696,97,0,47
696,99,0,3
696,61,0,49
696,5,0,44
696,66,0,42
696,11,0,32
696,32,0,28
696,1,0,10
697,4,0,25
697,7,0,22
697,8,0,3
697,12,0,26
697,14,0,20
697,17,0,19
697,19,0,27
697,20,0,40
697,22,0,10
697,26,0,3
697,28,0,11
697,30,0,45
697,31,0,27
697,36,0,18
697,38,0,45
697,41,0,24
697,42,0,39
697,43,0,31
697,48,0,27
697,49,0,24
697,50,0,44
697,51,0,44
697,52,0,11
697,53,0,25
697,54,0,22
697,55,0,27
697,59,0,47
697,62,0,39
697,64,0,15
697,65,0,30
697,72,0,6
697,73,0,28
697,74,0,3
697,75,0,9
697,76,0,31
697,79,0,49
697,80,0,2
697,81,0,4
697,82,0,2
697,84,0,23
697,86,0,18
697,87,0,47
697,88,0,38
697,89,0,11
697,91,0,4
697,92,0,34
697,93,0,16
697,94,0,31
697,97,0,47
697,99,0,3
697,61,0,49
697,5,0,44
697,66,0,42
697,11,0,32
697,32,0,28
697,1,0,10
698,4,0,25
698,7,0,22
698,8,0,3
698,12,0,26
698,14,0,20
698,17,0,19
698,19,0,27
698,20,0,40
698,22,0,10
698,26,0,3
698,28,0,11
698,30,0,45
698,31,0,27
698,36,0,18
698,38,0,45
698,41,0,24
698,42,0,39
698,43,0,31
698,48,0,27
698,49,0,24
698,50,0,44
698,51,0,44
698,52,0,11
698,53,0,25
698,54,0,22
698,55,0,27
698,59,0,47
698,62,0,39
698,64,0,15
698,65,0,30
698,72,0,6
698,73,0,28
698,74,0,3
698,75,0,9
698,76,0,31
698,79,0,49
698,80,0,2
698,81,0,4
698,82,0,2
698,84,0,23
698,86,0,18
698,87,0,47
698,88,0,38
698,89,0,11
698,91,0,4
698,92,0,34
698,93,0,16
698,94,0,31
698,97,0,47
698,99,0,3
698,61,0,49
698,5,0,44
698,66,0,42
698,11,0,32
698,32,0,28
698,1,0,10
699,4,0,25
699,7,0,22
699,8,0,3
699,12,0,26
699,14,0,20
699,17,0,19
699,19,0,27
699,20,0,40
699,22,0,10
699,26,0,3
699,28,0,11
699,30,0,45
699,31,0,27
699,36,0,18
699,38,0,45
699,41,0,24
699,42,0,39
699,43,0,31
699,48,0,27
699,49,0,24
699,50,0,44
699,51,0,44
699,52,0,11
699,53,0,25
699,54,0,22
699,55,0,27
699,59,0,47
699,62,0,39
699,64,0,15
699,65,0,30
699,72,0,6
699,73,0,28
699,74,0,3
699,75,0,9
699,76,0,31
699,79,0,49
699,80,0,2
699,81,0,4
699,82,0,2
699,84,0,23
699,86,0,18
699,87,0,47
699,88,0,38
699,89,0,11
699,91,0,4
699,92,0,34
699,93,0,16
699,94,0,31
699,97,0,47
699,99,0,3
699,61,0,49
699,5,0,44
699,66,0,42
699,11,0,32
699,32,0,28
699,1,0,10
700,4,0,25
700,7,0,22
700,8,0,3
700,12,0,26
700,14,0,20
700,17,0,19
700,19,0,27
700,20,0,40
700,22,0,10
700,26,0,3
700,28,0,11
700,30,0,45
700,31,0,27
700,36,0,18
700,38,0,45
700,41,0,24
700,42,0,39
700,43,0,31
700,48,0,27
700,49,0,24
700,50,0,44
700,51,0,44
700,52,0,11
700,53,0,25
700,54,0,22
700,55,0,27
700,59,0,47
700,62,0,39
700,64,0,15
700,65,0,30
700,72,0,6
700,73,0,28
700,74,0,3
700,75,0,9
700,76,0,31
700,79,0,49
700,80,0,2
700,81,0,4
700,82,0,2
700,84,0,23
700,86,0,18
700,87,0,47
700,88,0,38
700,89,0,11
700,91,0,4
700,92,0,34
700,93,0,16
700,94,0,31
700,97,0,47
700,99,0,3
700,61,0,49
700,5,0,44
700,66,0,42
700,11,0,32
700,32,0,28
700,1,0,10
701,4,0,25
701,7,0,22
701,8,0,3
701,12,0,26
701,14,0,20
701,17,0,19
701,19,0,27
701,20,0,40
701,22,0,10
701,26,0,3
701,28,0,11
701,30,0,45
701,31,0,27
701,36,0,18
701,38,0,45
701,41,0,24
701,42,0,39
701,43,0,31
701,48,0,27
701,49,0,24
701,50,0,44
701,51,0,44
701,52,0,11
701,53,0,25
701,54,0,22
701,55,0,27
701,59,0,47
701,62,0,39
701,64,0,15
701,65,0,30
701,72,0,6
701,73,0,28
701,74,0,3
701,75,0,9
701,76,0,31
701,79,0,49
701,80,0,2
701,81,0,4
701,82,0,2
701,84,0,23
701,86,0,18
701,87,0,47
701,88,0,38
701,89,0,11
701,91,0,4
701,92,0,34
701,93,0,16
701,94,0,31
701,97,0,47
701,99,0,3
701,61,0,49
701,5,0,44
701,66,0,42
701,11,0,32
701,32,0,28
701,1,0,10
702,4,0,25
702,7,0,22
702,8,0,3
702,12,0,26
702,14,0,20
702,17,0,19
702,19,0,27
702,20,0,40
702,22,0,10
702,26,0,3
702,28,0,11
702,30,0,45
702,31,0,27
702,36,0,18
702,38,0,45
702,41,0,24
702,42,0,39
702,43,0,31
702,48,0,27
702,49,0,24
702,50,0,44
702,51,0,44
702,52,0,11
702,53,0,25
702,54,0,22
702,55,0,27
702,59,0,47
702,62,0,39
702,64,0,15
702,65,0,30
702,72,0,6
702,73,0,28
702,74,0,3
702,75,0,9
702,76,0,31
702,79,0,49
702,80,0,2
702,81,0,4
702,82,0,2
702,84,0,23
702,86,0,18
702,87,0,47
702,88,0,38
702,89,0,11
702,91,0,4
702,92,0,34
702,93,0,16
702,94,0,31
702,97,0,47
702,99,0,3
702,61,0,49
702,5,0,44
702,66,0,42
702,11,0,32
702,32,0,28
702,1,0,10
703,4,0,25
703,7,0,22
703,8,0,3
703,12,0,26
703,14,0,20
703,17,0,19
703,19,0,27
703,20,0,40
703,22,0,10
703,26,0,3
703,28,0,11
703,30,0,45
703,31,0,27
703,36,0,18
703,38,0,45
703,41,0,24
703,42,0,39
703,43,0,31
703,48,0,27
703,49,0,24
703,50,0,44
703,51,0,44
703,52,0,11
703,53,0,25
703,54,0,22
703,55,0,27
703,59,0,47
703,62,0,39
703,64,0,15
703,65,0,30
703,72,0,6
703,73,0,28
703,74,0,3
703,75,0,9
703,76,0,31
703,79,0,49
703,80,0,2
703,81,0,4
703,82,0,2
703,84,0,23
703,86,0,18
703,87,0,47
703,88,0,38
703,89,0,11
703,91,0,4
703,92,0,34
703,93,0,16
703,94,0,31
703,97,0,47
703,99,0,3
703,61,0,49
703,5,0,44
703,66,0,42
703,11,0,32
703,32,0,28
703,1,0,10
704,4,0,25
704,7,0,22
704,8,0,3
704,12,0,26
704,14,0,20
704,17,0,19
704,19,0,27
704,20,0,40
704,22,0,10
704,26,0,3
704,28,0,11
704,30,0,45
704,31,0,27
704,36,0,18
704,38,0,45
704,41,0,24
704,42,0,39
704,43,0,31
704,48,0,27
704,49,0,24
704,50,0,44
704,51,0,44
704,52,0,11
704,53,0,25
704,54,0,22
704,55,0,27
704,59,0,47
704,62,0,39
704,64,0,15
704,65,0,30
704,72,0,6
704,73,0,28
704,74,0,3
704,75,0,9
704,76,0,31
704,79,0,49
704,80,0,2
704,81,0,4
704,82,0,2
704,84,0,23
704,86,0,18
704,87,0,47
704,88,0,38
704,89,0,11
704,91,0,4
704,92,0,34
704,93,0,16
704,94,0,31
704,97,0,47
704,99,0,3
704,61,0,49
704,5,0,44
704,66,0,42
704,11,0,32
704,32,0,28
704,1,0,10
705,4,0,25
705,7,0,22
705,8,0,3
705,12,0,26
705,14,0,20
705,17,0,19
705,19,0,27
705,20,0,40
705,22,0,10
705,26,0,3
705,28,0,11
705,30,0,45
705,31,0,27
705,36,0,18
705,38,0,45
705,41,0,24
705,42,0,39
705,43,0,31
705,48,0,27
705,49,0,24
705,50,0,44
705,51,0,44
705,52,0,11
705,53,0,25
705,54,0,22
705,55,0,27
705,59,0,47
705,62,0,39
705,64,0,15
705,65,0,30
705,72,0,6
705,73,0,28
705,74,0,3
705,75,0,9
705,76,0,31
705,79,0,49
705,80,0,2
705,81,0,4
705,82,0,2
705,84,0,23
705,86,0,18
705,87,0,47
705,88,0,38
705,89,0,11
705,91,0,4
705,92,0,34
705,93,0,16
705,94,0,31
705,97,0,47
705,99,0,3
705,61,0,49
705,5,0,44
705,66,0,42
705,11,0,32
705,32,0,28
705,1,0,10
706,4,0,25
706,7,0,22
706,8,0,3
706,12,0,26
706,14,0,20
706,17,0,19
706,19,0,27
706,20,0,40
706,22,0,10
706,26,0,3
706,28,0,11
706,30,0,45
706,31,0,27
706,36,0,18
706,38,0,45
706,41,0,24
706,42,0,39
706,43,0,31
706,48,0,27
706,49,0,24
706,50,0,44
706,51,0,44
706,52,0,11
706,53,0,25
706,54,0,22
706,55,0,27
706,59,0,47
706,62,0,39
706,64,0,15
706,65,0,30
706,72,0,6
706,73,0,28
706,74,0,3
706,75,0,9
706,76,0,31
706,79,0,49
706,80,0,2
706,81,0,4
706,82,0,2
706,84,0,23
706,86,0,18
706,87,0,47
706,88,0,38
706,89,0,11
706,91,0,4
706,92,0,34
706,93,0,16
706,94,0,31
706,97,0,47
706,99,0,3
706,61,0,49
706,5,0,44
706,66,0,42
706,11,0,32
706,32,0,28
706,1,0,10
707,4,0,25
707,7,0,22
707,8,0,3
707,12,0,26
707,14,0,20
707,17,0,19
707,19,0,27
707,20,0,40
707,22,0,10
707,26,0,3
707,28,0,11
707,30,0,45
707,31,0,27
707,36,0,18
707,38,0,45
707,41,0,24
707,42,0,39
707,43,0,31
707,48,0,27
707,49,0,24
707,50,0,44
707,51,0,44
707,52,0,11
707,53,0,25
707,54,0,22
707,55,0,27
707,59,0,47
707,62,0,39
707,64,0,15
707,65,0,30
707,72,0,6
707,73,0,28
707,74,0,3
707,75,0,9
707,76,0,31
707,79,0,49
707,80,0,2
707,81,0,4
707,82,0,2
707,84,0,23
707,86,0,18
707,87,0,47
707,88,0,38
707,89,0,11
707,91,0,4
707,92,0,34
707,93,0,16
707,94,0,31
707,97,0,47
707,99,0,3
707,61,0,49
707,5,0,44
707,66,0,42
707,11,0,32
707,32,0,28
707,1,0,10
708,4,0,25
708,7,0,22
708,8,0,3
708,12,0,26
708,14,0,20
708,17,0,19
708,19,0,27
708,20,0,40
708,22,0,10
708,26,0,3
708,28,0,11
708,30,0,45
708,31,0,27
708,36,0,18
708,38,0,45
708,41,0,24
708,42,0,39
708,43,0,31
708,48,0,27
708,49,0,24
708,50,0,44
708,51,0,44
708,52,0,11
708,53,0,25
708,54,0,22
708,55,0,27
708,59,0,47
708,62,0,39
708,64,0,15
708,65,0,30
708,72,0,6
708,73,0,28
708,74,0,3
708,75,0,9
708,76,0,31
708,79,0,49
708,80,0,2
708,81,0,4
708,82,0,2
708,84,0,23
708,86,0,18
708,87,0,47
708,88,0,38
708,89,0,11
708,91,0,4
708,92,0,34
708,93,0,16
708,94,0,31
708,97,0,47
708,99,0,3
708,61,0,49
708,5,0,44
708,66,0,42
708,11,0,32
708,32,0,28
708,1,0,10
709,4,0,25
709,7,0,22
709,8,0,3
709,12,0,26
709,14,0,20
709,17,0,19
709,19,0,27
709,20,0,40
709,22,0,10
709,26,0,3
709,28,0,11
709,30,0,45
709,31,0,27
709,36,0,18
709,38,0,45
709,41,0,24
709,42,0,39
709,43,0,31
709,48,0,27
709,49,0,24
709,50,0,44
709,51,0,44
709,52,0,11
709,53,0,25
709,54,0,22
709,55,0,27
709,59,0,47
709,62,0,39
709,64,0,15
709,65,0,30
709,72,0,6
709,73,0,28
709,74,0,3
709,75,0,9
709,76,0,31
709,79,0,49
709,80,0,2
709,81,0,4
709,82,0,2
709,84,0,23
709,86,0,18
709,87,0,47
709,88,0,38
709,89,0,11
709,91,0,4
709,92,0,34
709,93,0,16
709,94,0,31
709,97,0,47
709,99,0,3
709,61,0,49
709,5,0,44
709,66,0,42
709,11,0,32
709,32,0,28
709,1,0,10
710,4,0,25
710,7,0,22
710,8,0,3
710,12,0,26
710,14,0,20
710,17,0,19
710,19,0,27
710,20,0,40
710,22,0,10
710,26,0,3
710,28,0,11
710,30,0,45
710,31,0,27
710,36,0,18
710,38,0,45
710,41,0,24
710,42,0,39
710,43,0,31
710,48,0,27
710,49,0,24
710,50,0,44
710,51,0,44
710,52,0,11
710,53,0,25
710,54,0,22
710,55,0,27
710,59,0,47
710,62,0,39
710,64,0,15
710,65,0,30
710,72,0,6
710,73,0,28
710,74,0,3
710,75,0,9
710,76,0,31
710,79,0,49
710,80,0,2
710,81,0,4
710,82,0,2
710,84,0,23
710,86,0,18
710,87,0,47
710,88,0,38
710,89,0,11
710,91,0,4
710,92,0,34
710,93,0,16
710,94,0,31
710,97,0,47
710,99,0,3
710,61,0,49
710,5,0,44
710,66,0,42
710,11,0,32
710,32,0,28
710,1,0,10
711,4,0,25
711,7,0,22
711,8,0,3
711,12,0,26
711,14,0,20
711,17,0,19
711,19,0,27
711,20,0,40
711,22,0,10
711,26,0,3
711,28,0,11
711,30,0,45
711,31,0,27
711,36,0,18
711,38,0,45
711,41,0,24
711,42,0,39
711,43,0,31
711,48,0,27
711,49,0,24
711,50,0,44
711,51,0,44
711,52,0,11
711,53,0,25
711,54,0,22
711,55,0,27
711,59,0,47
711,62,0,39
711,64,0,15
711,65,0,30
711,72,0,6
711,73,0,28
711,74,0,3
711,75,0,9
711,76,0,31
711,79,0,49
711,80,0,2
711,81,0,4
711,82,0,2
711,84,0,23
711,86,0,18
711,87,0,47
711,88,0,38
711,89,0,11
711,91,0,4
711,92,0,34
711,93,0,16
711,94,0,31
711,97,0,47
711,99,0,3
711,61,0,49
711,5,0,44
711,66,0,42
711,11,0,32
711,32,0,28
711,1,0,10
712,4,0,25
712,7,0,22
712,8,0,3
712,12,0,26
712,14,0,20
712,17,0,19
712,19,0,27
712,20,0,40
712,22,0,10
712,26,0,3
712,28,0,11
712,30,0,45
712,31,0,27
712,36,0,18
712,38,0,45
712,41,0,24
712,42,0,39
712,43,0,31
712,48,0,27
712,49,0,24
712,50,0,44
712,51,0,44
712,52,0,11
712,53,0,25
712,54,0,22
712,55,0,27
712,59,0,47
712,62,0,39
712,64,0,15
712,65,0,30
712,72,0,6
712,73,0,28
712,74,0,3
712,75,0,9
712,76,0,31
712,79,0,49
712,80,0,2
712,81,0,4
712,82,0,2
712,84,0,23
712,86,0,18
712,87,0,47
712,88,0,38
712,89,0,11
712,91,0,4
712,92,0,34
712,93,0,16
712,94,0,31
712,97,0,47
712,99,0,3
712,61,0,49
712,5,0,44
712,66,0,42
712,11,0,32
712,32,0,28
712,1,0,10
713,4,0,25
713,7,0,22
713,8,0,3
713,12,0,26
713,14,0,20
713,17,0,19
713,19,0,27
713,20,0,40
713,22,0,10
713,26,0,3
713,28,0,11
713,30,0,45
713,31,0,27
713,36,0,18
713,38,0,45
713,41,0,24
713,42,0,39
713,43,0,31
713,48,0,27
713,49,0,24
713,50,0,44
713,51,0,44
713,52,0,11
713,53,0,25
713,54,0,22
713,55,0,27
713,59,0,47
713,62,0,39
713,64,0,15
713,65,0,30
713,72,0,6
713,73,0,28
713,74,0,3
713,75,0,9
713,76,0,31
713,79,0,49
713,80,0,2
713,81,0,4
713,82,0,2
713,84,0,23
713,86,0,18
713,87,0,47
713,88,0,38
713,89,0,11
713,91,0,4
713,92,0,34
713,93,0,16
713,94,0,31
713,97,0,47
713,99,0,3
713,61,0,49
713,5,0,44
713,66,0,42
713,11,0,32
713,32,0,28
713,1,0,10
714,4,0,25
714,7,0,22
714,8,0,3
714,12,0,26
714,14,0,20
714,17,0,19
714,19,0,27
714,20,0,40
714,22,0,10
714,26,0,3
714,28,0,11
714,30,0,45
714,31,0,27
714,36,0,18
714,38,0,45
714,41,0,24
714,42,0,39
714,43,0,31
714,48,0,27
714,49,0,24
714,50,0,44
714,51,0,44
714,52,0,11
714,53,0,25
714,54,0,22
714,55,0,27
714,59,0,47
714,62,0,39
714,64,0,15
714,65,0,30
714,72,0,6
714,73,0,28
714,74,0,3
714,75,0,9
714,76,0,31
714,79,0,49
714,80,0,2
714,81,0,4
714,82,0,2
714,84,0,23
714,86,0,18
714,87,0,47
714,88,0,38
714,89,0,11
714,91,0,4
714,92,0,34
714,93,0,16
714,94,0,31
714,97,0,47
714,99,0,3
714,61,0,49
714,5,0,44
714,66,0,42
714,11,0,32
714,32,0,28
714,1,0,10
715,4,0,25
715,7,0,22
715,8,0,3
715,12,0,26
715,14,0,20
715,17,0,19
715,19,0,27
715,20,0,40
715,22,0,10
715,26,0,3
715,28,0,11
715,30,0,45
715,31,0,27
715,36,0,18
715,38,0,45
715,41,0,24
715,42,0,39
715,43,0,31
715,48,0,27
715,49,0,24
715,50,0,44
715,51,0,44
715,52,0,11
715,53,0,25
715,54,0,22
715,55,0,27
715,59,0,47
715,62,0,39
715,64,0,15
715,65,0,30
715,72,0,6
715,73,0,28
715,74,0,3
715,75,0,9
715,76,0,31
715,79,0,49
715,80,0,2
715,81,0,4
715,82,0,2
715,84,0,23
715,86,0,18
715,87,0,47
715,88,0,38
715,89,0,11
715,91,0,4
715,92,0,34
715,93,0,16
715,94,0,31
715,97,0,47
715,99,0,3
715,61,0,49
715,5,0,44
715,66,0,42
715,11,0,32
715,32,0,28
715,1,0,10
716,4,0,25
716,7,0,22
716,8,0,3
716,12,0,26
716,14,0,20
716,17,0,19
716,19,0,27
716,20,0,40
716,22,0,10
716,26,0,3
716,28,0,11
716,30,0,45
716,31,0,27
716,36,0,18
716,38,0,45
716,41,0,24
716,42,0,39
716,43,0,31
716,48,0,27
716,49,0,24
716,50,0,44
716,51,0,44
716,52,0,11
716,53,0,25
716,54,0,22
716,55,0,27
716,59,0,47
716,62,0,39
716,64,0,15
716,65,0,30
716,72,0,6
716,73,0,28
716,74,0,3
716,75,0,9
716,76,0,31
716,79,0,49
716,80,0,2
716,81,0,4
716,82,0,2
716,84,0,23
716,86,0,18
716,87,0,47
716,88,0,38
716,89,0,11
716,91,0,4
716,92,0,34
716,93,0,16
716,94,0,31
716,97,0,47
716,99,0,3
716,61,0,49
716,5,0,44
716,66,0,42
716,11,0,32
716,32,0,28
716,1,0,10
717,4,0,25
717,7,0,22
717,8,0,3
717,12,0,26
717,14,0,20
717,17,0,19
717,19,0,27
717,20,0,40
717,22,0,10
717,26,0,3
717,28,0,11
717,30,0,45
717,31,0,27
717,36,0,18
717,38,0,45
717,41,0,24
717,42,0,39
717,43,0,31
717,48,0,27
717,49,0,24
717,50,0,44
717,51,0,44
717,52,0,11
717,53,0,25
717,54,0,22
717,55,0,27
717,59,0,47
717,62,0,39
717,64,0,15
717,65,0,30
717,72,0,6
717,73,0,28
717,74,0,3
717,75,0,9
717,76,0,31
717,79,0,49
717,80,0,2
717,81,0,4
717,82,0,2
717,84,0,23
717,86,0,18
717,87,0,47
717,88,0,38
717,89,0,11
717,91,0,4
717,92,0,34
717,93,0,16
717,94,0,31
717,97,0,47
717,99,0,3
717,61,0,49
717,5,0,44
717,66,0,42
717,11,0,32
717,32,0,28
717,1,0,10
718,4,0,25
718,7,0,22
718,8,0,3
718,12,0,26
718,14,0,20
718,17,0,19
718,19,0,27
718,20,0,40
718,22,0,10
718,26,0,3
718,28,0,11
718,30,0,45
718,31,0,27
718,36,0,18
718,38,0,45
718,41,0,24
718,42,0,39
718,43,0,31
718,48,0,27
718,49,0,24
718,50,0,44
718,51,0,44
718,52,0,11
718,53,0,25
718,54,0,22
718,55,0,27
718,59,0,47
718,62,0,39
718,64,0,15
718,65,0,30
718,72,0,6
718,73,0,28
718,74,0,3
718,75,0,9
718,76,0,31
718,79,0,49
718,80,0,2
718,81,0,4
718,82,0,2
718,84,0,23
718,86,0,18
718,87,0,47
718,88,0,38
718,89,0,11
718,91,0,4
718,92,0,34
718,93,0,16
718,94,0,31
718,97,0,47
718,99,0,3
718,61,0,49
718,5,0,44
718,66,0,42
718,11,0,32
718,32,0,28
718,1,0,10
719,4,0,25
719,7,0,22
719,8,0,3
719,12,0,26
719,14,0,20
719,17,0,19
719,19,0,27
719,20,0,40
719,22,0,10
719,26,0,3
719,28,0,11
719,30,0,45
719,31,0,27
719,36,0,18
719,38,0,45
719,41,0,24
719,42,0,39
719,43,0,31
719,48,0,27
719,49,0,24
719,50,0,44
719,51,0,44
719,52,0,11
719,53,0,25
719,54,0,22
719,55,0,27
719,59,0,47
719,62,0,39
719,64,0,15
719,65,0,30
719,72,0,6
719,73,0,28
719,74,0,3
719,75,0,9
719,76,0,31
719,79,0,49
719,80,0,2
719,81,0,4
719,82,0,2
719,84,0,23
719,86,0,18
719,87,0,47
719,88,0,38
719,89,0,11
719,91,0,4
719,92,0,34
719,93,0,16
719,94,0,31
719,97,0,47
719,99,0,3
719,61,0,49
719,5,0,44
719,66,0,42
719,11,0,32
719,32,0,28
719,1,0,10
720,4,0,25
720,7,0,22
720,8,0,3
720,12,0,26
720,14,0,20
720,17,0,19
720,19,0,27
720,20,0,40
720,22,0,10
720,26,0,3
720,28,0,11
720,30,0,45
720,31,0,27
720,36,0,18
720,38,0,45
720,41,0,24
720,42,0,39
720,43,0,31
720,48,0,27
720,49,0,24
720,50,0,44
720,51,0,44
720,52,0,11
720,53,0,25
720,54,0,22
720,55,0,27
720,59,0,47
720,62,0,39
720,64,0,15
720,65,0,30
720,72,0,6
720,73,0,28
720,74,0,3
720,75,0,9
720,76,0,31
720,79,0,49
720,80,0,2
720,81,0,4
720,82,0,2
720,84,0,23
720,86,0,18
720,87,0,47
720,88,0,38
720,89,0,11
720,91,0,4
720,92,0,34
720,93,0,16
720,94,0,31
720,97,0,47
720,99,0,3
720,61,0,49
720,5,0,44
720,66,0,42
720,11,0,32
720,32,0,28
720,1,0,10
721,4,0,25
721,7,0,22
721,8,0,3
721,12,0,26
721,14,0,20
721,17,0,19
721,19,0,27
721,20,0,40
721,22,0,10
721,26,0,3
721,28,0,11
721,30,0,45
721,31,0,27
721,36,0,18
721,38,0,45
721,41,0,24
721,42,0,39
721,43,0,31
721,48,0,27
721,49,0,24
721,50,0,44
721,51,0,44
721,52,0,11
721,53,0,25
721,54,0,22
721,55,0,27
721,59,0,47
721,62,0,39
721,64,0,15
721,65,0,30
721,72,0,6
721,73,0,28
721,74,0,3
721,75,0,9
721,76,0,31
721,79,0,49
721,80,0,2
721,81,0,4
721,82,0,2
721,84,0,23
721,86,0,18
721,87,0,47
721,88,0,38
721,89,0,11
721,91,0,4
721,92,0,34
721,93,0,16
721,94,0,31
721,97,0,47
721,99,0,3
721,61,0,49
721,5,0,44
721,66,0,42
721,11,0,32
721,32,0,28
721,1,0,10
722,4,0,25
722,7,0,22
722,8,0,3
722,12,0,26
722,14,0,20
722,17,0,19
722,19,0,27
722,20,0,40
722,22,0,10
722,26,0,3
722,28,0,11
722,30,0,45
722,31,0,27
722,36,0,18
722,38,0,45
722,41,0,24
722,42,0,39
722,43,0,31
722,48,0,27
722,49,0,24
722,50,0,44
722,51,0,44
722,52,0,11
722,53,0,25
722,54,0,22
722,55,0,27
722,59,0,47
722,62,0,39
722,64,0,15
722,65,0,30
722,72,0,6
722,73,0,28
722,74,0,3
722,75,0,9
722,76,0,31
722,79,0,49
722,80,0,2
722,81,0,4
722,82,0,2
722,84,0,23
722,86,0,18
722,87,0,47
722,88,0,38
722,89,0,11
722,91,0,4
722,92,0,34
722,93,0,16
722,94,0,31
722,97,0,47
722,99,0,3
722,61,0,49
722,5,0,44
722,66,0,42
722,11,0,32
722,32,0,28
722,1,0,10
723,4,0,25
723,7,0,22
723,8,0,3
723,12,0,26
723,14,0,20
723,17,0,19
723,19,0,27
723,20,0,40
723,22,0,10
723,26,0,3
723,28,0,11
723,30,0,45
723,31,0,27
723,36,0,18
723,38,0,45
723,41,0,24
723,42,0,39
723,43,0,31
723,48,0,27
723,49,0,24
723,50,0,44
723,51,0,44
723,52,0,11
723,53,0,25
723,54,0,22
723,55,0,27
723,59,0,47
723,62,0,39
723,64,0,15
723,65,0,30
723,72,0,6
723,73,0,28
723,74,0,3
723,75,0,9
723,76,0,31
723,79,0,49
723,80,0,2
723,81,0,4
723,82,0,2
723,84,0,23
723,86,0,18
723,87,0,47
723,88,0,38
723,89,0,11
723,91,0,4
723,92,0,34
723,93,0,16
723,94,0,31
723,97,0,47
723,99,0,3
723,61,0,49
723,5,0,44
723,66,0,42
723,11,0,32
723,32,0,28
723,1,0,10
724,4,0,25
724,7,0,22
724,8,0,3
724,12,0,26
724,14,0,20
724,17,0,19
724,19,0,27
724,20,0,40
724,22,0,10
724,26,0,3
724,28,0,11
724,30,0,45
724,31,0,27
724,36,0,18
724,38,0,45
724,41,0,24
724,42,0,39
724,43,0,31
724,48,0,27
724,49,0,24
724,50,0,44
724,51,0,44
724,52,0,11
724,53,0,25
724,54,0,22
724,55,0,27
724,59,0,47
724,62,0,39
724,64,0,15
724,65,0,30
724,72,0,6
724,73,0,28
724,74,0,3
724,75,0,9
724,76,0,31
724,79,0,49
724,80,0,2
724,81,0,4
724,82,0,2
724,84,0,23
724,86,0,18
724,87,0,47
724,88,0,38
724,89,0,11
724,91,0,4
724,92,0,34
724,93,0,16
724,94,0,31
724,97,0,47
724,99,0,3
724,61,0,49
724,5,0,44
724,66,0,42
724,11,0,32
724,32,0,28
724,1,0,10
725,4,0,25
725,7,0,22
725,8,0,3
725,12,0,26
725,14,0,20
725,17,0,19
725,19,0,27
725,20,0,40
725,22,0,10
725,26,0,3
725,28,0,11
725,30,0,45
725,31,0,27
725,36,0,18
725,38,0,45
725,41,0,24
725,42,0,39
725,43,0,31
725,48,0,27
725,49,0,24
725,50,0,44
725,51,0,44
725,52,0,11
725,53,0,25
725,54,0,22
725,55,0,27
725,59,0,47
725,62,0,39
725,64,0,15
725,65,0,30
725,72,0,6
725,73,0,28
725,74,0,3
725,75,0,9
725,76,0,31
725,79,0,49
725,80,0,2
725,81,0,4
725,82,0,2
725,84,0,23
725,86,0,18
725,87,0,47
725,88,0,38
725,89,0,11
725,91,0,4
725,92,0,34
725,93,0,16
725,94,0,31
725,97,0,47
725,99,0,3
725,61,0,49
725,5,0,44
725,66,0,42
725,11,0,32
725,32,0,28
725,1,0,10
726,4,0,25
726,7,0,22
726,8,0,3
726,12,0,26
726,14,0,20
726,17,0,19
726,19,0,27
726,20,0,40
726,22,0,10
726,26,0,3
726,28,0,11
726,30,0,45
726,31,0,27
726,36,0,18
726,38,0,45
726,41,0,24
726,42,0,39
726,43,0,31
726,48,0,27
726,49,0,24
726,50,0,44
726,51,0,44
726,52,0,11
726,53,0,25
726,54,0,22
726,55,0,27
726,59,0,47
726,62,0,39
726,64,0,15
726,65,0,30
726,72,0,6
726,73,0,28
726,74,0,3
726,75,0,9
726,76,0,31
726,79,0,49
726,80,0,2
726,81,0,4
726,82,0,2
726,84,0,23
726,86,0,18
726,87,0,47
726,88,0,38
726,89,0,11
726,91,0,4
726,92,0,34
726,93,0,16
726,94,0,31
726,97,0,47
726,99,0,3
726,61,0,49
726,5,0,44
726,66,0,42
726,11,0,32
726,32,0,28
726,1,0,10
727,4,0,25
727,7,0,22
727,8,0,3
727,12,0,26
727,14,0,20
727,17,0,19
727,19,0,27
727,20,0,40
727,22,0,10
727,26,0,3
727,28,0,11
727,30,0,45
727,31,0,27
727,36,0,18
727,38,0,45
727,41,0,24
727,42,0,39
727,43,0,31
727,48,0,27
727,49,0,24
727,50,0,44
727,51,0,44
727,52,0,11
727,53,0,25
727,54,0,22
727,55,0,27
727,59,0,47
727,62,0,39
727,64,0,15
727,65,0,30
727,72,0,6
727,73,0,28
727,74,0,3
727,75,0,9
727,76,0,31
727,79,0,49
727,80,0,2
727,81,0,4
727,82,0,2
727,84,0,23
727,86,0,18
727,87,0,47
727,88,0,38
727,89,0,11
727,91,0,4
727,92,0,34
727,93,0,16
727,94,0,31
727,97,0,47
727,99,0,3
727,61,0,49
727,5,0,44
727,66,0,42
727,11,0,32
727,32,0,28
727,1,0,10
728,4,0,25
728,7,0,22
728,8,0,3
728,12,0,26
728,14,0,20
728,17,0,19
728,19,0,27
728,20,0,40
728,22,0,10
728,26,0,3
728,28,0,11
728,30,0,45
728,31,0,27
728,36,0,18
728,38,0,45
728,41,0,24
728,42,0,39
728,43,0,31
728,48,0,27
728,49,0,24
728,50,0,44
728,51,0,44
728,52,0,11
728,53,0,25
728,54,0,22
728,55,0,27
728,59,0,47
728,62,0,39
728,64,0,15
728,65,0,30
728,72,0,6
728,73,0,28
728,74,0,3
728,75,0,9
728,76,0,31
728,79,0,49
728,80,0,2
728,81,0,4
728,82,0,2
728,84,0,23
728,86,0,18
728,87,0,47
728,88,0,38
728,89,0,11
728,91,0,4
728,92,0,34
728,93,0,16
728,94,0,31
728,97,0,47
728,99,0,3
728,61,0,49
728,5,0,44
728,66,0,42
728,11,0,32
728,32,0,28
728,1,0,10
729,4,0,25
729,7,0,22
729,8,0,3
729,12,0,26
729,14,0,20
729,17,0,19
729,19,0,27
729,20,0,40
729,22,0,10
729,26,0,3
729,28,0,11
729,30,0,45
729,31,0,27
729,36,0,18
729,38,0,45
729,41,0,24
729,42,0,39
729,43,0,31
729,48,0,27
729,49,0,24
729,50,0,44
729,51,0,44
729,52,0,11
729,53,0,25
729,54,0,22
729,55,0,27
729,59,0,47
729,62,0,39
729,64,0,15
729,65,0,30
729,72,0,6
729,73,0,28
729,74,0,3
729,75,0,9
729,76,0,31
729,79,0,49
729,80,0,2
729,81,0,4
729,82,0,2
729,84,0,23
729,86,0,18
729,87,0,47
729,88,0,38
729,89,0,11
729,91,0,4
729,92,0,34
729,93,0,16
729,94,0,31
729,97,0,47
729,99,0,3
729,61,0,49
729,5,0,44
729,66,0,42
729,11,0,32
729,32,0,28
729,1,0,10
730,4,0,25
730,7,0,22
730,8,0,3
730,12,0,26
730,14,0,20
730,17,0,19
730,19,0,27
730,20,0,40
730,22,0,10
730,26,0,3
730,28,0,11
730,30,0,45
730,31,0,27
730,36,0,18
730,38,0,45
730,41,0,24
730,42,0,39
730,43,0,31
730,48,0,27
730,49,0,24
730,50,0,44
730,51,0,44
730,52,0,11
730,53,0,25
730,54,0,22
730,55,0,27
730,59,0,47
730,62,0,39
730,64,0,15
730,65,0,30
730,72,0,6
730,73,0,28
730,74,0,3
730,75,0,9
730,76,0,31
730,79,0,49
730,80,0,2
730,81,0,4
730,82,0,2
730,84,0,23
730,86,0,18
730,87,0,47
730,88,0,38
730,89,0,11
730,91,0,4
730,92,0,34
730,93,0,16
730,94,0,31
730,97,0,47
730,99,0,3
730,61,0,49
730,5,0,44
730,66,0,42
730,11,0,32
730,32,0,28
730,1,0,10
731,4,0,25
731,7,0,22
731,8,0,3
731,12,0,26
731,14,0,20
731,17,0,19
731,19,0,27
731,20,0,40
731,22,0,10
731,26,0,3
731,28,0,11
731,30,0,45
731,31,0,27
731,36,0,18
731,38,0,45
731,41,0,24
731,42,0,39
731,43,0,31
731,48,0,27
731,49,0,24
731,50,0,44
731,51,0,44
731,52,0,11
731,53,0,25
731,54,0,22
731,55,0,27
731,59,0,47
731,62,0,39
731,64,0,15
731,65,0,30
731,72,0,6
731,73,0,28
731,74,0,3
731,75,0,9
731,76,0,31
731,79,0,49
731,80,0,2
731,81,0,4
731,82,0,2
731,84,0,23
731,86,0,18
731,87,0,47
731,88,0,38
731,89,0,11
731,91,0,4
731,92,0,34
731,93,0,16
731,94,0,31
731,97,0,47
731,99,0,3
731,61,0,49
731,5,0,44
731,66,0,42
731,11,0,32
731,32,0,28
731,1,0,10
732,4,0,25
732,7,0,22
732,8,0,3
732,12,0,26
732,14,0,20
732,17,0,19
732,19,0,27
732,20,0,40
732,22,0,10
732,26,0,3
732,28,0,11
732,30,0,45
732,31,0,27
732,36,0,18
732,38,0,45
732,41,0,24
732,42,0,39
732,43,0,31
732,48,0,27
732,49,0,24
732,50,0,44
732,51,0,44
732,52,0,11
732,53,0,25
732,54,0,22
732,55,0,27
732,59,0,47
732,62,0,39
732,64,0,15
732,65,0,30
732,72,0,6
732,73,0,28
732,74,0,3
732,75,0,9
732,76,0,31
732,79,0,49
732,80,0,2
732,81,0,4
732,82,0,2
732,84,0,23
732,86,0,18
732,87,0,47
732,88,0,38
732,89,0,11
732,91,0,4
732,92,0,34
732,93,0,16
732,94,0,31
732,97,0,47
732,99,0,3
732,61,0,49
732,5,0,44
732,66,0,42
732,11,0,32
732,32,0,28
732,1,0,10
733,4,0,25
733,7,0,22
733,8,0,3
733,12,0,26
733,14,0,20
733,17,0,19
733,19,0,27
733,20,0,40
733,22,0,10
733,26,0,3
733,28,0,11
733,30,0,45
733,31,0,27
733,36,0,18
733,38,0,45
733,41,0,24
733,42,0,39
733,43,0,31
733,48,0,27
733,49,0,24
733,50,0,44
733,51,0,44
733,52,0,11
733,53,0,25
733,54,0,22
733,55,0,27
733,59,0,47
733,62,0,39
733,64,0,15
733,65,0,30
733,72,0,6
733,73,0,28
733,74,0,3
733,75,0,9
733,76,0,31
733,79,0,49
733,80,0,2
733,81,0,4
733,82,0,2
733,84,0,23
733,86,0,18
733,87,0,47
733,88,0,38
733,89,0,11
733,91,0,4
733,92,0,34
733,93,0,16
733,94,0,31
733,97,0,47
733,99,0,3
733,61,0,49
733,5,0,44
733,66,0,42
733,11,0,32
733,32,0,28
733,1,0,10
734,4,0,25
734,7,0,22
734,8,0,3
734,12,0,26
734,14,0,20
734,17,0,19
734,19,0,27
734,20,0,40
734,22,0,10
734,26,0,3
734,28,0,11
734,30,0,45
734,31,0,27
734,36,0,18
734,38,0,45
734,41,0,24
734,42,0,39
734,43,0,31
734,48,0,27
734,49,0,24
734,50,0,44
734,51,0,44
734,52,0,11
734,53,0,25
734,54,0,22
734,55,0,27
734,59,0,47
734,62,0,39
734,64,0,15
734,65,0,30
734,72,0,6
734,73,0,28
734,74,0,3
734,75,0,9
734,76,0,31
734,79,0,49
734,80,0,2
734,81,0,4
734,82,0,2
734,84,0,23
734,86,0,18
734,87,0,47
734,88,0,38
734,89,0,11
734,91,0,4
734,92,0,34
734,93,0,16
734,94,0,31
734,97,0,47
734,99,0,3
734,61,0,49
734,5,0,44
734,66,0,42
734,11,0,32
734,32,0,28
734,1,0,10
735,4,0,25
735,7,0,22
735,8,0,3
735,12,0,26
735,14,0,20
735,17,0,19
735,19,0,27
735,20,0,40
735,22,0,10
735,26,0,3
735,28,0,11
735,30,0,45
735,31,0,27
735,36,0,18
735,38,0,45
735,41,0,24
735,42,0,39
735,43,0,31
735,48,0,27
735,49,0,24
735,50,0,44
735,51,0,44
735,52,0,11
735,53,0,25
735,54,0,22
735,55,0,27
735,59,0,47
735,62,0,39
735,64,0,15
735,65,0,30
735,72,0,6
735,73,0,28
735,74,0,3
735,75,0,9
735,76,0,31
735,79,0,49
735,80,0,2
735,81,0,4
735,82,0,2
735,84,0,23
735,86,0,18
735,87,0,47
735,88,0,38
735,89,0,11
735,91,0,4
735,92,0,34
735,93,0,16
735,94,0,31
735,97,0,47
735,99,0,3
735,61,0,49
735,5,0,44
735,66,0,42
735,11,0,32
735,32,0,28
735,1,0,10
736,4,0,25
736,7,0,22
736,8,0,3
736,12,0,26
736,14,0,20
736,17,0,19
736,19,0,27
736,20,0,40
736,22,0,10
736,26,0,3
736,28,0,11
736,30,0,45
736,31,0,27
736,36,0,18
736,38,0,45
736,41,0,24
736,42,0,39
736,43,0,31
736,48,0,27
736,49,0,24
736,50,0,44
736,51,0,44
736,52,0,11
736,53,0,25
736,54,0,22
736,55,0,27
736,59,0,47
736,62,0,39
736,64,0,15
736,65,0,30
736,72,0,6
736,73,0,28
736,74,0,3
736,75,0,9
736,76,0,31
736,79,0,49
736,80,0,2
736,81,0,4
736,82,0,2
736,84,0,23
736,86,0,18
736,87,0,47
736,88,0,38
736,89,0,11
736,91,0,4
736,92,0,34
736,93,0,16
736,94,0,31
736,97,0,47
736,99,0,3
736,61,0,49
736,5,0,44
736,66,0,42
736,11,0,32
736,32,0,28
736,1,0,10
737,4,0,25
737,7,0,22
737,8,0,3
737,12,0,26
737,14,0,20
737,17,0,19
737,19,0,27
737,20,0,40
737,22,0,10
737,26,0,3
737,28,0,11
737,30,0,45
737,31,0,27
737,36,0,18
737,38,0,45
737,41,0,24
737,42,0,39
737,43,0,31
737,48,0,27
737,49,0,24
737,50,0,44
737,51,0,44
737,52,0,11
737,53,0,25
737,54,0,22
737,55,0,27
737,59,0,47
737,62,0,39
737,64,0,15
737,65,0,30
737,72,0,6
737,73,0,28
737,74,0,3
737,75,0,9
737,76,0,31
737,79,0,49
737,80,0,2
737,81,0,4
737,82,0,2
737,84,0,23
737,86,0,18
737,87,0,47
737,88,0,38
737,89,0,11
737,91,0,4
737,92,0,34
737,93,0,16
737,94,0,31
737,97,0,47
737,99,0,3
737,61,0,49
737,5,0,44
737,66,0,42
737,11,0,32
737,32,0,28
737,1,0,10
738,4,0,25
738,7,0,22
738,8,0,3
738,12,0,26
738,14,0,20
738,17,0,19
738,19,0,27
738,20,0,40
738,22,0,10
738,26,0,3
738,28,0,11
738,30,0,45
738,31,0,27
738,36,0,18
738,38,0,45
738,41,0,24
738,42,0,39
738,43,0,31
738,48,0,27
738,49,0,24
738,50,0,44
738,51,0,44
738,52,0,11
738,53,0,25
738,54,0,22
738,55,0,27
738,59,0,47
738,62,0,39
738,64,0,15
738,65,0,30
738,72,0,6
738,73,0,28
738,74,0,3
738,75,0,9
738,76,0,31
738,79,0,49
738,80,0,2
738,81,0,4
738,82,0,2
738,84,0,23
738,86,0,18
738,87,0,47
738,88,0,38
738,89,0,11
738,91,0,4
738,92,0,34
738,93,0,16
738,94,0,31
738,97,0,47
738,99,0,3
738,61,0,49
738,5,0,44
738,66,0,42
738,11,0,32
738,32,0,28
738,1,0,10
739,4,0,25
739,7,0,22
739,8,0,3
739,12,0,26
739,14,0,20
739,17,0,19
739,19,0,27
739,20,0,40
739,22,0,10
739,26,0,3
739,28,0,11
739,30,0,45
739,31,0,27
739,36,0,18
739,38,0,45
739,41,0,24
739,42,0,39
739,43,0,31
739,48,0,27
739,49,0,24
739,50,0,44
739,51,0,44
739,52,0,11
739,53,0,25
739,54,0,22
739,55,0,27
739,59,0,47
739,62,0,39
739,64,0,15
739,65,0,30
739,72,0,6
739,73,0,28
739,74,0,3
739,75,0,9
739,76,0,31
739,79,0,49
739,80,0,2
739,81,0,4
739,82,0,2
739,84,0,23
739,86,0,18
739,87,0,47
739,88,0,38
739,89,0,11
739,91,0,4
739,92,0,34
739,93,0,16
739,94,0,31
739,97,0,47
739,99,0,3
739,61,0,49
739,5,0,44
739,66,0,42
739,11,0,32
739,32,0,28
739,1,0,10
740,4,0,25
740,7,0,22
740,8,0,3
740,12,0,26
740,14,0,20
740,17,0,19
740,19,0,27
740,20,0,40
740,22,0,10
740,26,0,3
740,28,0,11
740,30,0,45
740,31,0,27
740,36,0,18
740,38,0,45
740,41,0,24
740,42,0,39
740,43,0,31
740,48,0,27
740,49,0,24
740,50,0,44
740,51,0,44
740,52,0,11
740,53,0,25
740,54,0,22
740,55,0,27
740,59,0,47
740,62,0,39
740,64,0,15
740,65,0,30
740,72,0,6
740,73,0,28
740,74,0,3
740,75,0,9
740,76,0,31
740,79,0,49
740,80,0,2
740,81,0,4
740,82,0,2
740,84,0,23
740,86,0,18
740,87,0,47
740,88,0,38
740,89,0,11
740,91,0,4
740,92,0,34
740,93,0,16
740,94,0,31
740,97,0,47
740,99,0,3
740,61,0,49
740,5,0,44
740,66,0,42
740,11,0,32
740,32,0,28
740,1,0,10
741,4,0,25
741,7,0,22
741,8,0,3
741,12,0,26
741,14,0,20
741,17,0,19
741,19,0,27
741,20,0,40
741,22,0,10
741,26,0,3
741,28,0,11
741,30,0,45
741,31,0,27
741,36,0,18
741,38,0,45
741,41,0,24
741,42,0,39
741,43,0,31
741,48,0,27
741,49,0,24
741,50,0,44
741,51,0,44
741,52,0,11
741,53,0,25
741,54,0,22
741,55,0,27
741,59,0,47
741,62,0,39
741,64,0,15
741,65,0,30
741,72,0,6
741,73,0,28
741,74,0,3
741,75,0,9
741,76,0,31
741,79,0,49
741,80,0,2
741,81,0,4
741,82,0,2
741,84,0,23
741,86,0,18
741,87,0,47
741,88,0,38
741,89,0,11
741,91,0,4
741,92,0,34
741,93,0,16
741,94,0,31
741,97,0,47
741,99,0,3
741,61,0,49
741,5,0,44
741,66,0,42
741,11,0,32
741,32,0,28
741,1,0,10
742,4,0,25
742,7,0,22
742,8,0,3
742,12,0,26
742,14,0,20
742,17,0,19
742,19,0,27
742,20,0,40
742,22,0,10
742,26,0,3
742,28,0,11
742,30,0,45
742,31,0,27
742,36,0,18
742,38,0,45
742,41,0,24
742,42,0,39
742,43,0,31
742,48,0,27
742,49,0,24
742,50,0,44
742,51,0,44
742,52,0,11
742,53,0,25
742,54,0,22
742,55,0,27
742,59,0,47
742,62,0,39
742,64,0,15
742,65,0,30
742,72,0,6
742,73,0,28
742,74,0,3
742,75,0,9
742,76,0,31
742,79,0,49
742,80,0,2
742,81,0,4
742,82,0,2
742,84,0,23
742,86,0,18
742,87,0,47
742,88,0,38
742,89,0,11
742,91,0,4
742,92,0,34
742,93,0,16
742,94,0,31
742,97,0,47
742,99,0,3
742,61,0,49
742,5,0,44
742,66,0,42
742,11,0,32
742,32,0,28
742,1,0,10
743,4,0,25
743,7,0,22
743,8,0,3
743,12,0,26
743,14,0,20
743,17,0,19
743,19,0,27
743,20,0,40
743,22,0,10
743,26,0,3
743,28,0,11
743,30,0,45
743,31,0,27
743,36,0,18
743,38,0,45
743,41,0,24
743,42,0,39
743,43,0,31
743,48,0,27
743,49,0,24
743,50,0,44
743,51,0,44
743,52,0,11
743,53,0,25
743,54,0,22
743,55,0,27
743,59,0,47
743,62,0,39
743,64,0,15
743,65,0,30
743,72,0,6
743,73,0,28
743,74,0,3
743,75,0,9
743,76,0,31
743,79,0,49
743,80,0,2
743,81,0,4
743,82,0,2
743,84,0,23
743,86,0,18
743,87,0,47
743,88,0,38
743,89,0,11
743,91,0,4
743,92,0,34
743,93,0,16
743,94,0,31
743,97,0,47
743,99,0,3
743,61,0,49
743,5,0,44
743,66,0,42
743,11,0,32
743,32,0,28
743,1,0,10
744,4,0,25
744,7,0,22
744,8,0,3
744,12,0,26
744,14,0,20
744,17,0,19
744,19,0,27
744,20,0,40
744,22,0,10
744,26,0,3
744,28,0,11
744,30,0,45
744,31,0,27
744,36,0,18
744,38,0,45
744,41,0,24
744,42,0,39
744,43,0,31
744,48,0,27
744,49,0,24
744,50,0,44
744,51,0,44
744,52,0,11
744,53,0,25
744,54,0,22
744,55,0,27
744,59,0,47
744,62,0,39
744,64,0,15
744,65,0,30
744,72,0,6
744,73,0,28
744,74,0,3
744,75,0,9
744,76,0,31
744,79,0,49
744,80,0,2
744,81,0,4
744,82,0,2
744,84,0,23
744,86,0,18
744,87,0,47
744,88,0,38
744,89,0,11
744,91,0,4
744,92,0,34
744,93,0,16
744,94,0,31
744,97,0,47
744,99,0,3
744,61,0,49
744,5,0,44
744,66,0,42
744,11,0,32
744,32,0,28
744,1,0,10
745,4,0,25
745,7,0,22
745,8,0,3
745,12,0,26
745,14,0,20
745,17,0,19
745,19,0,27
745,20,0,40
745,22,0,10
745,26,0,3
745,28,0,11
745,30,0,45
745,31,0,27
745,36,0,18
745,38,0,45
745,41,0,24
745,42,0,39
745,43,0,31
745,48,0,27
745,49,0,24
745,50,0,44
745,51,0,44
745,52,0,11
745,53,0,25
745,54,0,22
745,55,0,27
745,59,0,47
745,62,0,39
745,64,0,15
745,65,0,30
745,72,0,6
745,73,0,28
745,74,0,3
745,75,0,9
745,76,0,31
745,79,0,49
745,80,0,2
745,81,0,4
745,82,0,2
745,84,0,23
745,86,0,18
745,87,0,47
745,88,0,38
745,89,0,11
745,91,0,4
745,92,0,34
745,93,0,16
745,94,0,31
745,97,0,47
745,99,0,3
745,61,0,49
745,5,0,44
745,66,0,42
745,11,0,32
745,32,0,28
745,1,0,10
746,4,0,25
746,7,0,22
746,8,0,3
746,12,0,26
746,14,0,20
746,17,0,19
746,19,0,27
746,20,0,40
746,22,0,10
746,26,0,3
746,28,0,11
746,30,0,45
746,31,0,27
746,36,0,18
746,38,0,45
746,41,0,24
746,42,0,39
746,43,0,31
746,48,0,27
746,49,0,24
746,50,0,44
746,51,0,44
746,52,0,11
746,53,0,25
746,54,0,22
746,55,0,27
746,59,0,47
746,62,0,39
746,64,0,15
746,65,0,30
746,72,0,6
746,73,0,28
746,74,0,3
746,75,0,9
746,76,0,31
746,79,0,49
746,80,0,2
746,81,0,4
746,82,0,2
746,84,0,23
746,86,0,18
746,87,0,47
746,88,0,38
746,89,0,11
746,91,0,4
746,92,0,34
746,93,0,16
746,94,0,31
746,97,0,47
746,99,0,3
746,61,0,49
746,5,0,44
746,66,0,42
746,11,0,32
746,32,0,28
746,1,0,10
747,4,0,25
747,7,0,22
747,8,0,3
747,12,0,26
747,14,0,20
747,17,0,19
747,19,0,27
747,20,0,40
747,22,0,10
747,26,0,3
747,28,0,11
747,30,0,45
747,31,0,27
747,36,0,18
747,38,0,45
747,41,0,24
747,42,0,39
747,43,0,31
747,48,0,27
747,49,0,24
747,50,0,44
747,51,0,44
747,52,0,11
747,53,0,25
747,54,0,22
747,55,0,27
747,59,0,47
747,62,0,39
747,64,0,15
747,65,0,30
747,72,0,6
747,73,0,28
747,74,0,3
747,75,0,9
747,76,0,31
747,79,0,49
747,80,0,2
747,81,0,4
747,82,0,2
747,84,0,23
747,86,0,18
747,87,0,47
747,88,0,38
747,89,0,11
747,91,0,4
747,92,0,34
747,93,0,16
747,94,0,31
747,97,0,47
747,99,0,3
747,61,0,49
747,5,0,44
747,66,0,42
747,11,0,32
747,32,0,28
747,1,0,10
748,4,0,25
748,7,0,22
748,8,0,3
748,12,0,26
748,14,0,20
748,17,0,19
748,19,0,27
748,20,0,40
748,22,0,10
748,26,0,3
748,28,0,11
748,30,0,45
748,31,0,27
748,36,0,18
748,38,0,45
748,41,0,24
748,42,0,39
748,43,0,31
748,48,0,27
748,49,0,24
748,50,0,44
748,51,0,44
748,52,0,11
748,53,0,25
748,54,0,22
748,55,0,27
748,59,0,47
748,62,0,39
748,64,0,15
748,65,0,30
748,72,0,6
748,73,0,28
748,74,0,3
748,75,0,9
748,76,0,31
748,79,0,49
748,80,0,2
748,81,0,4
748,82,0,2
748,84,0,23
748,86,0,18
748,87,0,47
748,88,0,38
748,89,0,11
748,91,0,4
748,92,0,34
748,93,0,16
748,94,0,31
748,97,0,47
748,99,0,3
748,61,0,49
748,5,0,44
748,66,0,42
748,11,0,32
748,32,0,28
748,1,0,10
749,4,0,25
749,7,0,22
749,8,0,3
749,12,0,26
749,14,0,20
749,17,0,19
749,19,0,27
749,20,0,40
749,22,0,10
749,26,0,3
749,28,0,11
749,30,0,45
749,31,0,27
749,36,0,18
749,38,0,45
749,41,0,24
749,42,0,39
749,43,0,31
749,48,0,27
749,49,0,24
749,50,0,44
749,51,0,44
749,52,0,11
749,53,0,25
749,54,0,22
749,55,0,27
749,59,0,47
749,62,0,39
749,64,0,15
749,65,0,30
749,72,0,6
749,73,0,28
749,74,0,3
749,75,0,9
749,76,0,31
749,79,0,49
749,80,0,2
749,81,0,4
749,82,0,2
749,84,0,23
749,86,0,18
749,87,0,47
749,88,0,38
749,89,0,11
749,91,0,4
749,92,0,34
749,93,0,16
749,94,0,31
749,97,0,47
749,99,0,3
749,61,0,49
749,5,0,44
749,66,0,42
749,11,0,32
749,32,0,28
749,1,0,10
750,4,0,25
750,7,0,22
750,8,0,3
750,12,0,26
750,14,0,20
750,17,0,19
750,19,0,27
750,20,0,40
750,22,0,10
750,26,0,3
750,28,0,11
750,30,0,45
750,31,0,27
750,36,0,18
750,38,0,45
750,41,0,24
750,42,0,39
750,43,0,31
750,48,0,27
750,49,0,24
750,50,0,44
750,51,0,44
750,52,0,11
750,53,0,25
750,54,0,22
750,55,0,27
750,59,0,47
750,62,0,39
750,64,0,15
750,65,0,30
750,72,0,6
750,73,0,28
750,74,0,3
750,75,0,9
750,76,0,31
750,79,0,49
750,80,0,2
750,81,0,4
750,82,0,2
750,84,0,23
750,86,0,18
750,87,0,47
750,88,0,38
750,89,0,11
750,91,0,4
750,92,0,34
750,93,0,16
750,94,0,31
750,97,0,47
750,99,0,3
750,61,0,49
750,5,0,44
750,66,0,42
750,11,0,32
750,32,0,28
750,1,0,10
751,4,0,25
751,7,0,22
751,8,0,3
751,12,0,26
751,14,0,20
751,17,0,19
751,19,0,27
751,20,0,40
751,22,0,10
751,26,0,3
751,28,0,11
751,30,0,45
751,31,0,27
751,36,0,18
751,38,0,45
751,41,0,24
751,42,0,39
751,43,0,31
751,48,0,27
751,49,0,24
751,50,0,44
751,51,0,44
751,52,0,11
751,53,0,25
751,54,0,22
751,55,0,27
751,59,0,47
751,62,0,39
751,64,0,15
751,65,0,30
751,72,0,6
751,73,0,28
751,74,0,3
751,75,0,9
751,76,0,31
751,79,0,49
751,80,0,2
751,81,0,4
751,82,0,2
751,84,0,23
751,86,0,18
751,87,0,47
751,88,0,38
751,89,0,11
751,91,0,4
751,92,0,34
751,93,0,16
751,94,0,31
751,97,0,47
751,99,0,3
751,61,0,49
751,5,0,44
751,66,0,42
751,11,0,32
751,32,0,28
751,1,0,10
752,4,0,25
752,7,0,22
752,8,0,3
752,12,0,26
752,14,0,20
752,17,0,19
752,19,0,27
752,20,0,40
752,22,0,10
752,26,0,3
752,28,0,11
752,30,0,45
752,31,0,27
752,36,0,18
752,38,0,45
752,41,0,24
752,42,0,39
752,43,0,31
752,48,0,27
752,49,0,24
752,50,0,44
752,51,0,44
752,52,0,11
752,53,0,25
752,54,0,22
752,55,0,27
752,59,0,47
752,62,0,39
752,64,0,15
752,65,0,30
752,72,0,6
752,73,0,28
752,74,0,3
752,75,0,9
752,76,0,31
752,79,0,49
752,80,0,2
752,81,0,4
752,82,0,2
752,84,0,23
752,86,0,18
752,87,0,47
752,88,0,38
752,89,0,11
752,91,0,4
752,92,0,34
752,93,0,16
752,94,0,31
752,97,0,47
752,99,0,3
752,61,0,49
752,5,0,44
752,66,0,42
752,11,0,32
752,32,0,28
752,1,0,10
753,4,0,25
753,7,0,22
753,8,0,3
753,12,0,26
753,14,0,20
753,17,0,19
753,19,0,27
753,20,0,40
753,22,0,10
753,26,0,3
753,28,0,11
753,30,0,45
753,31,0,27
753,36,0,18
753,38,0,45
753,41,0,24
753,42,0,39
753,43,0,31
753,48,0,27
753,49,0,24
753,50,0,44
753,51,0,44
753,52,0,11
753,53,0,25
753,54,0,22
753,55,0,27
753,59,0,47
753,62,0,39
753,64,0,15
753,65,0,30
753,72,0,6
753,73,0,28
753,74,0,3
753,75,0,9
753,76,0,31
753,79,0,49
753,80,0,2
753,81,0,4
753,82,0,2
753,84,0,23
753,86,0,18
753,87,0,47
753,88,0,38
753,89,0,11
753,91,0,4
753,92,0,34
753,93,0,16
753,94,0,31
753,97,0,47
753,99,0,3
753,61,0,49
753,5,0,44
753,66,0,42
753,11,0,32
753,32,0,28
753,1,0,10
754,4,0,25
754,7,0,22
754,8,0,3
754,12,0,26
754,14,0,20
754,17,0,19
754,19,0,27
754,20,0,40
754,22,0,10
754,26,0,3
754,28,0,11
754,30,0,45
754,31,0,27
754,36,0,18
754,38,0,45
754,41,0,24
754,42,0,39
754,43,0,31
754,48,0,27
754,49,0,24
754,50,0,44
754,51,0,44
754,52,0,11
754,53,0,25
754,54,0,22
754,55,0,27
754,59,0,47
754,62,0,39
754,64,0,15
754,65,0,30
754,72,0,6
754,73,0,28
754,74,0,3
754,75,0,9
754,76,0,31
754,79,0,49
754,80,0,2
754,81,0,4
754,82,0,2
754,84,0,23
754,86,0,18
754,87,0,47
754,88,0,38
754,89,0,11
754,91,0,4
754,92,0,34
754,93,0,16
754,94,0,31
754,97,0,47
754,99,0,3
754,61,0,49
754,5,0,44
754,66,0,42
754,11,0,32
754,32,0,28
754,1,0,10
755,4,0,25
755,7,0,22
755,8,0,3
755,12,0,26
755,14,0,20
755,17,0,19
755,19,0,27
755,20,0,40
755,22,0,10
755,26,0,3
755,28,0,11
755,30,0,45
755,31,0,27
755,36,0,18
755,38,0,45
755,41,0,24
755,42,0,39
755,43,0,31
755,48,0,27
755,49,0,24
755,50,0,44
755,51,0,44
755,52,0,11
755,53,0,25
755,54,0,22
755,55,0,27
755,59,0,47
755,62,0,39
755,64,0,15
755,65,0,30
755,72,0,6
755,73,0,28
755,74,0,3
755,75,0,9
755,76,0,31
755,79,0,49
755,80,0,2
755,81,0,4
755,82,0,2
755,84,0,23
755,86,0,18
755,87,0,47
755,88,0,38
755,89,0,11
755,91,0,4
755,92,0,34
755,93,0,16
755,94,0,31
755,97,0,47
755,99,0,3
755,61,0,49
755,5,0,44
755,66,0,42
755,11,0,32
755,32,0,28
755,1,0,10
756,4,0,25
756,7,0,22
756,8,0,3
756,12,0,26
756,14,0,20
756,17,0,19
756,19,0,27
756,20,0,40
756,22,0,10
756,26,0,3
756,28,0,11
756,30,0,45
756,31,0,27
756,36,0,18
756,38,0,45
756,41,0,24
756,42,0,39
756,43,0,31
756,48,0,27
756,49,0,24
756,50,0,44
756,51,0,44
756,52,0,11
756,53,0,25
756,54,0,22
756,55,0,27
756,59,0,47
756,62,0,39
756,64,0,15
756,65,0,30
756,72,0,6
756,73,0,28
756,74,0,3
756,75,0,9
756,76,0,31
756,79,0,49
756,80,0,2
756,81,0,4
756,82,0,2
756,84,0,23
756,86,0,18
756,87,0,47
756,88,0,38
756,89,0,11
756,91,0,4
756,92,0,34
756,93,0,16
756,94,0,31
756,97,0,47
756,99,0,3
756,61,0,49
756,5,0,44
756,66,0,42
756,11,0,32
756,32,0,28
756,1,0,10
757,4,0,25
757,7,0,22
757,8,0,3
757,12,0,26
757,14,0,20
757,17,0,19
757,19,0,27
757,20,0,40
757,22,0,10
757,26,0,3
757,28,0,11
757,30,0,45
757,31,0,27
757,36,0,18
757,38,0,45
757,41,0,24
757,42,0,39
757,43,0,31
757,48,0,27
757,49,0,24
757,50,0,44
757,51,0,44
757,52,0,11
757,53,0,25
757,54,0,22
757,55,0,27
757,59,0,47
757,62,0,39
757,64,0,15
757,65,0,30
757,72,0,6
757,73,0,28
757,74,0,3
757,75,0,9
757,76,0,31
757,79,0,49
757,80,0,2
757,81,0,4
757,82,0,2
757,84,0,23
757,86,0,18
757,87,0,47
757,88,0,38
757,89,0,11
757,91,0,4
757,92,0,34
757,93,0,16
757,94,0,31
757,97,0,47
757,99,0,3
757,61,0,49
757,5,0,44
757,66,0,42
757,11,0,32
757,32,0,28
757,1,0,10
758,4,0,25
758,7,0,22
758,8,0,3
758,12,0,26
758,14,0,20
758,17,0,19
758,19,0,27
758,20,0,40
758,22,0,10
758,26,0,3
758,28,0,11
758,30,0,45
758,31,0,27
758,36,0,18
758,38,0,45
758,41,0,24
758,42,0,39
758,43,0,31
758,48,0,27
758,49,0,24
758,50,0,44
758,51,0,44
758,52,0,11
758,53,0,25
758,54,0,22
758,55,0,27
758,59,0,47
758,62,0,39
758,64,0,15
758,65,0,30
758,72,0,6
758,73,0,28
758,74,0,3
758,75,0,9
758,76,0,31
758,79,0,49
758,80,0,2
758,81,0,4
758,82,0,2
758,84,0,23
758,86,0,18
758,87,0,47
758,88,0,38
758,89,0,11
758,91,0,4
758,92,0,34
758,93,0,16
758,94,0,31
758,97,0,47
758,99,0,3
758,61,0,49
758,5,0,44
758,66,0,42
758,11,0,32
758,32,0,28
758,1,0,10
759,4,0,25
759,7,0,22
759,8,0,3
759,12,0,26
759,14,0,20
759,17,0,19
759,19,0,27
759,20,0,40
759,22,0,10
759,26,0,3
759,28,0,11
759,30,0,45
759,31,0,27
759,36,0,18
759,38,0,45
759,41,0,24
759,42,0,39
759,43,0,31
759,48,0,27
759,49,0,24
759,50,0,44
759,51,0,44
759,52,0,11
759,53,0,25
759,54,0,22
759,55,0,27
759,59,0,47
759,62,0,39
759,64,0,15
759,65,0,30
759,72,0,6
759,73,0,28
759,74,0,3
759,75,0,9
759,76,0,31
759,79,0,49
759,80,0,2
759,81,0,4
759,82,0,2
759,84,0,23
759,86,0,18
759,87,0,47
759,88,0,38
759,89,0,11
759,91,0,4
759,92,0,34
759,93,0,16
759,94,0,31
759,97,0,47
759,99,0,3
759,61,0,49
759,5,0,44
759,66,0,42
759,11,0,32
759,32,0,28
759,1,0,10
760,4,0,25
760,7,0,22
760,8,0,3
760,12,0,26
760,14,0,20
760,17,0,19
760,19,0,27
760,20,0,40
760,22,0,10
760,26,0,3
760,28,0,11
760,30,0,45
760,31,0,27
760,36,0,18
760,38,0,45
760,41,0,24
760,42,0,39
760,43,0,31
760,48,0,27
760,49,0,24
760,50,0,44
760,51,0,44
760,52,0,11
760,53,0,25
760,54,0,22
760,55,0,27
760,59,0,47
760,62,0,39
760,64,0,15
760,65,0,30
760,72,0,6
760,73,0,28
760,74,0,3
760,75,0,9
760,76,0,31
760,79,0,49
760,80,0,2
760,81,0,4
760,82,0,2
760,84,0,23
760,86,0,18
760,87,0,47
760,88,0,38
760,89,0,11
760,91,0,4
760,92,0,34
760,93,0,16
760,94,0,31
760,97,0,47
760,99,0,3
760,61,0,49
760,5,0,44
760,66,0,42
760,11,0,32
760,32,0,28
760,1,0,10
761,4,0,25
761,7,0,22
761,8,0,3
761,12,0,26
761,14,0,20
761,17,0,19
761,19,0,27
761,20,0,40
761,22,0,10
761,26,0,3
761,28,0,11
761,30,0,45
761,31,0,27
761,36,0,18
761,38,0,45
761,41,0,24
761,42,0,39
761,43,0,31
761,48,0,27
761,49,0,24
761,50,0,44
761,51,0,44
761,52,0,11
761,53,0,25
761,54,0,22
761,55,0,27
761,59,0,47
761,62,0,39
761,64,0,15
761,65,0,30
761,72,0,6
761,73,0,28
761,74,0,3
761,75,0,9
761,76,0,31
761,79,0,49
761,80,0,2
761,81,0,4
761,82,0,2
761,84,0,23
761,86,0,18
761,87,0,47
761,88,0,38
761,89,0,11
761,91,0,4
761,92,0,34
761,93,0,16
761,94,0,31
761,97,0,47
761,99,0,3
761,61,0,49
761,5,0,44
761,66,0,42
761,11,0,32
761,32,0,28
761,1,0,10
762,4,0,25
762,7,0,22
762,8,0,3
762,12,0,26
762,14,0,20
762,17,0,19
762,19,0,27
762,20,0,40
762,22,0,10
762,26,0,3
762,28,0,11
762,30,0,45
762,31,0,27
762,36,0,18
762,38,0,45
762,41,0,24
762,42,0,39
762,43,0,31
762,48,0,27
762,49,0,24
762,50,0,44
762,51,0,44
762,52,0,11
762,53,0,25
762,54,0,22
762,55,0,27
762,59,0,47
762,62,0,39
762,64,0,15
762,65,0,30
762,72,0,6
762,73,0,28
762,74,0,3
762,75,0,9
762,76,0,31
762,79,0,49
762,80,0,2
762,81,0,4
762,82,0,2
762,84,0,23
762,86,0,18
762,87,0,47
762,88,0,38
762,89,0,11
762,91,0,4
762,92,0,34
762,93,0,16
762,94,0,31
762,97,0,47
762,99,0,3
762,61,0,49
762,5,0,44
762,66,0,42
762,11,0,32
762,32,0,28
762,1,0,10
763,4,0,25
763,7,0,22
763,8,0,3
763,12,0,26
763,14,0,20
763,17,0,19
763,19,0,27
763,20,0,40
763,22,0,10
763,26,0,3
763,28,0,11
763,30,0,45
763,31,0,27
763,36,0,18
763,38,0,45
763,41,0,24
763,42,0,39
763,43,0,31
763,48,0,27
763,49,0,24
763,50,0,44
763,51,0,44
763,52,0,11
763,53,0,25
763,54,0,22
763,55,0,27
763,59,0,47
763,62,0,39
763,64,0,15
763,65,0,30
763,72,0,6
763,73,0,28
763,74,0,3
763,75,0,9
763,76,0,31
763,79,0,49
763,80,0,2
763,81,0,4
763,82,0,2
763,84,0,23
763,86,0,18
763,87,0,47
763,88,0,38
763,89,0,11
763,91,0,4
763,92,0,34
763,93,0,16
763,94,0,31
763,97,0,47
763,99,0,3
763,61,0,49
763,5,0,44
763,66,0,42
763,11,0,32
763,32,0,28
763,1,0,10
764,4,0,25
764,7,0,22
764,8,0,3
764,12,0,26
764,14,0,20
764,17,0,19
764,19,0,27
764,20,0,40
764,22,0,10
764,26,0,3
764,28,0,11
764,30,0,45
764,31,0,27
764,36,0,18
764,38,0,45
764,41,0,24
764,42,0,39
764,43,0,31
764,48,0,27
764,49,0,24
764,50,0,44
764,51,0,44
764,52,0,11
764,53,0,25
764,54,0,22
764,55,0,27
764,59,0,47
764,62,0,39
764,64,0,15
764,65,0,30
764,72,0,6
764,73,0,28
764,74,0,3
764,75,0,9
764,76,0,31
764,79,0,49
764,80,0,2
764,81,0,4
764,82,0,2
764,84,0,23
764,86,0,18
764,87,0,47
764,88,0,38
764,89,0,11
764,91,0,4
764,92,0,34
764,93,0,16
764,94,0,31
764,97,0,47
764,99,0,3
764,61,0,49
764,5,0,44
764,66,0,42
764,11,0,32
764,32,0,28
764,1,0,10
765,4,0,25
765,7,0,22
765,8,0,3
765,12,0,26
765,14,0,20
765,17,0,19
765,19,0,27
765,20,0,40
765,22,0,10
765,26,0,3
765,28,0,11
765,30,0,45
765,31,0,27
765,36,0,18
765,38,0,45
765,41,0,24
765,42,0,39
765,43,0,31
765,48,0,27
765,49,0,24
765,50,0,44
765,51,0,44
765,52,0,11
765,53,0,25
765,54,0,22
765,55,0,27
765,59,0,47
765,62,0,39
765,64,0,15
765,65,0,30
765,72,0,6
765,73,0,28
765,74,0,3
765,75,0,9
765,76,0,31
765,79,0,49
765,80,0,2
765,81,0,4
765,82,0,2
765,84,0,23
765,86,0,18
765,87,0,47
765,88,0,38
765,89,0,11
765,91,0,4
765,92,0,34
765,93,0,16
765,94,0,31
765,97,0,47
765,99,0,3
765,61,0,49
765,5,0,44
765,66,0,42
765,11,0,32
765,32,0,28
765,1,0,10
766,4,0,25
766,7,0,22
766,8,0,3
766,12,0,26
766,14,0,20
766,17,0,19
766,19,0,27
766,20,0,40
766,22,0,10
766,26,0,3
766,28,0,11
766,30,0,45
766,31,0,27
766,36,0,18
766,38,0,45
766,41,0,24
766,42,0,39
766,43,0,31
766,48,0,27
766,49,0,24
766,50,0,44
766,51,0,44
766,52,0,11
766,53,0,25
766,54,0,22
766,55,0,27
766,59,0,47
766,62,0,39
766,64,0,15
766,65,0,30
766,72,0,6
766,73,0,28
766,74,0,3
766,75,0,9
766,76,0,31
766,79,0,49
766,80,0,2
766,81,0,4
766,82,0,2
766,84,0,23
766,86,0,18
766,87,0,47
766,88,0,38
766,89,0,11
766,91,0,4
766,92,0,34
766,93,0,16
766,94,0,31
766,97,0,47
766,99,0,3
766,61,0,49
766,5,0,44
766,66,0,42
766,11,0,32
766,32,0,28
766,1,0,10
767,4,0,25
767,7,0,22
767,8,0,3
767,12,0,26
767,14,0,20
767,17,0,19
767,19,0,27
767,20,0,40
767,22,0,10
767,26,0,3
767,28,0,11
767,30,0,45
767,31,0,27
767,36,0,18
767,38,0,45
767,41,0,24
767,42,0,39
767,43,0,31
767,48,0,27
767,49,0,24
767,50,0,44
767,51,0,44
767,52,0,11
767,53,0,25
767,54,0,22
767,55,0,27
767,59,0,47
767,62,0,39
767,64,0,15
767,65,0,30
767,72,0,6
767,73,0,28
767,74,0,3
767,75,0,9
767,76,0,31
767,79,0,49
767,80,0,2
767,81,0,4
767,82,0,2
767,84,0,23
767,86,0,18
767,87,0,47
767,88,0,38
767,89,0,11
767,91,0,4
767,92,0,34
767,93,0,16
767,94,0,31
767,97,0,47
767,99,0,3
767,61,0,49
767,5,0,44
767,66,0,42
767,11,0,32
767,32,0,28
767,1,0,10
768,4,0,25
768,7,0,22
768,8,0,3
768,12,0,26
768,14,0,20
768,17,0,19
768,19,0,27
768,20,0,40
768,22,0,10
768,26,0,3
768,28,0,11
768,30,0,45
768,31,0,27
768,36,0,18
768,38,0,45
768,41,0,24
768,42,0,39
768,43,0,31
768,48,0,27
768,49,0,24
768,50,0,44
768,51,0,44
768,52,0,11
768,53,0,25
768,54,0,22
768,55,0,27
768,59,0,47
768,62,0,39
768,64,0,15
768,65,0,30
768,72,0,6
768,73,0,28
768,74,0,3
768,75,0,9
768,76,0,31
768,79,0,49
768,80,0,2
768,81,0,4
768,82,0,2
768,84,0,23
768,86,0,18
768,87,0,47
768,88,0,38
768,89,0,11
768,91,0,4
768,92,0,34
768,93,0,16
768,94,0,31
768,97,0,47
768,99,0,3
768,61,0,49
768,5,0,44
768,66,0,42
768,11,0,32
768,32,0,28
768,1,0,10
769,4,0,25
769,7,0,22
769,8,0,3
769,12,0,26
769,14,0,20
769,17,0,19
769,19,0,27
769,20,0,40
769,22,0,10
769,26,0,3
769,28,0,11
769,30,0,45
769,31,0,27
769,36,0,18
769,38,0,45
769,41,0,24
769,42,0,39
769,43,0,31
769,48,0,27
769,49,0,24
769,50,0,44
769,51,0,44
769,52,0,11
769,53,0,25
769,54,0,22
769,55,0,27
769,59,0,47
769,62,0,39
769,64,0,15
769,65,0,30
769,72,0,6
769,73,0,28
769,74,0,3
769,75,0,9
769,76,0,31
769,79,0,49
769,80,0,2
769,81,0,4
769,82,0,2
769,84,0,23
769,86,0,18
769,87,0,47
769,88,0,38
769,89,0,11
769,91,0,4
769,92,0,34
769,93,0,16
769,94,0,31
769,97,0,47
769,99,0,3
769,61,0,49
769,5,0,44
769,66,0,42
769,11,0,32
769,32,0,28
769,1,0,10
770,4,0,25
770,7,0,22
770,8,0,3
770,12,0,26
770,14,0,20
770,17,0,19
770,19,0,27
770,20,0,40
770,22,0,10
770,26,0,3
770,28,0,11
770,30,0,45
770,31,0,27
770,36,0,18
770,38,0,45
770,41,0,24
770,42,0,39
770,43,0,31
770,48,0,27
770,49,0,24
770,50,0,44
770,51,0,44
770,52,0,11
770,53,0,25
770,54,0,22
770,55,0,27
770,59,0,47
770,62,0,39
770,64,0,15
770,65,0,30
770,72,0,6
770,73,0,28
770,74,0,3
770,75,0,9
770,76,0,31
770,79,0,49
770,80,0,2
770,81,0,4
770,82,0,2
770,84,0,23
770,86,0,18
770,87,0,47
770,88,0,38
770,89,0,11
770,91,0,4
770,92,0,34
770,93,0,16
770,94,0,31
770,97,0,47
770,99,0,3
770,61,0,49
770,5,0,44
770,66,0,42
770,11,0,32
770,32,0,28
770,1,0,10
771,4,0,25
771,7,0,22
771,8,0,3
771,12,0,26
771,14,0,20
771,17,0,19
771,19,0,27
771,20,0,40
771,22,0,10
771,26,0,3
771,28,0,11
771,30,0,45
771,31,0,27
771,36,0,18
771,38,0,45
771,41,0,24
771,42,0,39
771,43,0,31
771,48,0,27
771,49,0,24
771,50,0,44
771,51,0,44
771,52,0,11
771,53,0,25
771,54,0,22
771,55,0,27
771,59,0,47
771,62,0,39
771,64,0,15
771,65,0,30
771,72,0,6
771,73,0,28
771,74,0,3
771,75,0,9
771,76,0,31
771,79,0,49
771,80,0,2
771,81,0,4
771,82,0,2
771,84,0,23
771,86,0,18
771,87,0,47
771,88,0,38
771,89,0,11
771,91,0,4
771,92,0,34
771,93,0,16
771,94,0,31
771,97,0,47
771,99,0,3
771,61,0,49
771,5,0,44
771,66,0,42
771,11,0,32
771,32,0,28
771,1,0,10
772,4,0,25
772,7,0,22
772,8,0,3
772,12,0,26
772,14,0,20
772,17,0,19
772,19,0,27
772,20,0,40
772,22,0,10
772,26,0,3
772,28,0,11
772,30,0,45
772,31,0,27
772,36,0,18
772,38,0,45
772,41,0,24
772,42,0,39
772,43,0,31
772,48,0,27
772,49,0,24
772,50,0,44
772,51,0,44
772,52,0,11
772,53,0,25
772,54,0,22
772,55,0,27
772,59,0,47
772,62,0,39
772,64,0,15
772,65,0,30
772,72,0,6
772,73,0,28
772,74,0,3
772,75,0,9
772,76,0,31
772,79,0,49
772,80,0,2
772,81,0,4
772,82,0,2
772,84,0,23
772,86,0,18
772,87,0,47
772,88,0,38
772,89,0,11
772,91,0,4
772,92,0,34
772,93,0,16
772,94,0,31
772,97,0,47
772,99,0,3
772,61,0,49
772,5,0,44
772,66,0,42
772,11,0,32
772,32,0,28
772,1,0,10
773,4,0,25
773,7,0,22
773,8,0,3
773,12,0,26
773,14,0,20
773,17,0,19
773,19,0,27
773,20,0,40
773,22,0,10
773,26,0,3
773,28,0,11
773,30,0,45
773,31,0,27
773,36,0,18
773,38,0,45
773,41,0,24
773,42,0,39
773,43,0,31
773,48,0,27
773,49,0,24
773,50,0,44
773,51,0,44
773,52,0,11
773,53,0,25
773,54,0,22
773,55,0,27
773,59,0,47
773,62,0,39
773,64,0,15
773,65,0,30
773,72,0,6
773,73,0,28
773,74,0,3
773,75,0,9
773,76,0,31
773,79,0,49
773,80,0,2
773,81,0,4
773,82,0,2
773,84,0,23
773,86,0,18
773,87,0,47
773,88,0,38
773,89,0,11
773,91,0,4
773,92,0,34
773,93,0,16
773,94,0,31
773,97,0,47
773,99,0,3
773,61,0,49
773,5,0,44
773,66,0,42
773,11,0,32
773,32,0,28
773,1,0,10
774,4,0,25
774,7,0,22
774,8,0,3
774,12,0,26
774,14,0,20
774,17,0,19
774,19,0,27
774,20,0,40
774,22,0,10
774,26,0,3
774,28,0,11
774,30,0,45
774,31,0,27
774,36,0,18
774,38,0,45
774,41,0,24
774,42,0,39
774,43,0,31
774,48,0,27
774,49,0,24
774,50,0,44
774,51,0,44
774,52,0,11
774,53,0,25
774,54,0,22
774,55,0,27
774,59,0,47
774,62,0,39
774,64,0,15
774,65,0,30
774,72,0,6
774,73,0,28
774,74,0,3
774,75,0,9
774,76,0,31
774,79,0,49
774,80,0,2
774,81,0,4
774,82,0,2
774,84,0,23
774,86,0,18
774,87,0,47
774,88,0,38
774,89,0,11
774,91,0,4
774,92,0,34
774,93,0,16
774,94,0,31
774,97,0,47
774,99,0,3
774,61,0,49
774,5,0,44
774,66,0,42
774,11,0,32
774,32,0,28
774,1,0,10
775,4,0,25
775,7,0,22
775,8,0,3
775,12,0,26
775,14,0,20
775,17,0,19
775,19,0,27
775,20,0,40
775,22,0,10
775,26,0,3
775,28,0,11
775,30,0,45
775,31,0,27
775,36,0,18
775,38,0,45
775,41,0,24
775,42,0,39
775,43,0,31
775,48,0,27
775,49,0,24
775,50,0,44
775,51,0,44
775,52,0,11
775,53,0,25
775,54,0,22
775,55,0,27
775,59,0,47
775,62,0,39
775,64,0,15
775,65,0,30
775,72,0,6
775,73,0,28
775,74,0,3
775,75,0,9
775,76,0,31
775,79,0,49
775,80,0,2
775,81,0,4
775,82,0,2
775,84,0,23
775,86,0,18
775,87,0,47
775,88,0,38
775,89,0,11
775,91,0,4
775,92,0,34
775,93,0,16
775,94,0,31
775,97,0,47
775,99,0,3
775,61,0,49
775,5,0,44
775,66,0,42
775,11,0,32
775,32,0,28
775,1,0,10
776,4,0,25
776,7,0,22
776,8,0,3
776,12,0,26
776,14,0,20
776,17,0,19
776,19,0,27
776,20,0,40
776,22,0,10
776,26,0,3
776,28,0,11
776,30,0,45
776,31,0,27
776,36,0,18
776,38,0,45
776,41,0,24
776,42,0,39
776,43,0,31
776,48,0,27
776,49,0,24
776,50,0,44
776,51,0,44
776,52,0,11
776,53,0,25
776,54,0,22
776,55,0,27
776,59,0,47
776,62,0,39
776,64,0,15
776,65,0,30
776,72,0,6
776,73,0,28
776,74,0,3
776,75,0,9
776,76,0,31
776,79,0,49
776,80,0,2
776,81,0,4
776,82,0,2
776,84,0,23
776,86,0,18
776,87,0,47
776,88,0,38
776,89,0,11
776,91,0,4
776,92,0,34
776,93,0,16
776,94,0,31
776,97,0,47
776,99,0,3
776,61,0,49
776,5,0,44
776,66,0,42
776,11,0,32
776,32,0,28
776,1,0,10
777,4,0,25
777,7,0,22
777,8,0,3
777,12,0,26
777,14,0,20
777,17,0,19
777,19,0,27
777,20,0,40
777,22,0,10
777,26,0,3
777,28,0,11
777,30,0,45
777,31,0,27
777,36,0,18
777,38,0,45
777,41,0,24
777,42,0,39
777,43,0,31
777,48,0,27
777,49,0,24
777,50,0,44
777,51,0,44
777,52,0,11
777,53,0,25
777,54,0,22
777,55,0,27
777,59,0,47
777,62,0,39
777,64,0,15
777,65,0,30
777,72,0,6
777,73,0,28
777,74,0,3
777,75,0,9
777,76,0,31
777,79,0,49
777,80,0,2
777,81,0,4
777,82,0,2
777,84,0,23
777,86,0,18
777,87,0,47
777,88,0,38
777,89,0,11
777,91,0,4
777,92,0,34
777,93,0,16
777,94,0,31
777,97,0,47
777,99,0,3
777,61,0,49
777,5,0,44
777,66,0,42
777,11,0,32
777,32,0,28
777,1,0,10
778,4,0,25
778,7,0,22
778,8,0,3
778,12,0,26
778,14,0,20
778,17,0,19
778,19,0,27
778,20,0,40
778,22,0,10
778,26,0,3
778,28,0,11
778,30,0,45
778,31,0,27
778,36,0,18
778,38,0,45
778,41,0,24
778,42,0,39
778,43,0,31
778,48,0,27
778,49,0,24
778,50,0,44
778,51,0,44
778,52,0,11
778,53,0,25
778,54,0,22
778,55,0,27
778,59,0,47
778,62,0,39
778,64,0,15
778,65,0,30
778,72,0,6
778,73,0,28
778,74,0,3
778,75,0,9
778,76,0,31
778,79,0,49
778,80,0,2
778,81,0,4
778,82,0,2
778,84,0,23
778,86,0,18
778,87,0,47
778,88,0,38
778,89,0,11
778,91,0,4
778,92,0,34
778,93,0,16
778,94,0,31
778,97,0,47
778,99,0,3
778,61,0,49
778,5,0,44
778,66,0,42
778,11,0,32
778,32,0,28
778,1,0,10
779,4,0,25
779,7,0,22
779,8,0,3
779,12,0,26
779,14,0,20
779,17,0,19
779,19,0,27
779,20,0,40
779,22,0,10
779,26,0,3
779,28,0,11
779,30,0,45
779,31,0,27
779,36,0,18
779,38,0,45
779,41,0,24
779,42,0,39
779,43,0,31
779,48,0,27
779,49,0,24
779,50,0,44
779,51,0,44
779,52,0,11
779,53,0,25
779,54,0,22
779,55,0,27
779,59,0,47
779,62,0,39
779,64,0,15
779,65,0,30
779,72,0,6
779,73,0,28
779,74,0,3
779,75,0,9
779,76,0,31
779,79,0,49
779,80,0,2
779,81,0,4
779,82,0,2
779,84,0,23
779,86,0,18
779,87,0,47
779,88,0,38
779,89,0,11
779,91,0,4
779,92,0,34
779,93,0,16
779,94,0,31
779,97,0,47
779,99,0,3
779,61,0,49
779,5,0,44
779,66,0,42
779,11,0,32
779,32,0,28
779,1,0,10
780,4,0,25
780,7,0,22
780,8,0,3
780,12,0,26
780,14,0,20
780,17,0,19
780,19,0,27
780,20,0,40
780,22,0,10
780,26,0,3
780,28,0,11
780,30,0,45
780,31,0,27
780,36,0,18
780,38,0,45
780,41,0,24
780,42,0,39
780,43,0,31
780,48,0,27
780,49,0,24
780,50,0,44
780,51,0,44
780,52,0,11
780,53,0,25
780,54,0,22
780,55,0,27
780,59,0,47
780,62,0,39
780,64,0,15
780,65,0,30
780,72,0,6
780,73,0,28
780,74,0,3
780,75,0,9
780,76,0,31
780,79,0,49
780,80,0,2
780,81,0,4
780,82,0,2
780,84,0,23
780,86,0,18
780,87,0,47
780,88,0,38
780,89,0,11
780,91,0,4
780,92,0,34
780,93,0,16
780,94,0,31
780,97,0,47
780,99,0,3
780,61,0,49
780,5,0,44
780,66,0,42
780,11,0,32
780,32,0,28
780,1,0,10
781,4,0,25
781,7,0,22
781,8,0,3
781,12,0,26
781,14,0,20
781,17,0,19
781,19,0,27
781,20,0,40
781,22,0,10
781,26,0,3
781,28,0,11
781,30,0,45
781,31,0,27
781,36,0,18
781,38,0,45
781,41,0,24
781,42,0,39
781,43,0,31
781,48,0,27
781,49,0,24
781,50,0,44
781,51,0,44
781,52,0,11
781,53,0,25
781,54,0,22
781,55,0,27
781,59,0,47
781,62,0,39
781,64,0,15
781,65,0,30
781,72,0,6
781,73,0,28
781,74,0,3
781,75,0,9
781,76,0,31
781,79,0,49
781,80,0,2
781,81,0,4
781,82,0,2
781,84,0,23
781,86,0,18
781,87,0,47
781,88,0,38
781,89,0,11
781,91,0,4
781,92,0,34
781,93,0,16
781,94,0,31
781,97,0,47
781,99,0,3
781,61,0,49
781,5,0,44
781,66,0,42
781,11,0,32
781,32,0,28
781,1,0,10
782,4,0,25
782,7,0,22
782,8,0,3
782,12,0,26
782,14,0,20
782,17,0,19
782,19,0,27
782,20,0,40
782,22,0,10
782,26,0,3
782,28,0,11
782,30,0,45
782,31,0,27
782,36,0,18
782,38,0,45
782,41,0,24
782,42,0,39
782,43,0,31
782,48,0,27
782,49,0,24
782,50,0,44
782,51,0,44
782,52,0,11
782,53,0,25
782,54,0,22
782,55,0,27
782,59,0,47
782,62,0,39
782,64,0,15
782,65,0,30
782,72,0,6
782,73,0,28
782,74,0,3
782,75,0,9
782,76,0,31
782,79,0,49
782,80,0,2
782,81,0,4
782,82,0,2
782,84,0,23
782,86,0,18
782,87,0,47
782,88,0,38
782,89,0,11
782,91,0,4
782,92,0,34
782,93,0,16
782,94,0,31
782,97,0,47
782,99,0,3
782,61,0,49
782,5,0,44
782,66,0,42
782,11,0,32
782,32,0,28
782,1,0,10
783,4,0,25
783,7,0,22
783,8,0,3
783,12,0,26
783,14,0,20
783,17,0,19
783,19,0,27
783,20,0,40
783,22,0,10
783,26,0,3
783,28,0,11
783,30,0,45
783,31,0,27
783,36,0,18
783,38,0,45
783,41,0,24
783,42,0,39
783,43,0,31
783,48,0,27
783,49,0,24
783,50,0,44
783,51,0,44
783,52,0,11
783,53,0,25
783,54,0,22
783,55,0,27
783,59,0,47
783,62,0,39
783,64,0,15
783,65,0,30
783,72,0,6
783,73,0,28
783,74,0,3
783,75,0,9
783,76,0,31
783,79,0,49
783,80,0,2
783,81,0,4
783,82,0,2
783,84,0,23
783,86,0,18
783,87,0,47
783,88,0,38
783,89,0,11
783,91,0,4
783,92,0,34
783,93,0,16
783,94,0,31
783,97,0,47
783,99,0,3
783,61,0,49
783,5,0,44
783,66,0,42
783,11,0,32
783,32,0,28
783,1,0,10
784,4,0,25
784,7,0,22
784,8,0,3
784,12,0,26
784,14,0,20
784,17,0,19
784,19,0,27
784,20,0,40
784,22,0,10
784,26,0,3
784,28,0,11
784,30,0,45
784,31,0,27
784,36,0,18
784,38,0,45
784,41,0,24
784,42,0,39
784,43,0,31
784,48,0,27
784,49,0,24
784,50,0,44
784,51,0,44
784,52,0,11
784,53,0,25
784,54,0,22
784,55,0,27
784,59,0,47
784,62,0,39
784,64,0,15
784,65,0,30
784,72,0,6
784,73,0,28
784,74,0,3
784,75,0,9
784,76,0,31
784,79,0,49
784,80,0,2
784,81,0,4
784,82,0,2
784,84,0,23
784,86,0,18
784,87,0,47
784,88,0,38
784,89,0,11
784,91,0,4
784,92,0,34
784,93,0,16
784,94,0,31
784,97,0,47
784,99,0,3
784,61,0,49
784,5,0,44
784,66,0,42
784,11,0,32
784,32,0,28
784,1,0,10
785,4,0,25
785,7,0,22
785,8,0,3
785,12,0,26
785,14,0,20
785,17,0,19
785,19,0,27
785,20,0,40
785,22,0,10
785,26,0,3
785,28,0,11
785,30,0,45
785,31,0,27
785,36,0,18
785,38,0,45
785,41,0,24
785,42,0,39
785,43,0,31
785,48,0,27
785,49,0,24
785,50,0,44
785,51,0,44
785,52,0,11
785,53,0,25
785,54,0,22
785,55,0,27
785,59,0,47
785,62,0,39
785,64,0,15
785,65,0,30
785,72,0,6
785,73,0,28
785,74,0,3
785,75,0,9
785,76,0,31
785,79,0,49
785,80,0,2
785,81,0,4
785,82,0,2
785,84,0,23
785,86,0,18
785,87,0,47
785,88,0,38
785,89,0,11
785,91,0,4
785,92,0,34
785,93,0,16
785,94,0,31
785,97,0,47
785,99,0,3
785,61,0,49
785,5,0,44
785,66,0,42
785,11,0,32
785,32,0,28
785,1,0,10
786,4,0,25
786,7,0,22
786,8,0,3
786,12,0,26
786,14,0,20
786,17,0,19
786,19,0,27
786,20,0,40
786,22,0,10
786,26,0,3
786,28,0,11
786,30,0,45
786,31,0,27
786,36,0,18
786,38,0,45
786,41,0,24
786,42,0,39
786,43,0,31
786,48,0,27
786,49,0,24
786,50,0,44
786,51,0,44
786,52,0,11
786,53,0,25
786,54,0,22
786,55,0,27
786,59,0,47
786,62,0,39
786,64,0,15
786,65,0,30
786,72,0,6
786,73,0,28
786,74,0,3
786,75,0,9
786,76,0,31
786,79,0,49
786,80,0,2
786,81,0,4
786,82,0,2
786,84,0,23
786,86,0,18
786,87,0,47
786,88,0,38
786,89,0,11
786,91,0,4
786,92,0,34
786,93,0,16
786,94,0,31
786,97,0,47
786,99,0,3
786,61,0,49
786,5,0,44
786,66,0,42
786,11,0,32
786,32,0,28
786,1,0,10
787,4,0,25
787,7,0,22
787,8,0,3
787,12,0,26
787,14,0,20
787,17,0,19
787,19,0,27
787,20,0,40
787,22,0,10
787,26,0,3
787,28,0,11
787,30,0,45
787,31,0,27
787,36,0,18
787,38,0,45
787,41,0,24
787,42,0,39
787,43,0,31
787,48,0,27
787,49,0,24
787,50,0,44
787,51,0,44
787,52,0,11
787,53,0,25
787,54,0,22
787,55,0,27
787,59,0,47
787,62,0,39
787,64,0,15
787,65,0,30
787,72,0,6
787,73,0,28
787,74,0,3
787,75,0,9
787,76,0,31
787,79,0,49
787,80,0,2
787,81,0,4
787,82,0,2
787,84,0,23
787,86,0,18
787,87,0,47
787,88,0,38
787,89,0,11
787,91,0,4
787,92,0,34
787,93,0,16
787,94,0,31
787,97,0,47
787,99,0,3
787,61,0,49
787,5,0,44
787,66,0,42
787,11,0,32
787,32,0,28
787,1,0,10
788,4,0,25
788,7,0,22
788,8,0,3
788,12,0,26
788,14,0,20
788,17,0,19
788,19,0,27
788,20,0,40
788,22,0,10
788,26,0,3
788,28,0,11
788,30,0,45
788,31,0,27
788,36,0,18
788,38,0,45
788,41,0,24
788,42,0,39
788,43,0,31
788,48,0,27
788,49,0,24
788,50,0,44
788,51,0,44
788,52,0,11
788,53,0,25
788,54,0,22
788,55,0,27
788,59,0,47
788,62,0,39
788,64,0,15
788,65,0,30
788,72,0,6
788,73,0,28
788,74,0,3
788,75,0,9
788,76,0,31
788,79,0,49
788,80,0,2
788,81,0,4
788,82,0,2
788,84,0,23
788,86,0,18
788,87,0,47
788,88,0,38
788,89,0,11
788,91,0,4
788,92,0,34
788,93,0,16
788,94,0,31
788,97,0,47
788,99,0,3
788,61,0,49
788,5,0,44
788,66,0,42
788,11,0,32
788,32,0,28
788,1,0,10
789,4,0,25
789,7,0,22
789,8,0,3
789,12,0,26
789,14,0,20
789,17,0,19
789,19,0,27
789,20,0,40
789,22,0,10
789,26,0,3
789,28,0,11
789,30,0,45
789,31,0,27
789,36,0,18
789,38,0,45
789,41,0,24
789,42,0,39
789,43,0,31
789,48,0,27
789,49,0,24
789,50,0,44
789,51,0,44
789,52,0,11
789,53,0,25
789,54,0,22
789,55,0,27
789,59,0,47
789,62,0,39
789,64,0,15
789,65,0,30
789,72,0,6
789,73,0,28
789,74,0,3
789,75,0,9
789,76,0,31
789,79,0,49
789,80,0,2
789,81,0,4
789,82,0,2
789,84,0,23
789,86,0,18
789,87,0,47
789,88,0,38
789,89,0,11
789,91,0,4
789,92,0,34
789,93,0,16
789,94,0,31
789,97,0,47
789,99,0,3
789,61,0,49
789,5,0,44
789,66,0,42
789,11,0,32
789,32,0,28
789,1,0,10
790,4,0,25
790,7,0,22
790,8,0,3
790,12,0,26
790,14,0,20
790,17,0,19
790,19,0,27
790,20,0,40
790,22,0,10
790,26,0,3
790,28,0,11
790,30,0,45
790,31,0,27
790,36,0,18
790,38,0,45
790,41,0,24
790,42,0,39
790,43,0,31
790,48,0,27
790,49,0,24
790,50,0,44
790,51,0,44
790,52,0,11
790,53,0,25
790,54,0,22
790,55,0,27
790,59,0,47
790,62,0,39
790,64,0,15
790,65,0,30
790,72,0,6
790,73,0,28
790,74,0,3
790,75,0,9
790,76,0,31
790,79,0,49
790,80,0,2
790,81,0,4
790,82,0,2
790,84,0,23
790,86,0,18
790,87,0,47
790,88,0,38
790,89,0,11
790,91,0,4
790,92,0,34
790,93,0,16
790,94,0,31
790,97,0,47
790,99,0,3
790,61,0,49
790,5,0,44
790,66,0,42
790,11,0,32
790,32,0,28
790,1,0,10
791,4,0,25
791,7,0,22
791,8,0,3
791,12,0,26
791,14,0,20
791,17,0,19
791,19,0,27
791,20,0,40
791,22,0,10
791,26,0,3
791,28,0,11
791,30,0,45
791,31,0,27
791,36,0,18
791,38,0,45
791,41,0,24
791,42,0,39
791,43,0,31
791,48,0,27
791,49,0,24
791,50,0,44
791,51,0,44
791,52,0,11
791,53,0,25
791,54,0,22
791,55,0,27
791,59,0,47
791,62,0,39
791,64,0,15
791,65,0,30
791,72,0,6
791,73,0,28
791,74,0,3
791,75,0,9
791,76,0,31
791,79,0,49
791,80,0,2
791,81,0,4
791,82,0,2
791,84,0,23
791,86,0,18
791,87,0,47
791,88,0,38
791,89,0,11
791,91,0,4
791,92,0,34
791,93,0,16
791,94,0,31
791,97,0,47
791,99,0,3
791,61,0,49
791,5,0,44
791,66,0,42
791,11,0,32
791,32,0,28
791,1,0,10
792,4,0,25
792,7,0,22
792,8,0,3
792,12,0,26
792,14,0,20
792,17,0,19
792,19,0,27
792,20,0,40
792,22,0,10
792,26,0,3
792,28,0,11
792,30,0,45
792,31,0,27
792,36,0,18
792,38,0,45
792,41,0,24
792,42,0,39
792,43,0,31
792,48,0,27
792,49,0,24
792,50,0,44
792,51,0,44
792,52,0,11
792,53,0,25
792,54,0,22
792,55,0,27
792,59,0,47
792,62,0,39
792,64,0,15
792,65,0,30
792,72,0,6
792,73,0,28
792,74,0,3
792,75,0,9
792,76,0,31
792,79,0,49
792,80,0,2
792,81,0,4
792,82,0,2
792,84,0,23
792,86,0,18
792,87,0,47
792,88,0,38
792,89,0,11
792,91,0,4
792,92,0,34
792,93,0,16
792,94,0,31
792,97,0,47
792,99,0,3
792,61,0,49
792,5,0,44
792,66,0,42
792,11,0,32
792,32,0,28
792,1,0,10
793,4,0,25
793,7,0,22
793,8,0,3
793,12,0,26
793,14,0,20
793,17,0,19
793,19,0,27
793,20,0,40
793,22,0,10
793,26,0,3
793,28,0,11
793,30,0,45
793,31,0,27
793,36,0,18
793,38,0,45
793,41,0,24
793,42,0,39
793,43,0,31
793,48,0,27
793,49,0,24
793,50,0,44
793,51,0,44
793,52,0,11
793,53,0,25
793,54,0,22
793,55,0,27
793,59,0,47
793,62,0,39
793,64,0,15
793,65,0,30
793,72,0,6
793,73,0,28
793,74,0,3
793,75,0,9
793,76,0,31
793,79,0,49
793,80,0,2
793,81,0,4
793,82,0,2
793,84,0,23
793,86,0,18
793,87,0,47
793,88,0,38
793,89,0,11
793,91,0,4
793,92,0,34
793,93,0,16
793,94,0,31
793,97,0,47
793,99,0,3
793,61,0,49
793,5,0,44
793,66,0,42
793,11,0,32
793,32,0,28
793,1,0,10
794,4,0,25
794,7,0,22
794,8,0,3
794,12,0,26
794,14,0,20
794,17,0,19
794,19,0,27
794,20,0,40
794,22,0,10
794,26,0,3
794,28,0,11
794,30,0,45
794,31,0,27
794,36,0,18
794,38,0,45
794,41,0,24
794,42,0,39
794,43,0,31
794,48,0,27
794,49,0,24
794,50,0,44
794,51,0,44
794,52,0,11
794,53,0,25
794,54,0,22
794,55,0,27
794,59,0,47
794,62,0,39
794,64,0,15
794,65,0,30
794,72,0,6
794,73,0,28
794,74,0,3
794,75,0,9
794,76,0,31
794,79,0,49
794,80,0,2
794,81,0,4
794,82,0,2
794,84,0,23
794,86,0,18
794,87,0,47
794,88,0,38
794,89,0,11
794,91,0,4
794,92,0,34
794,93,0,16
794,94,0,31
794,97,0,47
794,99,0,3
794,61,0,49
794,5,0,44
794,66,0,42
794,11,0,32
794,32,0,28
794,1,0,10
795,4,0,25
795,7,0,22
795,8,0,3
795,12,0,26
795,14,0,20
795,17,0,19
795,19,0,27
795,20,0,40
795,22,0,10
795,26,0,3
795,28,0,11
795,30,0,45
795,31,0,27
795,36,0,18
795,38,0,45
795,41,0,24
795,42,0,39
795,43,0,31
795,48,0,27
795,49,0,24
795,50,0,44
795,51,0,44
795,52,0,11
795,53,0,25
795,54,0,22
795,55,0,27
795,59,0,47
795,62,0,39
795,64,0,15
795,65,0,30
795,72,0,6
795,73,0,28
795,74,0,3
795,75,0,9
795,76,0,31
795,79,0,49
795,80,0,2
795,81,0,4
795,82,0,2
795,84,0,23
795,86,0,18
795,87,0,47
795,88,0,38
795,89,0,11
795,91,0,4
795,92,0,34
795,93,0,16
795,94,0,31
795,97,0,47
795,99,0,3
795,61,0,49
795,5,0,44
795,66,0,42
795,11,0,32
795,32,0,28
795,1,0,10
796,4,0,25
796,7,0,22
796,8,0,3
796,12,0,26
796,14,0,20
796,17,0,19
796,19,0,27
796,20,0,40
796,22,0,10
796,26,0,3
796,28,0,11
796,30,0,45
796,31,0,27
796,36,0,18
796,38,0,45
796,41,0,24
796,42,0,39
796,43,0,31
796,48,0,27
796,49,0,24
796,50,0,44
796,51,0,44
796,52,0,11
796,53,0,25
796,54,0,22
796,55,0,27
796,59,0,47
796,62,0,39
796,64,0,15
796,65,0,30
796,72,0,6
796,73,0,28
796,74,0,3
796,75,0,9
796,76,0,31
796,79,0,49
796,80,0,2
796,81,0,4
796,82,0,2
796,84,0,23
796,86,0,18
796,87,0,47
796,88,0,38
796,89,0,11
796,91,0,4
796,92,0,34
796,93,0,16
796,94,0,31
796,97,0,47
796,99,0,3
796,61,0,49
796,5,0,44
796,66,0,42
796,11,0,32
796,32,0,28
796,1,0,10
797,4,0,25
797,7,0,22
797,8,0,3
797,12,0,26
797,14,0,20
797,17,0,19
797,19,0,27
797,20,0,40
797,22,0,10
797,26,0,3
797,28,0,11
797,30,0,45
797,31,0,27
797,36,0,18
797,38,0,45
797,41,0,24
797,42,0,39
797,43,0,31
797,48,0,27
797,49,0,24
797,50,0,44
797,51,0,44
797,52,0,11
797,53,0,25
797,54,0,22
797,55,0,27
797,59,0,47
797,62,0,39
797,64,0,15
797,65,0,30
797,72,0,6
797,73,0,28
797,74,0,3
797,75,0,9
797,76,0,31
797,79,0,49
797,80,0,2
797,81,0,4
797,82,0,2
797,84,0,23
797,86,0,18
797,87,0,47
797,88,0,38
797,89,0,11
797,91,0,4
797,92,0,34
797,93,0,16
797,94,0,31
797,97,0,47
797,99,0,3
797,61,0,49
797,5,0,44
797,66,0,42
797,11,0,32
797,32,0,28
797,1,0,10
798,4,0,25
798,7,0,22
798,8,0,3
798,12,0,26
798,14,0,20
798,17,0,19
798,19,0,27
798,20,0,40
798,22,0,10
798,26,0,3
798,28,0,11
798,30,0,45
798,31,0,27
798,36,0,18
798,38,0,45
798,41,0,24
798,42,0,39
798,43,0,31
798,48,0,27
798,49,0,24
798,50,0,44
798,51,0,44
798,52,0,11
798,53,0,25
798,54,0,22
798,55,0,27
798,59,0,47
798,62,0,39
798,64,0,15
798,65,0,30
798,72,0,6
798,73,0,28
798,74,0,3
798,75,0,9
798,76,0,31
798,79,0,49
798,80,0,2
798,81,0,4
798,82,0,2
798,84,0,23
798,86,0,18
798,87,0,47
798,88,0,38
798,89,0,11
798,91,0,4
798,92,0,34
798,93,0,16
798,94,0,31
798,97,0,47
798,99,0,3
798,61,0,49
798,5,0,44
798,66,0,42
798,11,0,32
798,32,0,28
798,1,0,10
799,4,0,25
799,7,0,22
799,8,0,3
799,12,0,26
799,14,0,20
799,17,0,19
799,19,0,27
799,20,0,40
799,22,0,10
799,26,0,3
799,28,0,11
799,30,0,45
799,31,0,27
799,36,0,18
799,38,0,45
799,41,0,24
799,42,0,39
799,43,0,31
799,48,0,27
799,49,0,24
799,50,0,44
799,51,0,44
799,52,0,11
799,53,0,25
799,54,0,22
799,55,0,27
799,59,0,47
799,62,0,39
799,64,0,15
799,65,0,30
799,72,0,6
799,73,0,28
799,74,0,3
799,75,0,9
799,76,0,31
799,79,0,49
799,80,0,2
799,81,0,4
799,82,0,2
799,84,0,23
799,86,0,18
799,87,0,47
799,88,0,38
799,89,0,11
799,91,0,4
799,92,0,34
799,93,0,16
799,94,0,31
799,97,0,47
799,99,0,3
799,61,0,49
799,5,0,44
799,66,0,42
799,11,0,32
799,32,0,28
799,1,0,10
800,4,0,25
800,7,0,22
800,8,0,3
800,12,0,26
800,14,0,20
800,17,0,19
800,19,0,27
800,20,0,40
800,22,0,10
800,26,0,3
800,28,0,11
800,30,0,45
800,31,0,27
800,36,0,18
800,38,0,45
800,41,0,24
800,42,0,39
800,43,0,31
800,48,0,27
800,49,0,24
800,50,0,44
800,51,0,44
800,52,0,11
800,53,0,25
800,54,0,22
800,55,0,27
800,59,0,47
800,62,0,39
800,64,0,15
800,65,0,30
800,72,0,6
800,73,0,28
800,74,0,3
800,75,0,9
800,76,0,31
800,79,0,49
800,80,0,2
800,81,0,4
800,82,0,2
800,84,0,23
800,86,0,18
800,87,0,47
800,88,0,38
800,89,0,11
800,91,0,4
800,92,0,34
800,93,0,16
800,94,0,31
800,97,0,47
800,99,0,3
800,61,0,49
800,5,0,44
800,66,0,42
800,11,0,32
800,32,0,28
800,1,0,10
801,4,0,25
801,7,0,22
801,8,0,3
801,12,0,26
801,14,0,20
801,17,0,19
801,19,0,27
801,20,0,40
801,22,0,10
801,26,0,3
801,28,0,11
801,30,0,45
801,31,0,27
801,36,0,18
801,38,0,45
801,41,0,24
801,42,0,39
801,43,0,31
801,48,0,27
801,49,0,24
801,50,0,44
801,51,0,44
801,52,0,11
801,53,0,25
801,54,0,22
801,55,0,27
801,59,0,47
801,62,0,39
801,64,0,15
801,65,0,30
801,72,0,6
801,73,0,28
801,74,0,3
801,75,0,9
801,76,0,31
801,79,0,49
801,80,0,2
801,81,0,4
801,82,0,2
801,84,0,23
801,86,0,18
801,87,0,47
801,88,0,38
801,89,0,11
801,91,0,4
801,92,0,34
801,93,0,16
801,94,0,31
801,97,0,47
801,99,0,3
801,61,0,49
801,5,0,44
801,66,0,42
801,11,0,32
801,32,0,28
801,1,0,10
802,4,0,25
802,7,0,22
802,8,0,3
802,12,0,26
802,14,0,20
802,17,0,19
802,19,0,27
802,20,0,40
802,22,0,10
802,26,0,3
802,28,0,11
802,30,0,45
802,31,0,27
802,36,0,18
802,38,0,45
802,41,0,24
802,42,0,39
802,43,0,31
802,48,0,27
802,49,0,24
802,50,0,44
802,51,0,44
802,52,0,11
802,53,0,25
802,54,0,22
802,55,0,27
802,59,0,47
802,62,0,39
802,64,0,15
802,65,0,30
802,72,0,6
802,73,0,28
802,74,0,3
802,75,0,9
802,76,0,31
802,79,0,49
802,80,0,2
802,81,0,4
802,82,0,2
802,84,0,23
802,86,0,18
802,87,0,47
802,88,0,38
802,89,0,11
802,91,0,4
802,92,0,34
802,93,0,16
802,94,0,31
802,97,0,47
802,99,0,3
802,61,0,49
802,5,0,44
802,66,0,42
802,11,0,32
802,32,0,28
802,1,0,10
803,4,0,25
803,7,0,22
803,8,0,3
803,12,0,26
803,14,0,20
803,17,0,19
803,19,0,27
803,20,0,40
803,22,0,10
803,26,0,3
803,28,0,11
803,30,0,45
803,31,0,27
803,36,0,18
803,38,0,45
803,41,0,24
803,42,0,39
803,43,0,31
803,48,0,27
803,49,0,24
803,50,0,44
803,51,0,44
803,52,0,11
803,53,0,25
803,54,0,22
803,55,0,27
803,59,0,47
803,62,0,39
803,64,0,15
803,65,0,30
803,72,0,6
803,73,0,28
803,74,0,3
803,75,0,9
803,76,0,31
803,79,0,49
803,80,0,2
803,81,0,4
803,82,0,2
803,84,0,23
803,86,0,18
803,87,0,47
803,88,0,38
803,89,0,11
803,91,0,4
803,92,0,34
803,93,0,16
803,94,0,31
803,97,0,47
803,99,0,3
803,61,0,49
803,5,0,44
803,66,0,42
803,11,0,32
803,32,0,28
803,1,0,10
804,4,0,25
804,7,0,22
804,8,0,3
804,12,0,26
804,14,0,20
804,17,0,19
804,19,0,27
804,20,0,40
804,22,0,10
804,26,0,3
804,28,0,11
804,30,0,45
804,31,0,27
804,36,0,18
804,38,0,45
804,41,0,24
804,42,0,39
804,43,0,31
804,48,0,27
804,49,0,24
804,50,0,44
804,51,0,44
804,52,0,11
804,53,0,25
804,54,0,22
804,55,0,27
804,59,0,47
804,62,0,39
804,64,0,15
804,65,0,30
804,72,0,6
804,73,0,28
804,74,0,3
804,75,0,9
804,76,0,31
804,79,0,49
804,80,0,2
804,81,0,4
804,82,0,2
804,84,0,23
804,86,0,18
804,87,0,47
804,88,0,38
804,89,0,11
804,91,0,4
804,92,0,34
804,93,0,16
804,94,0,31
804,97,0,47
804,99,0,3
804,61,0,49
804,5,0,44
804,66,0,42
804,11,0,32
804,32,0,28
804,1,0,10
805,4,0,25
805,7,0,22
805,8,0,3
805,12,0,26
805,14,0,20
805,17,0,19
805,19,0,27
805,20,0,40
805,22,0,10
805,26,0,3
805,28,0,11
805,30,0,45
805,31,0,27
805,36,0,18
805,38,0,45
805,41,0,24
805,42,0,39
805,43,0,31
805,48,0,27
805,49,0,24
805,50,0,44
805,51,0,44
805,52,0,11
805,53,0,25
805,54,0,22
805,55,0,27
805,59,0,47
805,62,0,39
805,64,0,15
805,65,0,30
805,72,0,6
805,73,0,28
805,74,0,3
805,75,0,9
805,76,0,31
805,79,0,49
805,80,0,2
805,81,0,4
805,82,0,2
805,84,0,23
805,86,0,18
805,87,0,47
805,88,0,38
805,89,0,11
805,91,0,4
805,92,0,34
805,93,0,16
805,94,0,31
805,97,0,47
805,99,0,3
805,61,0,49
805,5,0,44
805,66,0,42
805,11,0,32
805,32,0,28
805,1,0,10
806,4,0,25
806,7,0,22
806,8,0,3
806,12,0,26
806,14,0,20
806,17,0,19
806,19,0,27
806,20,0,40
806,22,0,10
806,26,0,3
806,28,0,11
806,30,0,45
806,31,0,27
806,36,0,18
806,38,0,45
806,41,0,24
806,42,0,39
806,43,0,31
806,48,0,27
806,49,0,24
806,50,0,44
806,51,0,44
806,52,0,11
806,53,0,25
806,54,0,22
806,55,0,27
806,59,0,47
806,62,0,39
806,64,0,15
806,65,0,30
806,72,0,6
806,73,0,28
806,74,0,3
806,75,0,9
806,76,0,31
806,79,0,49
806,80,0,2
806,81,0,4
806,82,0,2
806,84,0,23
806,86,0,18
806,87,0,47
806,88,0,38
806,89,0,11
806,91,0,4
806,92,0,34
806,93,0,16
806,94,0,31
806,97,0,47
806,99,0,3
806,61,0,49
806,5,0,44
806,66,0,42
806,11,0,32
806,32,0,28
806,1,0,10
807,4,0,25
807,7,0,22
807,8,0,3
807,12,0,26
807,14,0,20
807,17,0,19
807,19,0,27
807,20,0,40
807,22,0,10
807,26,0,3
807,28,0,11
807,30,0,45
807,31,0,27
807,36,0,18
807,38,0,45
807,41,0,24
807,42,0,39
807,43,0,31
807,48,0,27
807,49,0,24
807,50,0,44
807,51,0,44
807,52,0,11
807,53,0,25
807,54,0,22
807,55,0,27
807,59,0,47
807,62,0,39
807,64,0,15
807,65,0,30
807,72,0,6
807,73,0,28
807,74,0,3
807,75,0,9
807,76,0,31
807,79,0,49
807,80,0,2
807,81,0,4
807,82,0,2
807,84,0,23
807,86,0,18
807,87,0,47
807,88,0,38
807,89,0,11
807,91,0,4
807,92,0,34
807,93,0,16
807,94,0,31
807,97,0,47
807,99,0,3
807,61,0,49
807,5,0,44
807,66,0,42
807,11,0,32
807,32,0,28
807,1,0,10
808,4,0,25
808,7,0,22
808,8,0,3
808,12,0,26
808,14,0,20
808,17,0,19
808,19,0,27
808,20,0,40
808,22,0,10
808,26,0,3
808,28,0,11
808,30,0,45
808,31,0,27
808,36,0,18
808,38,0,45
808,41,0,24
808,42,0,39
808,43,0,31
808,48,0,27
808,49,0,24
808,50,0,44
808,51,0,44
808,52,0,11
808,53,0,25
808,54,0,22
808,55,0,27
808,59,0,47
808,62,0,39
808,64,0,15
808,65,0,30
808,72,0,6
808,73,0,28
808,74,0,3
808,75,0,9
808,76,0,31
808,79,0,49
808,80,0,2
808,81,0,4
808,82,0,2
808,84,0,23
808,86,0,18
808,87,0,47
808,88,0,38
808,89,0,11
808,91,0,4
808,92,0,34
808,93,0,16
808,94,0,31
808,97,0,47
808,99,0,3
808,61,0,49
808,5,0,44
808,66,0,42
808,11,0,32
808,32,0,28
808,1,0,10
809,4,0,25
809,7,0,22
809,8,0,3
809,12,0,26
809,14,0,20
809,17,0,19
809,19,0,27
809,20,0,40
809,22,0,10
809,26,0,3
809,28,0,11
809,30,0,45
809,31,0,27
809,36,0,18
809,38,0,45
809,41,0,24
809,42,0,39
809,43,0,31
809,48,0,27
809,49,0,24
809,50,0,44
809,51,0,44
809,52,0,11
809,53,0,25
809,54,0,22
809,55,0,27
809,59,0,47
809,62,0,39
809,64,0,15
809,65,0,30
809,72,0,6
809,73,0,28
809,74,0,3
809,75,0,9
809,76,0,31
809,79,0,49
809,80,0,2
809,81,0,4
809,82,0,2
809,84,0,23
809,86,0,18
809,87,0,47
809,88,0,38
809,89,0,11
809,91,0,4
809,92,0,34
809,93,0,16
809,94,0,31
809,97,0,47
809,99,0,3
809,61,0,49
809,5,0,44
809,66,0,42
809,11,0,32
809,32,0,28
809,1,0,10
810,4,0,25
810,7,0,22
810,8,0,3
810,12,0,26
810,14,0,20
810,17,0,19
810,19,0,27
810,20,0,40
810,22,0,10
810,26,0,3
810,28,0,11
810,30,0,45
810,31,0,27
810,36,0,18
810,38,0,45
810,41,0,24
810,42,0,39
810,43,0,31
810,48,0,27
810,49,0,24
810,50,0,44
810,51,0,44
810,52,0,11
810,53,0,25
810,54,0,22
810,55,0,27
810,59,0,47
810,62,0,39
810,64,0,15
810,65,0,30
810,72,0,6
810,73,0,28
810,74,0,3
810,75,0,9
810,76,0,31
810,79,0,49
810,80,0,2
810,81,0,4
810,82,0,2
810,84,0,23
810,86,0,18
810,87,0,47
810,88,0,38
810,89,0,11
810,91,0,4
810,92,0,34
810,93,0,16
810,94,0,31
810,97,0,47
810,99,0,3
810,61,0,49
810,5,0,44
810,66,0,42
810,11,0,32
810,32,0,28
810,1,0,10
811,4,0,25
811,7,0,22
811,8,0,3
811,12,0,26
811,14,0,20
811,17,0,19
811,19,0,27
811,20,0,40
811,22,0,10
811,26,0,3
811,28,0,11
811,30,0,45
811,31,0,27
811,36,0,18
811,38,0,45
811,41,0,24
811,42,0,39
811,43,0,31
811,48,0,27
811,49,0,24
811,50,0,44
811,51,0,44
811,52,0,11
811,53,0,25
811,54,0,22
811,55,0,27
811,59,0,47
811,62,0,39
811,64,0,15
811,65,0,30
811,72,0,6
811,73,0,28
811,74,0,3
811,75,0,9
811,76,0,31
811,79,0,49
811,80,0,2
811,81,0,4
811,82,0,2
811,84,0,23
811,86,0,18
811,87,0,47
811,88,0,38
811,89,0,11
811,91,0,4
811,92,0,34
811,93,0,16
811,94,0,31
811,97,0,47
811,99,0,3
811,61,0,49
811,5,0,44
811,66,0,42
811,11,0,32
811,32,0,28
811,1,0,10
812,4,0,25
812,7,0,22
812,8,0,3
812,12,0,26
812,14,0,20
812,17,0,19
812,19,0,27
812,20,0,40
812,22,0,10
812,26,0,3
812,28,0,11
812,30,0,45
812,31,0,27
812,36,0,18
812,38,0,45
812,41,0,24
812,42,0,39
812,43,0,31
812,48,0,27
812,49,0,24
812,50,0,44
812,51,0,44
812,52,0,11
812,53,0,25
812,54,0,22
812,55,0,27
812,59,0,47
812,62,0,39
812,64,0,15
812,65,0,30
812,72,0,6
812,73,0,28
812,74,0,3
812,75,0,9
812,76,0,31
812,79,0,49
812,80,0,2
812,81,0,4
812,82,0,2
812,84,0,23
812,86,0,18
812,87,0,47
812,88,0,38
812,89,0,11
812,91,0,4
812,92,0,34
812,93,0,16
812,94,0,31
812,97,0,47
812,99,0,3
812,61,0,49
812,5,0,44
812,66,0,42
812,11,0,32
812,32,0,28
812,1,0,10
813,4,0,25
813,7,0,22
813,8,0,3
813,12,0,26
813,14,0,20
813,17,0,19
813,19,0,27
813,20,0,40
813,22,0,10
813,26,0,3
813,28,0,11
813,30,0,45
813,31,0,27
813,36,0,18
813,38,0,45
813,41,0,24
813,42,0,39
813,43,0,31
813,48,0,27
813,49,0,24
813,50,0,44
813,51,0,44
813,52,0,11
813,53,0,25
813,54,0,22
813,55,0,27
813,59,0,47
813,62,0,39
813,64,0,15
813,65,0,30
813,72,0,6
813,73,0,28
813,74,0,3
813,75,0,9
813,76,0,31
813,79,0,49
813,80,0,2
813,81,0,4
813,82,0,2
813,84,0,23
813,86,0,18
813,87,0,47
813,88,0,38
813,89,0,11
813,91,0,4
813,92,0,34
813,93,0,16
813,94,0,31
813,97,0,47
813,99,0,3
813,61,0,49
813,5,0,44
813,66,0,42
813,11,0,32
813,32,0,28
813,1,0,10
814,4,0,25
814,7,0,22
814,8,0,3
814,12,0,26
814,14,0,20
814,17,0,19
814,19,0,27
814,20,0,40
814,22,0,10
814,26,0,3
814,28,0,11
814,30,0,45
814,31,0,27
814,36,0,18
814,38,0,45
814,41,0,24
814,42,0,39
814,43,0,31
814,48,0,27
814,49,0,24
814,50,0,44
814,51,0,44
814,52,0,11
814,53,0,25
814,54,0,22
814,55,0,27
814,59,0,47
814,62,0,39
814,64,0,15
814,65,0,30
814,72,0,6
814,73,0,28
814,74,0,3
814,75,0,9
814,76,0,31
814,79,0,49
814,80,0,2
814,81,0,4
814,82,0,2
814,84,0,23
814,86,0,18
814,87,0,47
814,88,0,38
814,89,0,11
814,91,0,4
814,92,0,34
814,93,0,16
814,94,0,31
814,97,0,47
814,99,0,3
814,61,0,49
814,5,0,44
814,66,0,42
814,11,0,32
814,32,0,28
814,1,0,10
815,4,0,25
815,7,0,22
815,8,0,3
815,12,0,26
815,14,0,20
815,17,0,19
815,19,0,27
815,20,0,40
815,22,0,10
815,26,0,3
815,28,0,11
815,30,0,45
815,31,0,27
815,36,0,18
815,38,0,45
815,41,0,24
815,42,0,39
815,43,0,31
815,48,0,27
815,49,0,24
815,50,0,44
815,51,0,44
815,52,0,11
815,53,0,25
815,54,0,22
815,55,0,27
815,59,0,47
815,62,0,39
815,64,0,15
815,65,0,30
815,72,0,6
815,73,0,28
815,74,0,3
815,75,0,9
815,76,0,31
815,79,0,49
815,80,0,2
815,81,0,4
815,82,0,2
815,84,0,23
815,86,0,18
815,87,0,47
815,88,0,38
815,89,0,11
815,91,0,4
815,92,0,34
815,93,0,16
815,94,0,31
815,97,0,47
815,99,0,3
815,61,0,49
815,5,0,44
815,66,0,42
815,11,0,32
815,32,0,28
815,1,0,10
816,4,0,25
816,7,0,22
816,8,0,3
816,12,0,26
816,14,0,20
816,17,0,19
816,19,0,27
816,20,0,40
816,22,0,10
816,26,0,3
816,28,0,11
816,30,0,45
816,31,0,27
816,36,0,18
816,38,0,45
816,41,0,24
816,42,0,39
816,43,0,31
816,48,0,27
816,49,0,24
816,50,0,44
816,51,0,44
816,52,0,11
816,53,0,25
816,54,0,22
816,55,0,27
816,59,0,47
816,62,0,39
816,64,0,15
816,65,0,30
816,72,0,6
816,73,0,28
816,74,0,3
816,75,0,9
816,76,0,31
816,79,0,49
816,80,0,2
816,81,0,4
816,82,0,2
816,84,0,23
816,86,0,18
816,87,0,47
816,88,0,38
816,89,0,11
816,91,0,4
816,92,0,34
816,93,0,16
816,94,0,31
816,97,0,47
816,99,0,3
816,61,0,49
816,5,0,44
816,66,0,42
816,11,0,32
816,32,0,28
816,1,0,10
817,4,0,25
817,7,0,22
817,8,0,3
817,12,0,26
817,14,0,20
817,17,0,19
817,19,0,27
817,20,0,40
817,22,0,10
817,26,0,3
817,28,0,11
817,30,0,45
817,31,0,27
817,36,0,18
817,38,0,45
817,41,0,24
817,42,0,39
817,43,0,31
817,48,0,27
817,49,0,24
817,50,0,44
817,51,0,44
817,52,0,11
817,53,0,25
817,54,0,22
817,55,0,27
817,59,0,47
817,62,0,39
817,64,0,15
817,65,0,30
817,72,0,6
817,73,0,28
817,74,0,3
817,75,0,9
817,76,0,31
817,79,0,49
817,80,0,2
817,81,0,4
817,82,0,2
817,84,0,23
817,86,0,18
817,87,0,47
817,88,0,38
817,89,0,11
817,91,0,4
817,92,0,34
817,93,0,16
817,94,0,31
817,97,0,47
817,99,0,3
817,61,0,49
817,5,0,44
817,66,0,42
817,11,0,32
817,32,0,28
817,1,0,10
818,4,0,25
818,7,0,22
818,8,0,3
818,12,0,26
818,14,0,20
818,17,0,19
818,19,0,27
818,20,0,40
818,22,0,10
818,26,0,3
818,28,0,11
818,30,0,45
818,31,0,27
818,36,0,18
818,38,0,45
818,41,0,24
818,42,0,39
818,43,0,31
818,48,0,27
818,49,0,24
818,50,0,44
818,51,0,44
818,52,0,11
818,53,0,25
818,54,0,22
818,55,0,27
818,59,0,47
818,62,0,39
818,64,0,15
818,65,0,30
818,72,0,6
818,73,0,28
818,74,0,3
818,75,0,9
818,76,0,31
818,79,0,49
818,80,0,2
818,81,0,4
818,82,0,2
818,84,0,23
818,86,0,18
818,87,0,47
818,88,0,38
818,89,0,11
818,91,0,4
818,92,0,34
818,93,0,16
818,94,0,31
818,97,0,47
818,99,0,3
818,61,0,49
818,5,0,44
818,66,0,42
818,11,0,32
818,32,0,28
818,1,0,10
819,4,0,25
819,7,0,22
819,8,0,3
819,12,0,26
819,14,0,20
819,17,0,19
819,19,0,27
819,20,0,40
819,22,0,10
819,26,0,3
819,28,0,11
819,30,0,45
819,31,0,27
819,36,0,18
819,38,0,45
819,41,0,24
819,42,0,39
819,43,0,31
819,48,0,27
819,49,0,24
819,50,0,44
819,51,0,44
819,52,0,11
819,53,0,25
819,54,0,22
819,55,0,27
819,59,0,47
819,62,0,39
819,64,0,15
819,65,0,30
819,72,0,6
819,73,0,28
819,74,0,3
819,75,0,9
819,76,0,31
819,79,0,49
819,80,0,2
819,81,0,4
819,82,0,2
819,84,0,23
819,86,0,18
819,87,0,47
819,88,0,38
819,89,0,11
819,91,0,4
819,92,0,34
819,93,0,16
819,94,0,31
819,97,0,47
819,99,0,3
819,61,0,49
819,5,0,44
819,66,0,42
819,11,0,32
819,32,0,28
819,1,0,10
820,4,0,25
820,7,0,22
820,8,0,3
820,12,0,26
820,14,0,20
820,17,0,19
820,19,0,27
820,20,0,40
820,22,0,10
820,26,0,3
820,28,0,11
820,30,0,45
820,31,0,27
820,36,0,18
820,38,0,45
820,41,0,24
820,42,0,39
820,43,0,31
820,48,0,27
820,49,0,24
820,50,0,44
820,51,0,44
820,52,0,11
820,53,0,25
820,54,0,22
820,55,0,27
820,59,0,47
820,62,0,39
820,64,0,15
820,65,0,30
820,72,0,6
820,73,0,28
820,74,0,3
820,75,0,9
820,76,0,31
820,79,0,49
820,80,0,2
820,81,0,4
820,82,0,2
820,84,0,23
820,86,0,18
820,87,0,47
820,88,0,38
820,89,0,11
820,91,0,4
820,92,0,34
820,93,0,16
820,94,0,31
820,97,0,47
820,99,0,3
820,61,0,49
820,5,0,44
820,66,0,42
820,11,0,32
820,32,0,28
820,1,0,10
821,4,0,25
821,7,0,22
821,8,0,3
821,12,0,26
821,14,0,20
821,17,0,19
821,19,0,27
821,20,0,40
821,22,0,10
821,26,0,3
821,28,0,11
821,30,0,45
821,31,0,27
821,36,0,18
821,38,0,45
821,41,0,24
821,42,0,39
821,43,0,31
821,48,0,27
821,49,0,24
821,50,0,44
821,51,0,44
821,52,0,11
821,53,0,25
821,54,0,22
821,55,0,27
821,59,0,47
821,62,0,39
821,64,0,15
821,65,0,30
821,72,0,6
821,73,0,28
821,74,0,3
821,75,0,9
821,76,0,31
821,79,0,49
821,80,0,2
821,81,0,4
821,82,0,2
821,84,0,23
821,86,0,18
821,87,0,47
821,88,0,38
821,89,0,11
821,91,0,4
821,92,0,34
821,93,0,16
821,94,0,31
821,97,0,47
821,99,0,3
821,61,0,49
821,5,0,44
821,66,0,42
821,11,0,32
821,32,0,28
821,1,0,10
822,4,0,25
822,7,0,22
822,8,0,3
822,12,0,26
822,14,0,20
822,17,0,19
822,19,0,27
822,20,0,40
822,22,0,10
822,26,0,3
822,28,0,11
822,30,0,45
822,31,0,27
822,36,0,18
822,38,0,45
822,41,0,24
822,42,0,39
822,43,0,31
822,48,0,27
822,49,0,24
822,50,0,44
822,51,0,44
822,52,0,11
822,53,0,25
822,54,0,22
822,55,0,27
822,59,0,47
822,62,0,39
822,64,0,15
822,65,0,30
822,72,0,6
822,73,0,28
822,74,0,3
822,75,0,9
822,76,0,31
822,79,0,49
822,80,0,2
822,81,0,4
822,82,0,2
822,84,0,23
822,86,0,18
822,87,0,47
822,88,0,38
822,89,0,11
822,91,0,4
822,92,0,34
822,93,0,16
822,94,0,31
822,97,0,47
822,99,0,3
822,61,0,49
822,5,0,44
822,66,0,42
822,11,0,32
822,32,0,28
822,1,0,10
823,4,0,25
823,7,0,22
823,8,0,3
823,12,0,26
823,14,0,20
823,17,0,19
823,19,0,27
823,20,0,40
823,22,0,10
823,26,0,3
823,28,0,11
823,30,0,45
823,31,0,27
823,36,0,18
823,38,0,45
823,41,0,24
823,42,0,39
823,43,0,31
823,48,0,27
823,49,0,24
823,50,0,44
823,51,0,44
823,52,0,11
823,53,0,25
823,54,0,22
823,55,0,27
823,59,0,47
823,62,0,39
823,64,0,15
823,65,0,30
823,72,0,6
823,73,0,28
823,74,0,3
823,75,0,9
823,76,0,31
823,79,0,49
823,80,0,2
823,81,0,4
823,82,0,2
823,84,0,23
823,86,0,18
823,87,0,47
823,88,0,38
823,89,0,11
823,91,0,4
823,92,0,34
823,93,0,16
823,94,0,31
823,97,0,47
823,99,0,3
823,61,0,49
823,5,0,44
823,66,0,42
823,11,0,32
823,32,0,28
823,1,0,10
824,4,0,25
824,7,0,22
824,8,0,3
824,12,0,26
824,14,0,20
824,17,0,19
824,19,0,27
824,20,0,40
824,22,0,10
824,26,0,3
824,28,0,11
824,30,0,45
824,31,0,27
824,36,0,18
824,38,0,45
824,41,0,24
824,42,0,39
824,43,0,31
824,48,0,27
824,49,0,24
824,50,0,44
824,51,0,44
824,52,0,11
824,53,0,25
824,54,0,22
824,55,0,27
824,59,0,47
824,62,0,39
824,64,0,15
824,65,0,30
824,72,0,6
824,73,0,28
824,74,0,3
824,75,0,9
824,76,0,31
824,79,0,49
824,80,0,2
824,81,0,4
824,82,0,2
824,84,0,23
824,86,0,18
824,87,0,47
824,88,0,38
824,89,0,11
824,91,0,4
824,92,0,34
824,93,0,16
824,94,0,31
824,97,0,47
824,99,0,3
824,61,0,49
824,5,0,44
824,66,0,42
824,11,0,32
824,32,0,28
824,1,0,10
825,4,0,25
825,7,0,22
825,8,0,3
825,12,0,26
825,14,0,20
825,17,0,19
825,19,0,27
825,20,0,40
825,22,0,10
825,26,0,3
825,28,0,11
825,30,0,45
825,31,0,27
825,36,0,18
825,38,0,45
825,41,0,24
825,42,0,39
825,43,0,31
825,48,0,27
825,49,0,24
825,50,0,44
825,51,0,44
825,52,0,11
825,53,0,25
825,54,0,22
825,55,0,27
825,59,0,47
825,62,0,39
825,64,0,15
825,65,0,30
825,72,0,6
825,73,0,28
825,74,0,3
825,75,0,9
825,76,0,31
825,79,0,49
825,80,0,2
825,81,0,4
825,82,0,2
825,84,0,23
825,86,0,18
825,87,0,47
825,88,0,38
825,89,0,11
825,91,0,4
825,92,0,34
825,93,0,16
825,94,0,31
825,97,0,47
825,99,0,3
825,61,0,49
825,5,0,44
825,66,0,42
825,11,0,32
825,32,0,28
825,1,0,10
826,4,0,25
826,7,0,22
826,8,0,3
826,12,0,26
826,14,0,20
826,17,0,19
826,19,0,27
826,20,0,40
826,22,0,10
826,26,0,3
826,28,0,11
826,30,0,45
826,31,0,27
826,36,0,18
826,38,0,45
826,41,0,24
826,42,0,39
826,43,0,31
826,48,0,27
826,49,0,24
826,50,0,44
826,51,0,44
826,52,0,11
826,53,0,25
826,54,0,22
826,55,0,27
826,59,0,47
826,62,0,39
826,64,0,15
826,65,0,30
826,72,0,6
826,73,0,28
826,74,0,3
826,75,0,9
826,76,0,31
826,79,0,49
826,80,0,2
826,81,0,4
826,82,0,2
826,84,0,23
826,86,0,18
826,87,0,47
826,88,0,38
826,89,0,11
826,91,0,4
826,92,0,34
826,93,0,16
826,94,0,31
826,97,0,47
826,99,0,3
826,61,0,49
826,5,0,44
826,66,0,42
826,11,0,32
826,32,0,28
826,1,0,10
827,4,0,25
827,7,0,22
827,8,0,3
827,12,0,26
827,14,0,20
827,17,0,19
827,19,0,27
827,20,0,40
827,22,0,10
827,26,0,3
827,28,0,11
827,30,0,45
827,31,0,27
827,36,0,18
827,38,0,45
827,41,0,24
827,42,0,39
827,43,0,31
827,48,0,27
827,49,0,24
827,50,0,44
827,51,0,44
827,52,0,11
827,53,0,25
827,54,0,22
827,55,0,27
827,59,0,47
827,62,0,39
827,64,0,15
827,65,0,30
827,72,0,6
827,73,0,28
827,74,0,3
827,75,0,9
827,76,0,31
827,79,0,49
827,80,0,2
827,81,0,4
827,82,0,2
827,84,0,23
827,86,0,18
827,87,0,47
827,88,0,38
827,89,0,11
827,91,0,4
827,92,0,34
827,93,0,16
827,94,0,31
827,97,0,47
827,99,0,3
827,61,0,49
827,5,0,44
827,66,0,42
827,11,0,32
827,32,0,28
827,1,0,10
828,4,0,25
828,7,0,22
828,8,0,3
828,12,0,26
828,14,0,20
828,17,0,19
828,19,0,27
828,20,0,40
828,22,0,10
828,26,0,3
828,28,0,11
828,30,0,45
828,31,0,27
828,36,0,18
828,38,0,45
828,41,0,24
828,42,0,39
828,43,0,31
828,48,0,27
828,49,0,24
828,50,0,44
828,51,0,44
828,52,0,11
828,53,0,25
828,54,0,22
828,55,0,27
828,59,0,47
828,62,0,39
828,64,0,15
828,65,0,30
828,72,0,6
828,73,0,28
828,74,0,3
828,75,0,9
828,76,0,31
828,79,0,49
828,80,0,2
828,81,0,4
828,82,0,2
828,84,0,23
828,86,0,18
828,87,0,47
828,88,0,38
828,89,0,11
828,91,0,4
828,92,0,34
828,93,0,16
828,94,0,31
828,97,0,47
828,99,0,3
828,61,0,49
828,5,0,44
828,66,0,42
828,11,0,32
828,32,0,28
828,1,0,10
829,4,0,25
829,7,0,22
829,8,0,3
829,12,0,26
829,14,0,20
829,17,0,19
829,19,0,27
829,20,0,40
829,22,0,10
829,26,0,3
829,28,0,11
829,30,0,45
829,31,0,27
829,36,0,18
829,38,0,45
829,41,0,24
829,42,0,39
829,43,0,31
829,48,0,27
829,49,0,24
829,50,0,44
829,51,0,44
829,52,0,11
829,53,0,25
829,54,0,22
829,55,0,27
829,59,0,47
829,62,0,39
829,64,0,15
829,65,0,30
829,72,0,6
829,73,0,28
829,74,0,3
829,75,0,9
829,76,0,31
829,79,0,49
829,80,0,2
829,81,0,4
829,82,0,2
829,84,0,23
829,86,0,18
829,87,0,47
829,88,0,38
829,89,0,11
829,91,0,4
829,92,0,34
829,93,0,16
829,94,0,31
829,97,0,47
829,99,0,3
829,61,0,49
829,5,0,44
829,66,0,42
829,11,0,32
829,32,0,28
829,1,0,10
830,4,0,25
830,7,0,22
830,8,0,3
830,12,0,26
830,14,0,20
830,17,0,19
830,19,0,27
830,20,0,40
830,22,0,10
830,26,0,3
830,28,0,11
830,30,0,45
830,31,0,27
830,36,0,18
830,38,0,45
830,41,0,24
830,42,0,39
830,43,0,31
830,48,0,27
830,49,0,24
830,50,0,44
830,51,0,44
830,52,0,11
830,53,0,25
830,54,0,22
830,55,0,27
830,59,0,47
830,62,0,39
830,64,0,15
830,65,0,30
830,72,0,6
830,73,0,28
830,74,0,3
830,75,0,9
830,76,0,31
830,79,0,49
830,80,0,2
830,81,0,4
830,82,0,2
830,84,0,23
830,86,0,18
830,87,0,47
830,88,0,38
830,89,0,11
830,91,0,4
830,92,0,34
830,93,0,16
830,94,0,31
830,97,0,47
830,99,0,3
830,61,0,49
830,5,0,44
830,66,0,42
830,11,0,32
830,32,0,28
830,1,0,10
831,4,0,25
831,7,0,22
831,8,0,3
831,12,0,26
831,14,0,20
831,17,0,19
831,19,0,27
831,20,0,40
831,22,0,10
831,26,0,3
831,28,0,11
831,30,0,45
831,31,0,27
831,36,0,18
831,38,0,45
831,41,0,24
831,42,0,39
831,43,0,31
831,48,0,27
831,49,0,24
831,50,0,44
831,51,0,44
831,52,0,11
831,53,0,25
831,54,0,22
831,55,0,27
831,59,0,47
831,62,0,39
831,64,0,15
831,65,0,30
831,72,0,6
831,73,0,28
831,74,0,3
831,75,0,9
831,76,0,31
831,79,0,49
831,80,0,2
831,81,0,4
831,82,0,2
831,84,0,23
831,86,0,18
831,87,0,47
831,88,0,38
831,89,0,11
831,91,0,4
831,92,0,34
831,93,0,16
831,94,0,31
831,97,0,47
831,99,0,3
831,61,0,49
831,5,0,44
831,66,0,42
831,11,0,32
831,32,0,28
831,1,0,10
832,4,0,25
832,7,0,22
832,8,0,3
832,12,0,26
832,14,0,20
832,17,0,19
832,19,0,27
832,20,0,40
832,22,0,10
832,26,0,3
832,28,0,11
832,30,0,45
832,31,0,27
832,36,0,18
832,38,0,45
832,41,0,24
832,42,0,39
832,43,0,31
832,48,0,27
832,49,0,24
832,50,0,44
832,51,0,44
832,52,0,11
832,53,0,25
832,54,0,22
832,55,0,27
832,59,0,47
832,62,0,39
832,64,0,15
832,65,0,30
832,72,0,6
832,73,0,28
832,74,0,3
832,75,0,9
832,76,0,31
832,79,0,49
832,80,0,2
832,81,0,4
832,82,0,2
832,84,0,23
832,86,0,18
832,87,0,47
832,88,0,38
832,89,0,11
832,91,0,4
832,92,0,34
832,93,0,16
832,94,0,31
832,97,0,47
832,99,0,3
832,61,0,49
832,5,0,44
832,66,0,42
832,11,0,32
832,32,0,28
832,1,0,10
833,4,0,25
833,7,0,22
833,8,0,3
833,12,0,26
833,14,0,20
833,17,0,19
833,19,0,27
833,20,0,40
833,22,0,10
833,26,0,3
833,28,0,11
833,30,0,45
833,31,0,27
833,36,0,18
833,38,0,45
833,41,0,24
833,42,0,39
833,43,0,31
833,48,0,27
833,49,0,24
833,50,0,44
833,51,0,44
833,52,0,11
833,53,0,25
833,54,0,22
833,55,0,27
833,59,0,47
833,62,0,39
833,64,0,15
833,65,0,30
833,72,0,6
833,73,0,28
833,74,0,3
833,75,0,9
833,76,0,31
833,79,0,49
833,80,0,2
833,81,0,4
833,82,0,2
833,84,0,23
833,86,0,18
833,87,0,47
833,88,0,38
833,89,0,11
833,91,0,4
833,92,0,34
833,93,0,16
833,94,0,31
833,97,0,47
833,99,0,3
833,61,0,49
833,5,0,44
833,66,0,42
833,11,0,32
833,32,0,28
833,1,0,10
834,4,0,25
834,7,0,22
834,8,0,3
834,12,0,26
834,14,0,20
834,17,0,19
834,19,0,27
834,20,0,40
834,22,0,10
834,26,0,3
834,28,0,11
834,30,0,45
834,31,0,27
834,36,0,18
834,38,0,45
834,41,0,24
834,42,0,39
834,43,0,31
834,48,0,27
834,49,0,24
834,50,0,44
834,51,0,44
834,52,0,11
834,53,0,25
834,54,0,22
834,55,0,27
834,59,0,47
834,62,0,39
834,64,0,15
834,65,0,30
834,72,0,6
834,73,0,28
834,74,0,3
834,75,0,9
834,76,0,31
834,79,0,49
834,80,0,2
834,81,0,4
834,82,0,2
834,84,0,23
834,86,0,18
834,87,0,47
834,88,0,38
834,89,0,11
834,91,0,4
834,92,0,34
834,93,0,16
834,94,0,31
834,97,0,47
834,99,0,3
834,61,0,49
834,5,0,44
834,66,0,42
834,11,0,32
834,32,0,28
834,1,0,10
835,4,0,25
835,7,0,22
835,8,0,3
835,12,0,26
835,14,0,20
835,17,0,19
835,19,0,27
835,20,0,40
835,22,0,10
835,26,0,3
835,28,0,11
835,30,0,45
835,31,0,27
835,36,0,18
835,38,0,45
835,41,0,24
835,42,0,39
835,43,0,31
835,48,0,27
835,49,0,24
835,50,0,44
835,51,0,44
835,52,0,11
835,53,0,25
835,54,0,22
835,55,0,27
835,59,0,47
835,62,0,39
835,64,0,15
835,65,0,30
835,72,0,6
835,73,0,28
835,74,0,3
835,75,0,9
835,76,0,31
835,79,0,49
835,80,0,2
835,81,0,4
835,82,0,2
835,84,0,23
835,86,0,18
835,87,0,47
835,88,0,38
835,89,0,11
835,91,0,4
835,92,0,34
835,93,0,16
835,94,0,31
835,97,0,47
835,99,0,3
835,61,0,49
835,5,0,44
835,66,0,42
835,11,0,32
835,32,0,28
835,1,0,10
836,4,0,25
836,7,0,22
836,8,0,3
836,12,0,26
836,14,0,20
836,17,0,19
836,19,0,27
836,20,0,40
836,22,0,10
836,26,0,3
836,28,0,11
836,30,0,45
836,31,0,27
836,36,0,18
836,38,0,45
836,41,0,24
836,42,0,39
836,43,0,31
836,48,0,27
836,49,0,24
836,50,0,44
836,51,0,44
836,52,0,11
836,53,0,25
836,54,0,22
836,55,0,27
836,59,0,47
836,62,0,39
836,64,0,15
836,65,0,30
836,72,0,6
836,73,0,28
836,74,0,3
836,75,0,9
836,76,0,31
836,79,0,49
836,80,0,2
836,81,0,4
836,82,0,2
836,84,0,23
836,86,0,18
836,87,0,47
836,88,0,38
836,89,0,11
836,91,0,4
836,92,0,34
836,93,0,16
836,94,0,31
836,97,0,47
836,99,0,3
836,61,0,49
836,5,0,44
836,66,0,42
836,11,0,32
836,32,0,28
836,1,0,10
837,4,0,25
837,7,0,22
837,8,0,3
837,12,0,26
837,14,0,20
837,17,0,19
837,19,0,27
837,20,0,40
837,22,0,10
837,26,0,3
837,28,0,11
837,30,0,45
837,31,0,27
837,36,0,18
837,38,0,45
837,41,0,24
837,42,0,39
837,43,0,31
837,48,0,27
837,49,0,24
837,50,0,44
837,51,0,44
837,52,0,11
837,53,0,25
837,54,0,22
837,55,0,27
837,59,0,47
837,62,0,39
837,64,0,15
837,65,0,30
837,72,0,6
837,73,0,28
837,74,0,3
837,75,0,9
837,76,0,31
837,79,0,49
837,80,0,2
837,81,0,4
837,82,0,2
837,84,0,23
837,86,0,18
837,87,0,47
837,88,0,38
837,89,0,11
837,91,0,4
837,92,0,34
837,93,0,16
837,94,0,31
837,97,0,47
837,99,0,3
837,61,0,49
837,5,0,44
837,66,0,42
837,11,0,32
837,32,0,28
837,1,0,10
838,4,0,25
838,7,0,22
838,8,0,3
838,12,0,26
838,14,0,20
838,17,0,19
838,19,0,27
838,20,0,40
838,22,0,10
838,26,0,3
838,28,0,11
838,30,0,45
838,31,0,27
838,36,0,18
838,38,0,45
838,41,0,24
838,42,0,39
838,43,0,31
838,48,0,27
838,49,0,24
838,50,0,44
838,51,0,44
838,52,0,11
838,53,0,25
838,54,0,22
838,55,0,27
838,59,0,47
838,62,0,39
838,64,0,15
838,65,0,30
838,72,0,6
838,73,0,28
838,74,0,3
838,75,0,9
838,76,0,31
838,79,0,49
838,80,0,2
838,81,0,4
838,82,0,2
838,84,0,23
838,86,0,18
838,87,0,47
838,88,0,38
838,89,0,11
838,91,0,4
838,92,0,34
838,93,0,16
838,94,0,31
838,97,0,47
838,99,0,3
838,61,0,49
838,5,0,44
838,66,0,42
838,11,0,32
838,32,0,28
838,1,0,10
839,4,0,25
839,7,0,22
839,8,0,3
839,12,0,26
839,14,0,20
839,17,0,19
839,19,0,27
839,20,0,40
839,22,0,10
839,26,0,3
839,28,0,11
839,30,0,45
839,31,0,27
839,36,0,18
839,38,0,45
839,41,0,24
839,42,0,39
839,43,0,31
839,48,0,27
839,49,0,24
839,50,0,44
839,51,0,44
839,52,0,11
839,53,0,25
839,54,0,22
839,55,0,27
839,59,0,47
839,62,0,39
839,64,0,15
839,65,0,30
839,72,0,6
839,73,0,28
839,74,0,3
839,75,0,9
839,76,0,31
839,79,0,49
839,80,0,2
839,81,0,4
839,82,0,2
839,84,0,23
839,86,0,18
839,87,0,47
839,88,0,38
839,89,0,11
839,91,0,4
839,92,0,34
839,93,0,16
839,94,0,31
839,97,0,47
839,99,0,3
839,61,0,49
839,5,0,44
839,66,0,42
839,11,0,32
839,32,0,28
839,1,0,10
840,4,0,25
840,7,0,22
840,8,0,3
840,12,0,26
840,14,0,20
840,17,0,19
840,19,0,27
840,20,0,40
840,22,0,10
840,26,0,3
840,28,0,11
840,30,0,45
840,31,0,27
840,36,0,18
840,38,0,45
840,41,0,24
840,42,0,39
840,43,0,31
840,48,0,27
840,49,0,24
840,50,0,44
840,51,0,44
840,52,0,11
840,53,0,25
840,54,0,22
840,55,0,27
840,59,0,47
840,62,0,39
840,64,0,15
840,65,0,30
840,72,0,6
840,73,0,28
840,74,0,3
840,75,0,9
840,76,0,31
840,79,0,49
840,80,0,2
840,81,0,4
840,82,0,2
840,84,0,23
840,86,0,18
840,87,0,47
840,88,0,38
840,89,0,11
840,91,0,4
840,92,0,34
840,93,0,16
840,94,0,31
840,97,0,47
840,99,0,3
840,61,0,49
840,5,0,44
840,66,0,42
840,11,0,32
840,32,0,28
840,1,0,10
841,4,0,25
841,7,0,22
841,8,0,3
841,12,0,26
841,14,0,20
841,17,0,19
841,19,0,27
841,20,0,40
841,22,0,10
841,26,0,3
841,28,0,11
841,30,0,45
841,31,0,27
841,36,0,18
841,38,0,45
841,41,0,24
841,42,0,39
841,43,0,31
841,48,0,27
841,49,0,24
841,50,0,44
841,51,0,44
841,52,0,11
841,53,0,25
841,54,0,22
841,55,0,27
841,59,0,47
841,62,0,39
841,64,0,15
841,65,0,30
841,72,0,6
841,73,0,28
841,74,0,3
841,75,0,9
841,76,0,31
841,79,0,49
841,80,0,2
841,81,0,4
841,82,0,2
841,84,0,23
841,86,0,18
841,87,0,47
841,88,0,38
841,89,0,11
841,91,0,4
841,92,0,34
841,93,0,16
841,94,0,31
841,97,0,47
841,99,0,3
841,61,0,49
841,5,0,44
841,66,0,42
841,11,0,32
841,32,0,28
841,1,0,10
842,4,0,25
842,7,0,22
842,8,0,3
842,12,0,26
842,14,0,20
842,17,0,19
842,19,0,27
842,20,0,40
842,22,0,10
842,26,0,3
842,28,0,11
842,30,0,45
842,31,0,27
842,36,0,18
842,38,0,45
842,41,0,24
842,42,0,39
842,43,0,31
842,48,0,27
842,49,0,24
842,50,0,44
842,51,0,44
842,52,0,11
842,53,0,25
842,54,0,22
842,55,0,27
842,59,0,47
842,62,0,39
842,64,0,15
842,65,0,30
842,72,0,6
842,73,0,28
842,74,0,3
842,75,0,9
842,76,0,31
842,79,0,49
842,80,0,2
842,81,0,4
842,82,0,2
842,84,0,23
842,86,0,18
842,87,0,47
842,88,0,38
842,89,0,11
842,91,0,4
842,92,0,34
842,93,0,16
842,94,0,31
842,97,0,47
842,99,0,3
842,61,0,49
842,5,0,44
842,66,0,42
842,11,0,32
842,32,0,28
842,1,0,10
843,4,0,25
843,7,0,22
843,8,0,3
843,12,0,26
843,14,0,20
843,17,0,19
843,19,0,27
843,20,0,40
843,22,0,10
843,26,0,3
843,28,0,11
843,30,0,45
843,31,0,27
843,36,0,18
843,38,0,45
843,41,0,24
843,42,0,39
843,43,0,31
843,48,0,27
843,49,0,24
843,50,0,44
843,51,0,44
843,52,0,11
843,53,0,25
843,54,0,22
843,55,0,27
843,59,0,47
843,62,0,39
843,64,0,15
843,65,0,30
843,72,0,6
843,73,0,28
843,74,0,3
843,75,0,9
843,76,0,31
843,79,0,49
843,80,0,2
843,81,0,4
843,82,0,2
843,84,0,23
843,86,0,18
843,87,0,47
843,88,0,38
843,89,0,11
843,91,0,4
843,92,0,34
843,93,0,16
843,94,0,31
843,97,0,47
843,99,0,3
843,61,0,49
843,5,0,44
843,66,0,42
843,11,0,32
843,32,0,28
843,1,0,10
844,4,0,25
844,7,0,22
844,8,0,3
844,12,0,26
844,14,0,20
844,17,0,19
844,19,0,27
844,20,0,40
844,22,0,10
844,26,0,3
844,28,0,11
844,30,0,45
844,31,0,27
844,36,0,18
844,38,0,45
844,41,0,24
844,42,0,39
844,43,0,31
844,48,0,27
844,49,0,24
844,50,0,44
844,51,0,44
844,52,0,11
844,53,0,25
844,54,0,22
844,55,0,27
844,59,0,47
844,62,0,39
844,64,0,15
844,65,0,30
844,72,0,6
844,73,0,28
844,74,0,3
844,75,0,9
844,76,0,31
844,79,0,49
844,80,0,2
844,81,0,4
844,82,0,2
844,84,0,23
844,86,0,18
844,87,0,47
844,88,0,38
844,89,0,11
844,91,0,4
844,92,0,34
844,93,0,16
844,94,0,31
844,97,0,47
844,99,0,3
844,61,0,49
844,5,0,44
844,66,0,42
844,11,0,32
844,32,0,28
844,1,0,10
845,4,0,25
845,7,0,22
845,8,0,3
845,12,0,26
845,14,0,20
845,17,0,19
845,19,0,27
845,20,0,40
845,22,0,10
845,26,0,3
845,28,0,11
845,30,0,45
845,31,0,27
845,36,0,18
845,38,0,45
845,41,0,24
845,42,0,39
845,43,0,31
845,48,0,27
845,49,0,24
845,50,0,44
845,51,0,44
845,52,0,11
845,53,0,25
845,54,0,22
845,55,0,27
845,59,0,47
845,62,0,39
845,64,0,15
845,65,0,30
845,72,0,6
845,73,0,28
845,74,0,3
845,75,0,9
845,76,0,31
845,79,0,49
845,80,0,2
845,81,0,4
845,82,0,2
845,84,0,23
845,86,0,18
845,87,0,47
845,88,0,38
845,89,0,11
845,91,0,4
845,92,0,34
845,93,0,16
845,94,0,31
845,97,0,47
845,99,0,3
845,61,0,49
845,5,0,44
845,66,0,42
845,11,0,32
845,32,0,28
845,1,0,10
846,4,0,25
846,7,0,22
846,8,0,3
846,12,0,26
846,14,0,20
846,17,0,19
846,19,0,27
846,20,0,40
846,22,0,10
846,26,0,3
846,28,0,11
846,30,0,45
846,31,0,27
846,36,0,18
846,38,0,45
846,41,0,24
846,42,0,39
846,43,0,31
846,48,0,27
846,49,0,24
846,50,0,44
846,51,0,44
846,52,0,11
846,53,0,25
846,54,0,22
846,55,0,27
846,59,0,47
846,62,0,39
846,64,0,15
846,65,0,30
846,72,0,6
846,73,0,28
846,74,0,3
846,75,0,9
846,76,0,31
846,79,0,49
846,80,0,2
846,81,0,4
846,82,0,2
846,84,0,23
846,86,0,18
846,87,0,47
846,88,0,38
846,89,0,11
846,91,0,4
846,92,0,34
846,93,0,16
846,94,0,31
846,97,0,47
846,99,0,3
846,61,0,49
846,5,0,44
846,66,0,42
846,11,0,32
846,32,0,28
846,1,0,10
847,4,0,25
847,7,0,22
847,8,0,3
847,12,0,26
847,14,0,20
847,17,0,19
847,19,0,27
847,20,0,40
847,22,0,10
847,26,0,3
847,28,0,11
847,30,0,45
847,31,0,27
847,36,0,18
847,38,0,45
847,41,0,24
847,42,0,39
847,43,0,31
847,48,0,27
847,49,0,24
847,50,0,44
847,51,0,44
847,52,0,11
847,53,0,25
847,54,0,22
847,55,0,27
847,59,0,47
847,62,0,39
847,64,0,15
847,65,0,30
847,72,0,6
847,73,0,28
847,74,0,3
847,75,0,9
847,76,0,31
847,79,0,49
847,80,0,2
847,81,0,4
847,82,0,2
847,84,0,23
847,86,0,18
847,87,0,47
847,88,0,38
847,89,0,11
847,91,0,4
847,92,0,34
847,93,0,16
847,94,0,31
847,97,0,47
847,99,0,3
847,61,0,49
847,5,0,44
847,66,0,42
847,11,0,32
847,32,0,28
847,1,0,10
848,4,0,25
848,7,0,22
848,8,0,3
848,12,0,26
848,14,0,20
848,17,0,19
848,19,0,27
848,20,0,40
848,22,0,10
848,26,0,3
848,28,0,11
848,30,0,45
848,31,0,27
848,36,0,18
848,38,0,45
848,41,0,24
848,42,0,39
848,43,0,31
848,48,0,27
848,49,0,24
848,50,0,44
848,51,0,44
848,52,0,11
848,53,0,25
848,54,0,22
848,55,0,27
848,59,0,47
848,62,0,39
848,64,0,15
848,65,0,30
848,72,0,6
848,73,0,28
848,74,0,3
848,75,0,9
848,76,0,31
848,79,0,49
848,80,0,2
848,81,0,4
848,82,0,2
848,84,0,23
848,86,0,18
848,87,0,47
848,88,0,38
848,89,0,11
848,91,0,4
848,92,0,34
848,93,0,16
848,94,0,31
848,97,0,47
848,99,0,3
848,61,0,49
848,5,0,44
848,66,0,42
848,11,0,32
848,32,0,28
848,1,0,10
849,4,0,25
849,7,0,22
849,8,0,3
849,12,0,26
849,14,0,20
849,17,0,19
849,19,0,27
849,20,0,40
849,22,0,10
849,26,0,3
849,28,0,11
849,30,0,45
849,31,0,27
849,36,0,18
849,38,0,45
849,41,0,24
849,42,0,39
849,43,0,31
849,48,0,27
849,49,0,24
849,50,0,44
849,51,0,44
849,52,0,11
849,53,0,25
849,54,0,22
849,55,0,27
849,59,0,47
849,62,0,39
849,64,0,15
849,65,0,30
849,72,0,6
849,73,0,28
849,74,0,3
849,75,0,9
849,76,0,31
849,79,0,49
849,80,0,2
849,81,0,4
849,82,0,2
849,84,0,23
849,86,0,18
849,87,0,47
849,88,0,38
849,89,0,11
849,91,0,4
849,92,0,34
849,93,0,16
849,94,0,31
849,97,0,47
849,99,0,3
849,61,0,49
849,5,0,44
849,66,0,42
849,11,0,32
849,32,0,28
849,1,0,10
850,4,0,25
850,7,0,22
850,8,0,3
850,12,0,26
850,14,0,20
850,17,0,19
850,19,0,27
850,20,0,40
850,22,0,10
850,26,0,3
850,28,0,11
850,30,0,45
850,31,0,27
850,36,0,18
850,38,0,45
850,41,0,24
850,42,0,39
850,43,0,31
850,48,0,27
850,49,0,24
850,50,0,44
850,51,0,44
850,52,0,11
850,53,0,25
850,54,0,22
850,55,0,27
850,59,0,47
850,62,0,39
850,64,0,15
850,65,0,30
850,72,0,6
850,73,0,28
850,74,0,3
850,75,0,9
850,76,0,31
850,79,0,49
850,80,0,2
850,81,0,4
850,82,0,2
850,84,0,23
850,86,0,18
850,87,0,47
850,88,0,38
850,89,0,11
850,91,0,4
850,92,0,34
850,93,0,16
850,94,0,31
850,97,0,47
850,99,0,3
850,61,0,49
850,5,0,44
850,66,0,42
850,11,0,32
850,32,0,28
850,1,0,10
851,4,0,25
851,7,0,22
851,8,0,3
851,12,0,26
851,14,0,20
851,17,0,19
851,19,0,27
851,20,0,40
851,22,0,10
851,26,0,3
851,28,0,11
851,30,0,45
851,31,0,27
851,36,0,18
851,38,0,45
851,41,0,24
851,42,0,39
851,43,0,31
851,48,0,27
851,49,0,24
851,50,0,44
851,51,0,44
851,52,0,11
851,53,0,25
851,54,0,22
851,55,0,27
851,59,0,47
851,62,0,39
851,64,0,15
851,65,0,30
851,72,0,6
851,73,0,28
851,74,0,3
851,75,0,9
851,76,0,31
851,79,0,49
851,80,0,2
851,81,0,4
851,82,0,2
851,84,0,23
851,86,0,18
851,87,0,47
851,88,0,38
851,89,0,11
851,91,0,4
851,92,0,34
851,93,0,16
851,94,0,31
851,97,0,47
851,99,0,3
851,61,0,49
851,5,0,44
851,66,0,42
851,11,0,32
851,32,0,28
851,1,0,10
852,4,0,25
852,7,0,22
852,8,0,3
852,12,0,26
852,14,0,20
852,17,0,19
852,19,0,27
852,20,0,40
852,22,0,10
852,26,0,3
852,28,0,11
852,30,0,45
852,31,0,27
852,36,0,18
852,38,0,45
852,41,0,24
852,42,0,39
852,43,0,31
852,48,0,27
852,49,0,24
852,50,0,44
852,51,0,44
852,52,0,11
852,53,0,25
852,54,0,22
852,55,0,27
852,59,0,47
852,62,0,39
852,64,0,15
852,65,0,30
852,72,0,6
852,73,0,28
852,74,0,3
852,75,0,9
852,76,0,31
852,79,0,49
852,80,0,2
852,81,0,4
852,82,0,2
852,84,0,23
852,86,0,18
852,87,0,47
852,88,0,38
852,89,0,11
852,91,0,4
852,92,0,34
852,93,0,16
852,94,0,31
852,97,0,47
852,99,0,3
852,61,0,49
852,5,0,44
852,66,0,42
852,11,0,32
852,32,0,28
852,1,0,10
853,4,0,25
853,7,0,22
853,8,0,3
853,12,0,26
853,14,0,20
853,17,0,19
853,19,0,27
853,20,0,40
853,22,0,10
853,26,0,3
853,28,0,11
853,30,0,45
853,31,0,27
853,36,0,18
853,38,0,45
853,41,0,24
853,42,0,39
853,43,0,31
853,48,0,27
853,49,0,24
853,50,0,44
853,51,0,44
853,52,0,11
853,53,0,25
853,54,0,22
853,55,0,27
853,59,0,47
853,62,0,39
853,64,0,15
853,65,0,30
853,72,0,6
853,73,0,28
853,74,0,3
853,75,0,9
853,76,0,31
853,79,0,49
853,80,0,2
853,81,0,4
853,82,0,2
853,84,0,23
853,86,0,18
853,87,0,47
853,88,0,38
853,89,0,11
853,91,0,4
853,92,0,34
853,93,0,16
853,94,0,31
853,97,0,47
853,99,0,3
853,61,0,49
853,5,0,44
853,66,0,42
853,11,0,32
853,32,0,28
853,1,0,10
854,4,0,25
854,7,0,22
854,8,0,3
854,12,0,26
854,14,0,20
854,17,0,19
854,19,0,27
854,20,0,40
854,22,0,10
854,26,0,3
854,28,0,11
854,30,0,45
854,31,0,27
854,36,0,18
854,38,0,45
854,41,0,24
854,42,0,39
854,43,0,31
854,48,0,27
854,49,0,24
854,50,0,44
854,51,0,44
854,52,0,11
854,53,0,25
854,54,0,22
854,55,0,27
854,59,0,47
854,62,0,39
854,64,0,15
854,65,0,30
854,72,0,6
854,73,0,28
854,74,0,3
854,75,0,9
854,76,0,31
854,79,0,49
854,80,0,2
854,81,0,4
854,82,0,2
854,84,0,23
854,86,0,18
854,87,0,47
854,88,0,38
854,89,0,11
854,91,0,4
854,92,0,34
854,93,0,16
854,94,0,31
854,97,0,47
854,99,0,3
854,61,0,49
854,5,0,44
854,66,0,42
854,11,0,32
854,32,0,28
854,1,0,10
855,4,0,25
855,7,0,22
855,8,0,3
855,12,0,26
855,14,0,20
855,17,0,19
855,19,0,27
855,20,0,40
855,22,0,10
855,26,0,3
855,28,0,11
855,30,0,45
855,31,0,27
855,36,0,18
855,38,0,45
855,41,0,24
855,42,0,39
855,43,0,31
855,48,0,27
855,49,0,24
855,50,0,44
855,51,0,44
855,52,0,11
855,53,0,25
855,54,0,22
855,55,0,27
855,59,0,47
855,62,0,39
855,64,0,15
855,65,0,30
855,72,0,6
855,73,0,28
855,74,0,3
855,75,0,9
855,76,0,31
855,79,0,49
855,80,0,2
855,81,0,4
855,82,0,2
855,84,0,23
855,86,0,18
855,87,0,47
855,88,0,38
855,89,0,11
855,91,0,4
855,92,0,34
855,93,0,16
855,94,0,31
855,97,0,47
855,99,0,3
855,61,0,49
855,5,0,44
855,66,0,42
855,11,0,32
855,32,0,28
855,1,0,10
856,4,0,25
856,7,0,22
856,8,0,3
856,12,0,26
856,14,0,20
856,17,0,19
856,19,0,27
856,20,0,40
856,22,0,10
856,26,0,3
856,28,0,11
856,30,0,45
856,31,0,27
856,36,0,18
856,38,0,45
856,41,0,24
856,42,0,39
856,43,0,31
856,48,0,27
856,49,0,24
856,50,0,44
856,51,0,44
856,52,0,11
856,53,0,25
856,54,0,22
856,55,0,27
856,59,0,47
856,62,0,39
856,64,0,15
856,65,0,30
856,72,0,6
856,73,0,28
856,74,0,3
856,75,0,9
856,76,0,31
856,79,0,49
856,80,0,2
856,81,0,4
856,82,0,2
856,84,0,23
856,86,0,18
856,87,0,47
856,88,0,38
856,89,0,11
856,91,0,4
856,92,0,34
856,93,0,16
856,94,0,31
856,97,0,47
856,99,0,3
856,61,0,49
856,5,0,44
856,66,0,42
856,11,0,32
856,32,0,28
856,1,0,10
857,4,0,25
857,7,0,22
857,8,0,3
857,12,0,26
857,14,0,20
857,17,0,19
857,19,0,27
857,20,0,40
857,22,0,10
857,26,0,3
857,28,0,11
857,30,0,45
857,31,0,27
857,36,0,18
857,38,0,45
857,41,0,24
857,42,0,39
857,43,0,31
857,48,0,27
857,49,0,24
857,50,0,44
857,51,0,44
857,52,0,11
857,53,0,25
857,54,0,22
857,55,0,27
857,59,0,47
857,62,0,39
857,64,0,15
857,65,0,30
857,72,0,6
857,73,0,28
857,74,0,3
857,75,0,9
857,76,0,31
857,79,0,49
857,80,0,2
857,81,0,4
857,82,0,2
857,84,0,23
857,86,0,18
857,87,0,47
857,88,0,38
857,89,0,11
857,91,0,4
857,92,0,34
857,93,0,16
857,94,0,31
857,97,0,47
857,99,0,3
857,61,0,49
857,5,0,44
857,66,0,42
857,11,0,32
857,32,0,28
857,1,0,10
858,4,0,25
858,7,0,22
858,8,0,3
858,12,0,26
858,14,0,20
858,17,0,19
858,19,0,27
858,20,0,40
858,22,0,10
858,26,0,3
858,28,0,11
858,30,0,45
858,31,0,27
858,36,0,18
858,38,0,45
858,41,0,24
858,42,0,39
858,43,0,31
858,48,0,27
858,49,0,24
858,50,0,44
858,51,0,44
858,52,0,11
858,53,0,25
858,54,0,22
858,55,0,27
858,59,0,47
858,62,0,39
858,64,0,15
858,65,0,30
858,72,0,6
858,73,0,28
858,74,0,3
858,75,0,9
858,76,0,31
858,79,0,49
858,80,0,2
858,81,0,4
858,82,0,2
858,84,0,23
858,86,0,18
858,87,0,47
858,88,0,38
858,89,0,11
858,91,0,4
858,92,0,34
858,93,0,16
858,94,0,31
858,97,0,47
858,99,0,3
858,61,0,49
858,5,0,44
858,66,0,42
858,11,0,32
858,32,0,28
858,1,0,10
859,4,0,25
859,7,0,22
859,8,0,3
859,12,0,26
859,14,0,20
859,17,0,19
859,19,0,27
859,20,0,40
859,22,0,10
859,26,0,3
859,28,0,11
859,30,0,45
859,31,0,27
859,36,0,18
859,38,0,45
859,41,0,24
859,42,0,39
859,43,0,31
859,48,0,27
859,49,0,24
859,50,0,44
859,51,0,44
859,52,0,11
859,53,0,25
859,54,0,22
859,55,0,27
859,59,0,47
859,62,0,39
859,64,0,15
859,65,0,30
859,72,0,6
859,73,0,28
859,74,0,3
859,75,0,9
859,76,0,31
859,79,0,49
859,80,0,2
859,81,0,4
859,82,0,2
859,84,0,23
859,86,0,18
859,87,0,47
859,88,0,38
859,89,0,11
859,91,0,4
859,92,0,34
859,93,0,16
859,94,0,31
859,97,0,47
859,99,0,3
859,61,0,49
859,5,0,44
859,66,0,42
859,11,0,32
859,32,0,28
859,1,0,10
860,4,0,25
860,7,0,22
860,8,0,3
860,12,0,26
860,14,0,20
860,17,0,19
860,19,0,27
860,20,0,40
860,22,0,10
860,26,0,3
860,28,0,11
860,30,0,45
860,31,0,27
860,36,0,18
860,38,0,45
860,41,0,24
860,42,0,39
860,43,0,31
860,48,0,27
860,49,0,24
860,50,0,44
860,51,0,44
860,52,0,11
860,53,0,25
860,54,0,22
860,55,0,27
860,59,0,47
860,62,0,39
860,64,0,15
860,65,0,30
860,72,0,6
860,73,0,28
860,74,0,3
860,75,0,9
860,76,0,31
860,79,0,49
860,80,0,2
860,81,0,4
860,82,0,2
860,84,0,23
860,86,0,18
860,87,0,47
860,88,0,38
860,89,0,11
860,91,0,4
860,92,0,34
860,93,0,16
860,94,0,31
860,97,0,47
860,99,0,3
860,61,0,49
860,5,0,44
860,66,0,42
860,11,0,32
860,32,0,28
860,1,0,10
861,4,0,25
861,7,0,22
861,8,0,3
861,12,0,26
861,14,0,20
861,17,0,19
861,19,0,27
861,20,0,40
861,22,0,10
861,26,0,3
861,28,0,11
861,30,0,45
861,31,0,27
861,36,0,18
861,38,0,45
861,41,0,24
861,42,0,39
861,43,0,31
861,48,0,27
861,49,0,24
861,50,0,44
861,51,0,44
861,52,0,11
861,53,0,25
861,54,0,22
861,55,0,27
861,59,0,47
861,62,0,39
861,64,0,15
861,65,0,30
861,72,0,6
861,73,0,28
861,74,0,3
861,75,0,9
861,76,0,31
861,79,0,49
861,80,0,2
861,81,0,4
861,82,0,2
861,84,0,23
861,86,0,18
861,87,0,47
861,88,0,38
861,89,0,11
861,91,0,4
861,92,0,34
861,93,0,16
861,94,0,31
861,97,0,47
861,99,0,3
861,61,0,49
861,5,0,44
861,66,0,42
861,11,0,32
861,32,0,28
861,1,0,10
862,4,0,25
862,7,0,22
862,8,0,3
862,12,0,26
862,14,0,20
862,17,0,19
862,19,0,27
862,20,0,40
862,22,0,10
862,26,0,3
862,28,0,11
862,30,0,45
862,31,0,27
862,36,0,18
862,38,0,45
862,41,0,24
862,42,0,39
862,43,0,31
862,48,0,27
862,49,0,24
862,50,0,44
862,51,0,44
862,52,0,11
862,53,0,25
862,54,0,22
862,55,0,27
862,59,0,47
862,62,0,39
862,64,0,15
862,65,0,30
862,72,0,6
862,73,0,28
862,74,0,3
862,75,0,9
862,76,0,31
862,79,0,49
862,80,0,2
862,81,0,4
862,82,0,2
862,84,0,23
862,86,0,18
862,87,0,47
862,88,0,38
862,89,0,11
862,91,0,4
862,92,0,34
862,93,0,16
862,94,0,31
862,97,0,47
862,99,0,3
862,61,0,49
862,5,0,44
862,66,0,42
862,11,0,32
862,32,0,28
862,1,0,10
863,4,0,25
863,7,0,22
863,8,0,3
863,12,0,26
863,14,0,20
863,17,0,19
863,19,0,27
863,20,0,40
863,22,0,10
863,26,0,3
863,28,0,11
863,30,0,45
863,31,0,27
863,36,0,18
863,38,0,45
863,41,0,24
863,42,0,39
863,43,0,31
863,48,0,27
863,49,0,24
863,50,0,44
863,51,0,44
863,52,0,11
863,53,0,25
863,54,0,22
863,55,0,27
863,59,0,47
863,62,0,39
863,64,0,15
863,65,0,30
863,72,0,6
863,73,0,28
863,74,0,3
863,75,0,9
863,76,0,31
863,79,0,49
863,80,0,2
863,81,0,4
863,82,0,2
863,84,0,23
863,86,0,18
863,87,0,47
863,88,0,38
863,89,0,11
863,91,0,4
863,92,0,34
863,93,0,16
863,94,0,31
863,97,0,47
863,99,0,3
863,61,0,49
863,5,0,44
863,66,0,42
863,11,0,32
863,32,0,28
863,1,0,10
864,4,0,25
864,7,0,22
864,8,0,3
864,12,0,26
864,14,0,20
864,17,0,19
864,19,0,27
864,20,0,40
864,22,0,10
864,26,0,3
864,28,0,11
864,30,0,45
864,31,0,27
864,36,0,18
864,38,0,45
864,41,0,24
864,42,0,39
864,43,0,31
864,48,0,27
864,49,0,24
864,50,0,44
864,51,0,44
864,52,0,11
864,53,0,25
864,54,0,22
864,55,0,27
864,59,0,47
864,62,0,39
864,64,0,15
864,65,0,30
864,72,0,6
864,73,0,28
864,74,0,3
864,75,0,9
864,76,0,31
864,79,0,49
864,80,0,2
864,81,0,4
864,82,0,2
864,84,0,23
864,86,0,18
864,87,0,47
864,88,0,38
864,89,0,11
864,91,0,4
864,92,0,34
864,93,0,16
864,94,0,31
864,97,0,47
864,99,0,3
864,61,0,49
864,5,0,44
864,66,0,42
864,11,0,32
864,32,0,28
864,1,0,10
865,4,0,25
865,7,0,22
865,8,0,3
865,12,0,26
865,14,0,20
865,17,0,19
865,19,0,27
865,20,0,40
865,22,0,10
865,26,0,3
865,28,0,11
865,30,0,45
865,31,0,27
865,36,0,18
865,38,0,45
865,41,0,24
865,42,0,39
865,43,0,31
865,48,0,27
865,49,0,24
865,50,0,44
865,51,0,44
865,52,0,11
865,53,0,25
865,54,0,22
865,55,0,27
865,59,0,47
865,62,0,39
865,64,0,15
865,65,0,30
865,72,0,6
865,73,0,28
865,74,0,3
865,75,0,9
865,76,0,31
865,79,0,49
865,80,0,2
865,81,0,4
865,82,0,2
865,84,0,23
865,86,0,18
865,87,0,47
865,88,0,38
865,89,0,11
865,91,0,4
865,92,0,34
865,93,0,16
865,94,0,31
865,97,0,47
865,99,0,3
865,61,0,49
865,5,0,44
865,66,0,42
865,11,0,32
865,32,0,28
865,1,0,10
866,4,0,25
866,7,0,22
866,8,0,3
866,12,0,26
866,14,0,20
866,17,0,19
866,19,0,27
866,20,0,40
866,22,0,10
866,26,0,3
866,28,0,11
866,30,0,45
866,31,0,27
866,36,0,18
866,38,0,45
866,41,0,24
866,42,0,39
866,43,0,31
866,48,0,27
866,49,0,24
866,50,0,44
866,51,0,44
866,52,0,11
866,53,0,25
866,54,0,22
866,55,0,27
866,59,0,47
866,62,0,39
866,64,0,15
866,65,0,30
866,72,0,6
866,73,0,28
866,74,0,3
866,75,0,9
866,76,0,31
866,79,0,49
866,80,0,2
866,81,0,4
866,82,0,2
866,84,0,23
866,86,0,18
866,87,0,47
866,88,0,38
866,89,0,11
866,91,0,4
866,92,0,34
866,93,0,16
866,94,0,31
866,97,0,47
866,99,0,3
866,61,0,49
866,5,0,44
866,66,0,42
866,11,0,32
866,32,0,28
866,1,0,10
867,4,0,25
867,7,0,22
867,8,0,3
867,12,0,26
867,14,0,20
867,17,0,19
867,19,0,27
867,20,0,40
867,22,0,10
867,26,0,3
867,28,0,11
867,30,0,45
867,31,0,27
867,36,0,18
867,38,0,45
867,41,0,24
867,42,0,39
867,43,0,31
867,48,0,27
867,49,0,24
867,50,0,44
867,51,0,44
867,52,0,11
867,53,0,25
867,54,0,22
867,55,0,27
867,59,0,47
867,62,0,39
867,64,0,15
867,65,0,30
867,72,0,6
867,73,0,28
867,74,0,3
867,75,0,9
867,76,0,31
867,79,0,49
867,80,0,2
867,81,0,4
867,82,0,2
867,84,0,23
867,86,0,18
867,87,0,47
867,88,0,38
867,89,0,11
867,91,0,4
867,92,0,34
867,93,0,16
867,94,0,31
867,97,0,47
867,99,0,3
867,61,0,49
867,5,0,44
867,66,0,42
867,11,0,32
867,32,0,28
867,1,0,10
868,4,0,25
868,7,0,22
868,8,0,3
868,12,0,26
868,14,0,20
868,17,0,19
868,19,0,27
868,20,0,40
868,22,0,10
868,26,0,3
868,28,0,11
868,30,0,45
868,31,0,27
868,36,0,18
868,38,0,45
868,41,0,24
868,42,0,39
868,43,0,31
868,48,0,27
868,49,0,24
868,50,0,44
868,51,0,44
868,52,0,11
868,53,0,25
868,54,0,22
868,55,0,27
868,59,0,47
868,62,0,39
868,64,0,15
868,65,0,30
868,72,0,6
868,73,0,28
868,74,0,3
868,75,0,9
868,76,0,31
868,79,0,49
868,80,0,2
868,81,0,4
868,82,0,2
868,84,0,23
868,86,0,18
868,87,0,47
868,88,0,38
868,89,0,11
868,91,0,4
868,92,0,34
868,93,0,16
868,94,0,31
868,97,0,47
868,99,0,3
868,61,0,49
868,5,0,44
868,66,0,42
868,11,0,32
868,32,0,28
868,1,0,10
869,4,0,25
869,7,0,22
869,8,0,3
869,12,0,26
869,14,0,20
869,17,0,19
869,19,0,27
869,20,0,40
869,22,0,10
869,26,0,3
869,28,0,11
869,30,0,45
869,31,0,27
869,36,0,18
869,38,0,45
869,41,0,24
869,42,0,39
869,43,0,31
869,48,0,27
869,49,0,24
869,50,0,44
869,51,0,44
869,52,0,11
869,53,0,25
869,54,0,22
869,55,0,27
869,59,0,47
869,62,0,39
869,64,0,15
869,65,0,30
869,72,0,6
869,73,0,28
869,74,0,3
869,75,0,9
869,76,0,31
869,79,0,49
869,80,0,2
869,81,0,4
869,82,0,2
869,84,0,23
869,86,0,18
869,87,0,47
869,88,0,38
869,89,0,11
869,91,0,4
869,92,0,34
869,93,0,16
869,94,0,31
869,97,0,47
869,99,0,3
869,61,0,49
869,5,0,44
869,66,0,42
869,11,0,32
869,32,0,28
869,1,0,10
870,4,0,25
870,7,0,22
870,8,0,3
870,12,0,26
870,14,0,20
870,17,0,19
870,19,0,27
870,20,0,40
870,22,0,10
870,26,0,3
870,28,0,11
870,30,0,45
870,31,0,27
870,36,0,18
870,38,0,45
870,41,0,24
870,42,0,39
870,43,0,31
870,48,0,27
870,49,0,24
870,50,0,44
870,51,0,44
870,52,0,11
870,53,0,25
870,54,0,22
870,55,0,27
870,59,0,47
870,62,0,39
870,64,0,15
870,65,0,30
870,72,0,6
870,73,0,28
870,74,0,3
870,75,0,9
870,76,0,31
870,79,0,49
870,80,0,2
870,81,0,4
870,82,0,2
870,84,0,23
870,86,0,18
870,87,0,47
870,88,0,38
870,89,0,11
870,91,0,4
870,92,0,34
870,93,0,16
870,94,0,31
870,97,0,47
870,99,0,3
870,61,0,49
870,5,0,44
870,66,0,42
870,11,0,32
870,32,0,28
870,1,0,10
871,4,0,25
871,7,0,22
871,8,0,3
871,12,0,26
871,14,0,20
871,17,0,19
871,19,0,27
871,20,0,40
871,22,0,10
871,26,0,3
871,28,0,11
871,30,0,45
871,31,0,27
871,36,0,18
871,38,0,45
871,41,0,24
871,42,0,39
871,43,0,31
871,48,0,27
871,49,0,24
871,50,0,44
871,51,0,44
871,52,0,11
871,53,0,25
871,54,0,22
871,55,0,27
871,59,0,47
871,62,0,39
871,64,0,15
871,65,0,30
871,72,0,6
871,73,0,28
871,74,0,3
871,75,0,9
871,76,0,31
871,79,0,49
871,80,0,2
871,81,0,4
871,82,0,2
871,84,0,23
871,86,0,18
871,87,0,47
871,88,0,38
871,89,0,11
871,91,0,4
871,92,0,34
871,93,0,16
871,94,0,31
871,97,0,47
871,99,0,3
871,61,0,49
871,5,0,44
871,66,0,42
871,11,0,32
871,32,0,28
871,1,0,10
872,4,0,25
872,7,0,22
872,8,0,3
872,12,0,26
872,14,0,20
872,17,0,19
872,19,0,27
872,20,0,40
872,22,0,10
872,26,0,3
872,28,0,11
872,30,0,45
872,31,0,27
872,36,0,18
872,38,0,45
872,41,0,24
872,42,0,39
872,43,0,31
872,48,0,27
872,49,0,24
872,50,0,44
872,51,0,44
872,52,0,11
872,53,0,25
872,54,0,22
872,55,0,27
872,59,0,47
872,62,0,39
872,64,0,15
872,65,0,30
872,72,0,6
872,73,0,28
872,74,0,3
872,75,0,9
872,76,0,31
872,79,0,49
872,80,0,2
872,81,0,4
872,82,0,2
872,84,0,23
872,86,0,18
872,87,0,47
872,88,0,38
872,89,0,11
872,91,0,4
872,92,0,34
872,93,0,16
872,94,0,31
872,97,0,47
872,99,0,3
872,61,0,49
872,5,0,44
872,66,0,42
872,11,0,32
872,32,0,28
872,1,0,10
873,4,0,25
873,7,0,22
873,8,0,3
873,12,0,26
873,14,0,20
873,17,0,19
873,19,0,27
873,20,0,40
873,22,0,10
873,26,0,3
873,28,0,11
873,30,0,45
873,31,0,27
873,36,0,18
873,38,0,45
873,41,0,24
873,42,0,39
873,43,0,31
873,48,0,27
873,49,0,24
873,50,0,44
873,51,0,44
873,52,0,11
873,53,0,25
873,54,0,22
873,55,0,27
873,59,0,47
873,62,0,39
873,64,0,15
873,65,0,30
873,72,0,6
873,73,0,28
873,74,0,3
873,75,0,9
873,76,0,31
873,79,0,49
873,80,0,2
873,81,0,4
873,82,0,2
873,84,0,23
873,86,0,18
873,87,0,47
873,88,0,38
873,89,0,11
873,91,0,4
873,92,0,34
873,93,0,16
873,94,0,31
873,97,0,47
873,99,0,3
873,61,0,49
873,5,0,44
873,66,0,42
873,11,0,32
873,32,0,28
873,1,0,10
874,4,0,25
874,7,0,22
874,8,0,3
874,12,0,26
874,14,0,20
874,17,0,19
874,19,0,27
874,20,0,40
874,22,0,10
874,26,0,3
874,28,0,11
874,30,0,45
874,31,0,27
874,36,0,18
874,38,0,45
874,41,0,24
874,42,0,39
874,43,0,31
874,48,0,27
874,49,0,24
874,50,0,44
874,51,0,44
874,52,0,11
874,53,0,25
874,54,0,22
874,55,0,27
874,59,0,47
874,62,0,39
874,64,0,15
874,65,0,30
874,72,0,6
874,73,0,28
874,74,0,3
874,75,0,9
874,76,0,31
874,79,0,49
874,80,0,2
874,81,0,4
874,82,0,2
874,84,0,23
874,86,0,18
874,87,0,47
874,88,0,38
874,89,0,11
874,91,0,4
874,92,0,34
874,93,0,16
874,94,0,31
874,97,0,47
874,99,0,3
874,61,0,49
874,5,0,44
874,66,0,42
874,11,0,32
874,32,0,28
874,1,0,10
875,4,0,25
875,7,0,22
875,8,0,3
875,12,0,26
875,14,0,20
875,17,0,19
875,19,0,27
875,20,0,40
875,22,0,10
875,26,0,3
875,28,0,11
875,30,0,45
875,31,0,27
875,36,0,18
875,38,0,45
875,41,0,24
875,42,0,39
875,43,0,31
875,48,0,27
875,49,0,24
875,50,0,44
875,51,0,44
875,52,0,11
875,53,0,25
875,54,0,22
875,55,0,27
875,59,0,47
875,62,0,39
875,64,0,15
875,65,0,30
875,72,0,6
875,73,0,28
875,74,0,3
875,75,0,9
875,76,0,31
875,79,0,49
875,80,0,2
875,81,0,4
875,82,0,2
875,84,0,23
875,86,0,18
875,87,0,47
875,88,0,38
875,89,0,11
875,91,0,4
875,92,0,34
875,93,0,16
875,94,0,31
875,97,0,47
875,99,0,3
875,61,0,49
875,5,0,44
875,66,0,42
875,11,0,32
875,32,0,28
875,1,0,10
876,4,0,25
876,7,0,22
876,8,0,3
876,12,0,26
876,14,0,20
876,17,0,19
876,19,0,27
876,20,0,40
876,22,0,10
876,26,0,3
876,28,0,11
876,30,0,45
876,31,0,27
876,36,0,18
876,38,0,45
876,41,0,24
876,42,0,39
876,43,0,31
876,48,0,27
876,49,0,24
876,50,0,44
876,51,0,44
876,52,0,11
876,53,0,25
876,54,0,22
876,55,0,27
876,59,0,47
876,62,0,39
876,64,0,15
876,65,0,30
876,72,0,6
876,73,0,28
876,74,0,3
876,75,0,9
876,76,0,31
876,79,0,49
876,80,0,2
876,81,0,4
876,82,0,2
876,84,0,23
876,86,0,18
876,87,0,47
876,88,0,38
876,89,0,11
876,91,0,4
876,92,0,34
876,93,0,16
876,94,0,31
876,97,0,47
876,99,0,3
876,61,0,49
876,5,0,44
876,66,0,42
876,11,0,32
876,32,0,28
876,1,0,10
877,4,0,25
877,7,0,22
877,8,0,3
877,12,0,26
877,14,0,20
877,17,0,19
877,19,0,27
877,20,0,40
877,22,0,10
877,26,0,3
877,28,0,11
877,30,0,45
877,31,0,27
877,36,0,18
877,38,0,45
877,41,0,24
877,42,0,39
877,43,0,31
877,48,0,27
877,49,0,24
877,50,0,44
877,51,0,44
877,52,0,11
877,53,0,25
877,54,0,22
877,55,0,27
877,59,0,47
877,62,0,39
877,64,0,15
877,65,0,30
877,72,0,6
877,73,0,28
877,74,0,3
877,75,0,9
877,76,0,31
877,79,0,49
877,80,0,2
877,81,0,4
877,82,0,2
877,84,0,23
877,86,0,18
877,87,0,47
877,88,0,38
877,89,0,11
877,91,0,4
877,92,0,34
877,93,0,16
877,94,0,31
877,97,0,47
877,99,0,3
877,61,0,49
877,5,0,44
877,66,0,42
877,11,0,32
877,32,0,28
877,1,0,10
878,4,0,25
878,7,0,22
878,8,0,3
878,12,0,26
878,14,0,20
878,17,0,19
878,19,0,27
878,20,0,40
878,22,0,10
878,26,0,3
878,28,0,11
878,30,0,45
878,31,0,27
878,36,0,18
878,38,0,45
878,41,0,24
878,42,0,39
878,43,0,31
878,48,0,27
878,49,0,24
878,50,0,44
878,51,0,44
878,52,0,11
878,53,0,25
878,54,0,22
878,55,0,27
878,59,0,47
878,62,0,39
878,64,0,15
878,65,0,30
878,72,0,6
878,73,0,28
878,74,0,3
878,75,0,9
878,76,0,31
878,79,0,49
878,80,0,2
878,81,0,4
878,82,0,2
878,84,0,23
878,86,0,18
878,87,0,47
878,88,0,38
878,89,0,11
878,91,0,4
878,92,0,34
878,93,0,16
878,94,0,31
878,97,0,47
878,99,0,3
878,61,0,49
878,5,0,44
878,66,0,42
878,11,0,32
878,32,0,28
878,1,0,10
879,4,0,25
879,7,0,22
879,8,0,3
879,12,0,26
879,14,0,20
879,17,0,19
879,19,0,27
879,20,0,40
879,22,0,10
879,26,0,3
879,28,0,11
879,30,0,45
879,31,0,27
879,36,0,18
879,38,0,45
879,41,0,24
879,42,0,39
879,43,0,31
879,48,0,27
879,49,0,24
879,50,0,44
879,51,0,44
879,52,0,11
879,53,0,25
879,54,0,22
879,55,0,27
879,59,0,47
879,62,0,39
879,64,0,15
879,65,0,30
879,72,0,6
879,73,0,28
879,74,0,3
879,75,0,9
879,76,0,31
879,79,0,49
879,80,0,2
879,81,0,4
879,82,0,2
879,84,0,23
879,86,0,18
879,87,0,47
879,88,0,38
879,89,0,11
879,91,0,4
879,92,0,34
879,93,0,16
879,94,0,31
879,97,0,47
879,99,0,3
879,61,0,49
879,5,0,44
879,66,0,42
879,11,0,32
879,32,0,28
879,1,0,10
880,4,0,25
880,7,0,22
880,8,0,3
880,12,0,26
880,14,0,20
880,17,0,19
880,19,0,27
880,20,0,40
880,22,0,10
880,26,0,3
880,28,0,11
880,30,0,45
880,31,0,27
880,36,0,18
880,38,0,45
880,41,0,24
880,42,0,39
880,43,0,31
880,48,0,27
880,49,0,24
880,50,0,44
880,51,0,44
880,52,0,11
880,53,0,25
880,54,0,22
880,55,0,27
880,59,0,47
880,62,0,39
880,64,0,15
880,65,0,30
880,72,0,6
880,73,0,28
880,74,0,3
880,75,0,9
880,76,0,31
880,79,0,49
880,80,0,2
880,81,0,4
880,82,0,2
880,84,0,23
880,86,0,18
880,87,0,47
880,88,0,38
880,89,0,11
880,91,0,4
880,92,0,34
880,93,0,16
880,94,0,31
880,97,0,47
880,99,0,3
880,61,0,49
880,5,0,44
880,66,0,42
880,11,0,32
880,32,0,28
880,1,0,10
881,4,0,25
881,7,0,22
881,8,0,3
881,12,0,26
881,14,0,20
881,17,0,19
881,19,0,27
881,20,0,40
881,22,0,10
881,26,0,3
881,28,0,11
881,30,0,45
881,31,0,27
881,36,0,18
881,38,0,45
881,41,0,24
881,42,0,39
881,43,0,31
881,48,0,27
881,49,0,24
881,50,0,44
881,51,0,44
881,52,0,11
881,53,0,25
881,54,0,22
881,55,0,27
881,59,0,47
881,62,0,39
881,64,0,15
881,65,0,30
881,72,0,6
881,73,0,28
881,74,0,3
881,75,0,9
881,76,0,31
881,79,0,49
881,80,0,2
881,81,0,4
881,82,0,2
881,84,0,23
881,86,0,18
881,87,0,47
881,88,0,38
881,89,0,11
881,91,0,4
881,92,0,34
881,93,0,16
881,94,0,31
881,97,0,47
881,99,0,3
881,61,0,49
881,5,0,44
881,66,0,42
881,11,0,32
881,32,0,28
881,1,0,10
882,4,0,25
882,7,0,22
882,8,0,3
882,12,0,26
882,14,0,20
882,17,0,19
882,19,0,27
882,20,0,40
882,22,0,10
882,26,0,3
882,28,0,11
882,30,0,45
882,31,0,27
882,36,0,18
882,38,0,45
882,41,0,24
882,42,0,39
882,43,0,31
882,48,0,27
882,49,0,24
882,50,0,44
882,51,0,44
882,52,0,11
882,53,0,25
882,54,0,22
882,55,0,27
882,59,0,47
882,62,0,39
882,64,0,15
882,65,0,30
882,72,0,6
882,73,0,28
882,74,0,3
882,75,0,9
882,76,0,31
882,79,0,49
882,80,0,2
882,81,0,4
882,82,0,2
882,84,0,23
882,86,0,18
882,87,0,47
882,88,0,38
882,89,0,11
882,91,0,4
882,92,0,34
882,93,0,16
882,94,0,31
882,97,0,47
882,99,0,3
882,61,0,49
882,5,0,44
882,66,0,42
882,11,0,32
882,32,0,28
882,1,0,10
883,4,0,25
883,7,0,22
883,8,0,3
883,12,0,26
883,14,0,20
883,17,0,19
883,19,0,27
883,20,0,40
883,22,0,10
883,26,0,3
883,28,0,11
883,30,0,45
883,31,0,27
883,36,0,18
883,38,0,45
883,41,0,24
883,42,0,39
883,43,0,31
883,48,0,27
883,49,0,24
883,50,0,44
883,51,0,44
883,52,0,11
883,53,0,25
883,54,0,22
883,55,0,27
883,59,0,47
883,62,0,39
883,64,0,15
883,65,0,30
883,72,0,6
883,73,0,28
883,74,0,3
883,75,0,9
883,76,0,31
883,79,0,49
883,80,0,2
883,81,0,4
883,82,0,2
883,84,0,23
883,86,0,18
883,87,0,47
883,88,0,38
883,89,0,11
883,91,0,4
883,92,0,34
883,93,0,16
883,94,0,31
883,97,0,47
883,99,0,3
883,61,0,49
883,5,0,44
883,66,0,42
883,11,0,32
883,32,0,28
883,1,0,10
884,4,0,25
884,7,0,22
884,8,0,3
884,12,0,26
884,14,0,20
884,17,0,19
884,19,0,27
884,20,0,40
884,22,0,10
884,26,0,3
884,28,0,11
884,30,0,45
884,31,0,27
884,36,0,18
884,38,0,45
884,41,0,24
884,42,0,39
884,43,0,31
884,48,0,27
884,49,0,24
884,50,0,44
884,51,0,44
884,52,0,11
884,53,0,25
884,54,0,22
884,55,0,27
884,59,0,47
884,62,0,39
884,64,0,15
884,65,0,30
884,72,0,6
884,73,0,28
884,74,0,3
884,75,0,9
884,76,0,31
884,79,0,49
884,80,0,2
884,81,0,4
884,82,0,2
884,84,0,23
884,86,0,18
884,87,0,47
884,88,0,38
884,89,0,11
884,91,0,4
884,92,0,34
884,93,0,16
884,94,0,31
884,97,0,47
884,99,0,3
884,61,0,49
884,5,0,44
884,66,0,42
884,11,0,32
884,32,0,28
884,1,0,10
885,4,0,25
885,7,0,22
885,8,0,3
885,12,0,26
885,14,0,20
885,17,0,19
885,19,0,27
885,20,0,40
885,22,0,10
885,26,0,3
885,28,0,11
885,30,0,45
885,31,0,27
885,36,0,18
885,38,0,45
885,41,0,24
885,42,0,39
885,43,0,31
885,48,0,27
885,49,0,24
885,50,0,44
885,51,0,44
885,52,0,11
885,53,0,25
885,54,0,22
885,55,0,27
885,59,0,47
885,62,0,39
885,64,0,15
885,65,0,30
885,72,0,6
885,73,0,28
885,74,0,3
885,75,0,9
885,76,0,31
885,79,0,49
885,80,0,2
885,81,0,4
885,82,0,2
885,84,0,23
885,86,0,18
885,87,0,47
885,88,0,38
885,89,0,11
885,91,0,4
885,92,0,34
885,93,0,16
885,94,0,31
885,97,0,47
885,99,0,3
885,61,0,49
885,5,0,44
885,66,0,42
885,11,0,32
885,32,0,28
885,1,0,10
886,4,0,25
886,7,0,22
886,8,0,3
886,12,0,26
886,14,0,20
886,17,0,19
886,19,0,27
886,20,0,40
886,22,0,10
886,26,0,3
886,28,0,11
886,30,0,45
886,31,0,27
886,36,0,18
886,38,0,45
886,41,0,24
886,42,0,39
886,43,0,31
886,48,0,27
886,49,0,24
886,50,0,44
886,51,0,44
886,52,0,11
886,53,0,25
886,54,0,22
886,55,0,27
886,59,0,47
886,62,0,39
886,64,0,15
886,65,0,30
886,72,0,6
886,73,0,28
886,74,0,3
886,75,0,9
886,76,0,31
886,79,0,49
886,80,0,2
886,81,0,4
886,82,0,2
886,84,0,23
886,86,0,18
886,87,0,47
886,88,0,38
886,89,0,11
886,91,0,4
886,92,0,34
886,93,0,16
886,94,0,31
886,97,0,47
886,99,0,3
886,61,0,49
886,5,0,44
886,66,0,42
886,11,0,32
886,32,0,28
886,1,0,10
887,4,0,25
887,7,0,22
887,8,0,3
887,12,0,26
887,14,0,20
887,17,0,19
887,19,0,27
887,20,0,40
887,22,0,10
887,26,0,3
887,28,0,11
887,30,0,45
887,31,0,27
887,36,0,18
887,38,0,45
887,41,0,24
887,42,0,39
887,43,0,31
887,48,0,27
887,49,0,24
887,50,0,44
887,51,0,44
887,52,0,11
887,53,0,25
887,54,0,22
887,55,0,27
887,59,0,47
887,62,0,39
887,64,0,15
887,65,0,30
887,72,0,6
887,73,0,28
887,74,0,3
887,75,0,9
887,76,0,31
887,79,0,49
887,80,0,2
887,81,0,4
887,82,0,2
887,84,0,23
887,86,0,18
887,87,0,47
887,88,0,38
887,89,0,11
887,91,0,4
887,92,0,34
887,93,0,16
887,94,0,31
887,97,0,47
887,99,0,3
887,61,0,49
887,5,0,44
887,66,0,42
887,11,0,32
887,32,0,28
887,1,0,10
888,4,0,25
888,7,0,22
888,8,0,3
888,12,0,26
888,14,0,20
888,17,0,19
888,19,0,27
888,20,0,40
888,22,0,10
888,26,0,3
888,28,0,11
888,30,0,45
888,31,0,27
888,36,0,18
888,38,0,45
888,41,0,24
888,42,0,39
888,43,0,31
888,48,0,27
888,49,0,24
888,50,0,44
888,51,0,44
888,52,0,11
888,53,0,25
888,54,0,22
888,55,0,27
888,59,0,47
888,62,0,39
888,64,0,15
888,65,0,30
888,72,0,6
888,73,0,28
888,74,0,3
888,75,0,9
888,76,0,31
888,79,0,49
888,80,0,2
888,81,0,4
888,82,0,2
888,84,0,23
888,86,0,18
888,87,0,47
888,88,0,38
888,89,0,11
888,91,0,4
888,92,0,34
888,93,0,16
888,94,0,31
888,97,0,47
888,99,0,3
888,61,0,49
888,5,0,44
888,66,0,42
888,11,0,32
888,32,0,28
888,1,0,10
889,4,0,25
889,7,0,22
889,8,0,3
889,12,0,26
889,14,0,20
889,17,0,19
889,19,0,27
889,20,0,40
889,22,0,10
889,26,0,3
889,28,0,11
889,30,0,45
889,31,0,27
889,36,0,18
889,38,0,45
889,41,0,24
889,42,0,39
889,43,0,31
889,48,0,27
889,49,0,24
889,50,0,44
889,51,0,44
889,52,0,11
889,53,0,25
889,54,0,22
889,55,0,27
889,59,0,47
889,62,0,39
889,64,0,15
889,65,0,30
889,72,0,6
889,73,0,28
889,74,0,3
889,75,0,9
889,76,0,31
889,79,0,49
889,80,0,2
889,81,0,4
889,82,0,2
889,84,0,23
889,86,0,18
889,87,0,47
889,88,0,38
889,89,0,11
889,91,0,4
889,92,0,34
889,93,0,16
889,94,0,31
889,97,0,47
889,99,0,3
889,61,0,49
889,5,0,44
889,66,0,42
889,11,0,32
889,32,0,28
889,1,0,10
890,4,0,25
890,7,0,22
890,8,0,3
890,12,0,26
890,14,0,20
890,17,0,19
890,19,0,27
890,20,0,40
890,22,0,10
890,26,0,3
890,28,0,11
890,30,0,45
890,31,0,27
890,36,0,18
890,38,0,45
890,41,0,24
890,42,0,39
890,43,0,31
890,48,0,27
890,49,0,24
890,50,0,44
890,51,0,44
890,52,0,11
890,53,0,25
890,54,0,22
890,55,0,27
890,59,0,47
890,62,0,39
890,64,0,15
890,65,0,30
890,72,0,6
890,73,0,28
890,74,0,3
890,75,0,9
890,76,0,31
890,79,0,49
890,80,0,2
890,81,0,4
890,82,0,2
890,84,0,23
890,86,0,18
890,87,0,47
890,88,0,38
890,89,0,11
890,91,0,4
890,92,0,34
890,93,0,16
890,94,0,31
890,97,0,47
890,99,0,3
890,61,0,49
890,5,0,44
890,66,0,42
890,11,0,32
890,32,0,28
890,1,0,10
891,4,0,25
891,7,0,22
891,8,0,3
891,12,0,26
891,14,0,20
891,17,0,19
891,19,0,27
891,20,0,40
891,22,0,10
891,26,0,3
891,28,0,11
891,30,0,45
891,31,0,27
891,36,0,18
891,38,0,45
891,41,0,24
891,42,0,39
891,43,0,31
891,48,0,27
891,49,0,24
891,50,0,44
891,51,0,44
891,52,0,11
891,53,0,25
891,54,0,22
891,55,0,27
891,59,0,47
891,62,0,39
891,64,0,15
891,65,0,30
891,72,0,6
891,73,0,28
891,74,0,3
891,75,0,9
891,76,0,31
891,79,0,49
891,80,0,2
891,81,0,4
891,82,0,2
891,84,0,23
891,86,0,18
891,87,0,47
891,88,0,38
891,89,0,11
891,91,0,4
891,92,0,34
891,93,0,16
891,94,0,31
891,97,0,47
891,99,0,3
891,61,0,49
891,5,0,44
891,66,0,42
891,11,0,32
891,32,0,28
891,1,0,10
892,4,0,25
892,7,0,22
892,8,0,3
892,12,0,26
892,14,0,20
892,17,0,19
892,19,0,27
892,20,0,40
892,22,0,10
892,26,0,3
892,28,0,11
892,30,0,45
892,31,0,27
892,36,0,18
892,38,0,45
892,41,0,24
892,42,0,39
892,43,0,31
892,48,0,27
892,49,0,24
892,50,0,44
892,51,0,44
892,52,0,11
892,53,0,25
892,54,0,22
892,55,0,27
892,59,0,47
892,62,0,39
892,64,0,15
892,65,0,30
892,72,0,6
892,73,0,28
892,74,0,3
892,75,0,9
892,76,0,31
892,79,0,49
892,80,0,2
892,81,0,4
892,82,0,2
892,84,0,23
892,86,0,18
892,87,0,47
892,88,0,38
892,89,0,11
892,91,0,4
892,92,0,34
892,93,0,16
892,94,0,31
892,97,0,47
892,99,0,3
892,61,0,49
892,5,0,44
892,66,0,42
892,11,0,32
892,32,0,28
892,1,0,10
893,4,0,25
893,7,0,22
893,8,0,3
893,12,0,26
893,14,0,20
893,17,0,19
893,19,0,27
893,20,0,40
893,22,0,10
893,26,0,3
893,28,0,11
893,30,0,45
893,31,0,27
893,36,0,18
893,38,0,45
893,41,0,24
893,42,0,39
893,43,0,31
893,48,0,27
893,49,0,24
893,50,0,44
893,51,0,44
893,52,0,11
893,53,0,25
893,54,0,22
893,55,0,27
893,59,0,47
893,62,0,39
893,64,0,15
893,65,0,30
893,72,0,6
893,73,0,28
893,74,0,3
893,75,0,9
893,76,0,31
893,79,0,49
893,80,0,2
893,81,0,4
893,82,0,2
893,84,0,23
893,86,0,18
893,87,0,47
893,88,0,38
893,89,0,11
893,91,0,4
893,92,0,34
893,93,0,16
893,94,0,31
893,97,0,47
893,99,0,3
893,61,0,49
893,5,0,44
893,66,0,42
893,11,0,32
893,32,0,28
893,1,0,10
894,4,0,25
894,7,0,22
894,8,0,3
894,12,0,26
894,14,0,20
894,17,0,19
894,19,0,27
894,20,0,40
894,22,0,10
894,26,0,3
894,28,0,11
894,30,0,45
894,31,0,27
894,36,0,18
894,38,0,45
894,41,0,24
894,42,0,39
894,43,0,31
894,48,0,27
894,49,0,24
894,50,0,44
894,51,0,44
894,52,0,11
894,53,0,25
894,54,0,22
894,55,0,27
894,59,0,47
894,62,0,39
894,64,0,15
894,65,0,30
894,72,0,6
894,73,0,28
894,74,0,3
894,75,0,9
894,76,0,31
894,79,0,49
894,80,0,2
894,81,0,4
894,82,0,2
894,84,0,23
894,86,0,18
894,87,0,47
894,88,0,38
894,89,0,11
894,91,0,4
894,92,0,34
894,93,0,16
894,94,0,31
894,97,0,47
894,99,0,3
894,61,0,49
894,5,0,44
894,66,0,42
894,11,0,32
894,32,0,28
894,1,0,10
895,4,0,25
895,7,0,22
895,8,0,3
895,12,0,26
895,14,0,20
895,17,0,19
895,19,0,27
895,20,0,40
895,22,0,10
895,26,0,3
895,28,0,11
895,30,0,45
895,31,0,27
895,36,0,18
895,38,0,45
895,41,0,24
895,42,0,39
895,43,0,31
895,48,0,27
895,49,0,24
895,50,0,44
895,51,0,44
895,52,0,11
895,53,0,25
895,54,0,22
895,55,0,27
895,59,0,47
895,62,0,39
895,64,0,15
895,65,0,30
895,72,0,6
895,73,0,28
895,74,0,3
895,75,0,9
895,76,0,31
895,79,0,49
895,80,0,2
895,81,0,4
895,82,0,2
895,84,0,23
895,86,0,18
895,87,0,47
895,88,0,38
895,89,0,11
895,91,0,4
895,92,0,34
895,93,0,16
895,94,0,31
895,97,0,47
895,99,0,3
895,61,0,49
895,5,0,44
895,66,0,42
895,11,0,32
895,32,0,28
895,1,0,10
896,4,0,25
896,7,0,22
896,8,0,3
896,12,0,26
896,14,0,20
896,17,0,19
896,19,0,27
896,20,0,40
896,22,0,10
896,26,0,3
896,28,0,11
896,30,0,45
896,31,0,27
896,36,0,18
896,38,0,45
896,41,0,24
896,42,0,39
896,43,0,31
896,48,0,27
896,49,0,24
896,50,0,44
896,51,0,44
896,52,0,11
896,53,0,25
896,54,0,22
896,55,0,27
896,59,0,47
896,62,0,39
896,64,0,15
896,65,0,30
896,72,0,6
896,73,0,28
896,74,0,3
896,75,0,9
896,76,0,31
896,79,0,49
896,80,0,2
896,81,0,4
896,82,0,2
896,84,0,23
896,86,0,18
896,87,0,47
896,88,0,38
896,89,0,11
896,91,0,4
896,92,0,34
896,93,0,16
896,94,0,31
896,97,0,47
896,99,0,3
896,61,0,49
896,5,0,44
896,66,0,42
896,11,0,32
896,32,0,28
896,1,0,10
897,4,0,25
897,7,0,22
897,8,0,3
897,12,0,26
897,14,0,20
897,17,0,19
897,19,0,27
897,20,0,40
897,22,0,10
897,26,0,3
897,28,0,11
897,30,0,45
897,31,0,27
897,36,0,18
897,38,0,45
897,41,0,24
897,42,0,39
897,43,0,31
897,48,0,27
897,49,0,24
897,50,0,44
897,51,0,44
897,52,0,11
897,53,0,25
897,54,0,22
897,55,0,27
897,59,0,47
897,62,0,39
897,64,0,15
897,65,0,30
897,72,0,6
897,73,0,28
897,74,0,3
897,75,0,9
897,76,0,31
897,79,0,49
897,80,0,2
897,81,0,4
897,82,0,2
897,84,0,23
897,86,0,18
897,87,0,47
897,88,0,38
897,89,0,11
897,91,0,4
897,92,0,34
897,93,0,16
897,94,0,31
897,97,0,47
897,99,0,3
897,61,0,49
897,5,0,44
897,66,0,42
897,11,0,32
897,32,0,28
897,1,0,10
898,4,0,25
898,7,0,22
898,8,0,3
898,12,0,26
898,14,0,20
898,17,0,19
898,19,0,27
898,20,0,40
898,22,0,10
898,26,0,3
898,28,0,11
898,30,0,45
898,31,0,27
898,36,0,18
898,38,0,45
898,41,0,24
898,42,0,39
898,43,0,31
898,48,0,27
898,49,0,24
898,50,0,44
898,51,0,44
898,52,0,11
898,53,0,25
898,54,0,22
898,55,0,27
898,59,0,47
898,62,0,39
898,64,0,15
898,65,0,30
898,72,0,6
898,73,0,28
898,74,0,3
898,75,0,9
898,76,0,31
898,79,0,49
898,80,0,2
898,81,0,4
898,82,0,2
898,84,0,23
898,86,0,18
898,87,0,47
898,88,0,38
898,89,0,11
898,91,0,4
898,92,0,34
898,93,0,16
898,94,0,31
898,97,0,47
898,99,0,3
898,61,0,49
898,5,0,44
898,66,0,42
898,11,0,32
898,32,0,28
898,1,0,10
899,4,0,25
899,7,0,22
899,8,0,3
899,12,0,26
899,14,0,20
899,17,0,19
899,19,0,27
899,20,0,40
899,22,0,10
899,26,0,3
899,28,0,11
899,30,0,45
899,31,0,27
899,36,0,18
899,38,0,45
899,41,0,24
899,42,0,39
899,43,0,31
899,48,0,27
899,49,0,24
899,50,0,44
899,51,0,44
899,52,0,11
899,53,0,25
899,54,0,22
899,55,0,27
899,59,0,47
899,62,0,39
899,64,0,15
899,65,0,30
899,72,0,6
899,73,0,28
899,74,0,3
899,75,0,9
899,76,0,31
899,79,0,49
899,80,0,2
899,81,0,4
899,82,0,2
899,84,0,23
899,86,0,18
899,87,0,47
899,88,0,38
899,89,0,11
899,91,0,4
899,92,0,34
899,93,0,16
899,94,0,31
899,97,0,47
899,99,0,3
899,61,0,49
899,5,0,44
899,66,0,42
899,11,0,32
899,32,0,28
899,1,0,10
900,4,0,25
900,7,0,22
900,8,0,3
900,12,0,26
900,14,0,20
900,17,0,19
900,19,0,27
900,20,0,40
900,22,0,10
900,26,0,3
900,28,0,11
900,30,0,45
900,31,0,27
900,36,0,18
900,38,0,45
900,41,0,24
900,42,0,39
900,43,0,31
900,48,0,27
900,49,0,24
900,50,0,44
900,51,0,44
900,52,0,11
900,53,0,25
900,54,0,22
900,55,0,27
900,59,0,47
900,62,0,39
900,64,0,15
900,65,0,30
900,72,0,6
900,73,0,28
900,74,0,3
900,75,0,9
900,76,0,31
900,79,0,49
900,80,0,2
900,81,0,4
900,82,0,2
900,84,0,23
900,86,0,18
900,87,0,47
900,88,0,38
900,89,0,11
900,91,0,4
900,92,0,34
900,93,0,16
900,94,0,31
900,97,0,47
900,99,0,3
900,61,0,49
900,5,0,44
900,66,0,42
900,11,0,32
900,32,0,28
900,1,0,10
901,4,0,25
901,7,0,22
901,8,0,3
901,12,0,26
901,14,0,20
901,17,0,19
901,19,0,27
901,20,0,40
901,22,0,10
901,26,0,3
901,28,0,11
901,30,0,45
901,31,0,27
901,36,0,18
901,38,0,45
901,41,0,24
901,42,0,39
901,43,0,31
901,48,0,27
901,49,0,24
901,50,0,44
901,51,0,44
901,52,0,11
901,53,0,25
901,54,0,22
901,55,0,27
901,59,0,47
901,62,0,39
901,64,0,15
901,65,0,30
901,72,0,6
901,73,0,28
901,74,0,3
901,75,0,9
901,76,0,31
901,79,0,49
901,80,0,2
901,81,0,4
901,82,0,2
901,84,0,23
901,86,0,18
901,87,0,47
901,88,0,38
901,89,0,11
901,91,0,4
901,92,0,34
901,93,0,16
901,94,0,31
901,97,0,47
901,99,0,3
901,61,0,49
901,5,0,44
901,66,0,42
901,11,0,32
901,32,0,28
901,1,0,10
902,4,0,25
902,7,0,22
902,8,0,3
902,12,0,26
902,14,0,20
902,17,0,19
902,19,0,27
902,20,0,40
902,22,0,10
902,26,0,3
902,28,0,11
902,30,0,45
902,31,0,27
902,36,0,18
902,38,0,45
902,41,0,24
902,42,0,39
902,43,0,31
902,48,0,27
902,49,0,24
902,50,0,44
902,51,0,44
902,52,0,11
902,53,0,25
902,54,0,22
902,55,0,27
902,59,0,47
902,62,0,39
902,64,0,15
902,65,0,30
902,72,0,6
902,73,0,28
902,74,0,3
902,75,0,9
902,76,0,31
902,79,0,49
902,80,0,2
902,81,0,4
902,82,0,2
902,84,0,23
902,86,0,18
902,87,0,47
902,88,0,38
902,89,0,11
902,91,0,4
902,92,0,34
902,93,0,16
902,94,0,31
902,97,0,47
902,99,0,3
902,61,0,49
902,5,0,44
902,66,0,42
902,11,0,32
902,32,0,28
902,1,0,10
903,4,0,25
903,7,0,22
903,8,0,3
903,12,0,26
903,14,0,20
903,17,0,19
903,19,0,27
903,20,0,40
903,22,0,10
903,26,0,3
903,28,0,11
903,30,0,45
903,31,0,27
903,36,0,18
903,38,0,45
903,41,0,24
903,42,0,39
903,43,0,31
903,48,0,27
903,49,0,24
903,50,0,44
903,51,0,44
903,52,0,11
903,53,0,25
903,54,0,22
903,55,0,27
903,59,0,47
903,62,0,39
903,64,0,15
903,65,0,30
903,72,0,6
903,73,0,28
903,74,0,3
903,75,0,9
903,76,0,31
903,79,0,49
903,80,0,2
903,81,0,4
903,82,0,2
903,84,0,23
903,86,0,18
903,87,0,47
903,88,0,38
903,89,0,11
903,91,0,4
903,92,0,34
903,93,0,16
903,94,0,31
903,97,0,47
903,99,0,3
903,61,0,49
903,5,0,44
903,66,0,42
903,11,0,32
903,32,0,28
903,1,0,10
904,4,0,25
904,7,0,22
904,8,0,3
904,12,0,26
904,14,0,20
904,17,0,19
904,19,0,27
904,20,0,40
904,22,0,10
904,26,0,3
904,28,0,11
904,30,0,45
904,31,0,27
904,36,0,18
904,38,0,45
904,41,0,24
904,42,0,39
904,43,0,31
904,48,0,27
904,49,0,24
904,50,0,44
904,51,0,44
904,52,0,11
904,53,0,25
904,54,0,22
904,55,0,27
904,59,0,47
904,62,0,39
904,64,0,15
904,65,0,30
904,72,0,6
904,73,0,28
904,74,0,3
904,75,0,9
904,76,0,31
904,79,0,49
904,80,0,2
904,81,0,4
904,82,0,2
904,84,0,23
904,86,0,18
904,87,0,47
904,88,0,38
904,89,0,11
904,91,0,4
904,92,0,34
904,93,0,16
904,94,0,31
904,97,0,47
904,99,0,3
904,61,0,49
904,5,0,44
904,66,0,42
904,11,0,32
904,32,0,28
904,1,0,10
905,4,0,25
905,7,0,22
905,8,0,3
905,12,0,26
905,14,0,20
905,17,0,19
905,19,0,27
905,20,0,40
905,22,0,10
905,26,0,3
905,28,0,11
905,30,0,45
905,31,0,27
905,36,0,18
905,38,0,45
905,41,0,24
905,42,0,39
905,43,0,31
905,48,0,27
905,49,0,24
905,50,0,44
905,51,0,44
905,52,0,11
905,53,0,25
905,54,0,22
905,55,0,27
905,59,0,47
905,62,0,39
905,64,0,15
905,65,0,30
905,72,0,6
905,73,0,28
905,74,0,3
905,75,0,9
905,76,0,31
905,79,0,49
905,80,0,2
905,81,0,4
905,82,0,2
905,84,0,23
905,86,0,18
905,87,0,47
905,88,0,38
905,89,0,11
905,91,0,4
905,92,0,34
905,93,0,16
905,94,0,31
905,97,0,47
905,99,0,3
905,61,0,49
905,5,0,44
905,66,0,42
905,11,0,32
905,32,0,28
905,1,0,10
906,4,0,25
906,7,0,22
906,8,0,3
906,12,0,26
906,14,0,20
906,17,0,19
906,19,0,27
906,20,0,40
906,22,0,10
906,26,0,3
906,28,0,11
906,30,0,45
906,31,0,27
906,36,0,18
906,38,0,45
906,41,0,24
906,42,0,39
906,43,0,31
906,48,0,27
906,49,0,24
906,50,0,44
906,51,0,44
906,52,0,11
906,53,0,25
906,54,0,22
906,55,0,27
906,59,0,47
906,62,0,39
906,64,0,15
906,65,0,30
906,72,0,6
906,73,0,28
906,74,0,3
906,75,0,9
906,76,0,31
906,79,0,49
906,80,0,2
906,81,0,4
906,82,0,2
906,84,0,23
906,86,0,18
906,87,0,47
906,88,0,38
906,89,0,11
906,91,0,4
906,92,0,34
906,93,0,16
906,94,0,31
906,97,0,47
906,99,0,3
906,61,0,49
906,5,0,44
906,66,0,42
906,11,0,32
906,32,0,28
906,1,0,10
907,4,0,25
907,7,0,22
907,8,0,3
907,12,0,26
907,14,0,20
907,17,0,19
907,19,0,27
907,20,0,40
907,22,0,10
907,26,0,3
907,28,0,11
907,30,0,45
907,31,0,27
907,36,0,18
907,38,0,45
907,41,0,24
907,42,0,39
907,43,0,31
907,48,0,27
907,49,0,24
907,50,0,44
907,51,0,44
907,52,0,11
907,53,0,25
907,54,0,22
907,55,0,27
907,59,0,47
907,62,0,39
907,64,0,15
907,65,0,30
907,72,0,6
907,73,0,28
907,74,0,3
907,75,0,9
907,76,0,31
907,79,0,49
907,80,0,2
907,81,0,4
907,82,0,2
907,84,0,23
907,86,0,18
907,87,0,47
907,88,0,38
907,89,0,11
907,91,0,4
907,92,0,34
907,93,0,16
907,94,0,31
907,97,0,47
907,99,0,3
907,61,0,49
907,5,0,44
907,66,0,42
907,11,0,32
907,32,0,28
907,1,0,10
908,4,0,25
908,7,0,22
908,8,0,3
908,12,0,26
908,14,0,20
908,17,0,19
908,19,0,27
908,20,0,40
908,22,0,10
908,26,0,3
908,28,0,11
908,30,0,45
908,31,0,27
908,36,0,18
908,38,0,45
908,41,0,24
908,42,0,39
908,43,0,31
908,48,0,27
908,49,0,24
908,50,0,44
908,51,0,44
908,52,0,11
908,53,0,25
908,54,0,22
908,55,0,27
908,59,0,47
908,62,0,39
908,64,0,15
908,65,0,30
908,72,0,6
908,73,0,28
908,74,0,3
908,75,0,9
908,76,0,31
908,79,0,49
908,80,0,2
908,81,0,4
908,82,0,2
908,84,0,23
908,86,0,18
908,87,0,47
908,88,0,38
908,89,0,11
908,91,0,4
908,92,0,34
908,93,0,16
908,94,0,31
908,97,0,47
908,99,0,3
908,61,0,49
908,5,0,44
908,66,0,42
908,11,0,32
908,32,0,28
908,1,0,10
909,4,0,25
909,7,0,22
909,8,0,3
909,12,0,26
909,14,0,20
909,17,0,19
909,19,0,27
909,20,0,40
909,22,0,10
909,26,0,3
909,28,0,11
909,30,0,45
909,31,0,27
909,36,0,18
909,38,0,45
909,41,0,24
909,42,0,39
909,43,0,31
909,48,0,27
909,49,0,24
909,50,0,44
909,51,0,44
909,52,0,11
909,53,0,25
909,54,0,22
909,55,0,27
909,59,0,47
909,62,0,39
909,64,0,15
909,65,0,30
909,72,0,6
909,73,0,28
909,74,0,3
909,75,0,9
909,76,0,31
909,79,0,49
909,80,0,2
909,81,0,4
909,82,0,2
909,84,0,23
909,86,0,18
909,87,0,47
909,88,0,38
909,89,0,11
909,91,0,4
909,92,0,34
909,93,0,16
909,94,0,31
909,97,0,47
909,99,0,3
909,61,0,49
909,5,0,44
909,66,0,42
909,11,0,32
909,32,0,28
909,1,0,10
910,4,0,25
910,7,0,22
910,8,0,3
910,12,0,26
910,14,0,20
910,17,0,19
910,19,0,27
910,20,0,40
910,22,0,10
910,26,0,3
910,28,0,11
910,30,0,45
910,31,0,27
910,36,0,18
910,38,0,45
910,41,0,24
910,42,0,39
910,43,0,31
910,48,0,27
910,49,0,24
910,50,0,44
910,51,0,44
910,52,0,11
910,53,0,25
910,54,0,22
910,55,0,27
910,59,0,47
910,62,0,39
910,64,0,15
910,65,0,30
910,72,0,6
910,73,0,28
910,74,0,3
910,75,0,9
910,76,0,31
910,79,0,49
910,80,0,2
910,81,0,4
910,82,0,2
910,84,0,23
910,86,0,18
910,87,0,47
910,88,0,38
910,89,0,11
910,91,0,4
910,92,0,34
910,93,0,16
910,94,0,31
910,97,0,47
910,99,0,3
910,61,0,49
910,5,0,44
910,66,0,42
910,11,0,32
910,32,0,28
910,1,0,10
911,4,0,25
911,7,0,22
911,8,0,3
911,12,0,26
911,14,0,20
911,17,0,19
911,19,0,27
911,20,0,40
911,22,0,10
911,26,0,3
911,28,0,11
911,30,0,45
911,31,0,27
911,36,0,18
911,38,0,45
911,41,0,24
911,42,0,39
911,43,0,31
911,48,0,27
911,49,0,24
911,50,0,44
911,51,0,44
911,52,0,11
911,53,0,25
911,54,0,22
911,55,0,27
911,59,0,47
911,62,0,39
911,64,0,15
911,65,0,30
911,72,0,6
911,73,0,28
911,74,0,3
911,75,0,9
911,76,0,31
911,79,0,49
911,80,0,2
911,81,0,4
911,82,0,2
911,84,0,23
911,86,0,18
911,87,0,47
911,88,0,38
911,89,0,11
911,91,0,4
911,92,0,34
911,93,0,16
911,94,0,31
911,97,0,47
911,99,0,3
911,61,0,49
911,5,0,44
911,66,0,42
911,11,0,32
911,32,0,28
911,1,0,10
912,4,0,25
912,7,0,22
912,8,0,3
912,12,0,26
912,14,0,20
912,17,0,19
912,19,0,27
912,20,0,40
912,22,0,10
912,26,0,3
912,28,0,11
912,30,0,45
912,31,0,27
912,36,0,18
912,38,0,45
912,41,0,24
912,42,0,39
912,43,0,31
912,48,0,27
912,49,0,24
912,50,0,44
912,51,0,44
912,52,0,11
912,53,0,25
912,54,0,22
912,55,0,27
912,59,0,47
912,62,0,39
912,64,0,15
912,65,0,30
912,72,0,6
912,73,0,28
912,74,0,3
912,75,0,9
912,76,0,31
912,79,0,49
912,80,0,2
912,81,0,4
912,82,0,2
912,84,0,23
912,86,0,18
912,87,0,47
912,88,0,38
912,89,0,11
912,91,0,4
912,92,0,34
912,93,0,16
912,94,0,31
912,97,0,47
912,99,0,3
912,61,0,49
912,5,0,44
912,66,0,42
912,11,0,32
912,32,0,28
912,1,0,10
913,4,0,25
913,7,0,22
913,8,0,3
913,12,0,26
913,14,0,20
913,17,0,19
913,19,0,27
913,20,0,40
913,22,0,10
913,26,0,3
913,28,0,11
913,30,0,45
913,31,0,27
913,36,0,18
913,38,0,45
913,41,0,24
913,42,0,39
913,43,0,31
913,48,0,27
913,49,0,24
913,50,0,44
913,51,0,44
913,52,0,11
913,53,0,25
913,54,0,22
913,55,0,27
913,59,0,47
913,62,0,39
913,64,0,15
913,65,0,30
913,72,0,6
913,73,0,28
913,74,0,3
913,75,0,9
913,76,0,31
913,79,0,49
913,80,0,2
913,81,0,4
913,82,0,2
913,84,0,23
913,86,0,18
913,87,0,47
913,88,0,38
913,89,0,11
913,91,0,4
913,92,0,34
913,93,0,16
913,94,0,31
913,97,0,47
913,99,0,3
913,61,0,49
913,5,0,44
913,66,0,42
913,11,0,32
913,32,0,28
913,1,0,10
914,4,0,25
914,7,0,22
914,8,0,3
914,12,0,26
914,14,0,20
914,17,0,19
914,19,0,27
914,20,0,40
914,22,0,10
914,26,0,3
914,28,0,11
914,30,0,45
914,31,0,27
914,36,0,18
914,38,0,45
914,41,0,24
914,42,0,39
914,43,0,31
914,48,0,27
914,49,0,24
914,50,0,44
914,51,0,44
914,52,0,11
914,53,0,25
914,54,0,22
914,55,0,27
914,59,0,47
914,62,0,39
914,64,0,15
914,65,0,30
914,72,0,6
914,73,0,28
914,74,0,3
914,75,0,9
914,76,0,31
914,79,0,49
914,80,0,2
914,81,0,4
914,82,0,2
914,84,0,23
914,86,0,18
914,87,0,47
914,88,0,38
914,89,0,11
914,91,0,4
914,92,0,34
914,93,0,16
914,94,0,31
914,97,0,47
914,99,0,3
914,61,0,49
914,5,0,44
914,66,0,42
914,11,0,32
914,32,0,28
914,1,0,10
915,4,0,25
915,7,0,22
915,8,0,3
915,12,0,26
915,14,0,20
915,17,0,19
915,19,0,27
915,20,0,40
915,22,0,10
915,26,0,3
915,28,0,11
915,30,0,45
915,31,0,27
915,36,0,18
915,38,0,45
915,41,0,24
915,42,0,39
915,43,0,31
915,48,0,27
915,49,0,24
915,50,0,44
915,51,0,44
915,52,0,11
915,53,0,25
915,54,0,22
915,55,0,27
915,59,0,47
915,62,0,39
915,64,0,15
915,65,0,30
915,72,0,6
915,73,0,28
915,74,0,3
915,75,0,9
915,76,0,31
915,79,0,49
915,80,0,2
915,81,0,4
915,82,0,2
915,84,0,23
915,86,0,18
915,87,0,47
915,88,0,38
915,89,0,11
915,91,0,4
915,92,0,34
915,93,0,16
915,94,0,31
915,97,0,47
915,99,0,3
915,61,0,49
915,5,0,44
915,66,0,42
915,11,0,32
915,32,0,28
915,1,0,10
916,4,0,25
916,7,0,22
916,8,0,3
916,12,0,26
916,14,0,20
916,17,0,19
916,19,0,27
916,20,0,40
916,22,0,10
916,26,0,3
916,28,0,11
916,30,0,45
916,31,0,27
916,36,0,18
916,38,0,45
916,41,0,24
916,42,0,39
916,43,0,31
916,48,0,27
916,49,0,24
916,50,0,44
916,51,0,44
916,52,0,11
916,53,0,25
916,54,0,22
916,55,0,27
916,59,0,47
916,62,0,39
916,64,0,15
916,65,0,30
916,72,0,6
916,73,0,28
916,74,0,3
916,75,0,9
916,76,0,31
916,79,0,49
916,80,0,2
916,81,0,4
916,82,0,2
916,84,0,23
916,86,0,18
916,87,0,47
916,88,0,38
916,89,0,11
916,91,0,4
916,92,0,34
916,93,0,16
916,94,0,31
916,97,0,47
916,99,0,3
916,61,0,49
916,5,0,44
916,66,0,42
916,11,0,32
916,32,0,28
916,1,0,10
917,4,0,25
917,7,0,22
917,8,0,3
917,12,0,26
917,14,0,20
917,17,0,19
917,19,0,27
917,20,0,40
917,22,0,10
917,26,0,3
917,28,0,11
917,30,0,45
917,31,0,27
917,36,0,18
917,38,0,45
917,41,0,24
917,42,0,39
917,43,0,31
917,48,0,27
917,49,0,24
917,50,0,44
917,51,0,44
917,52,0,11
917,53,0,25
917,54,0,22
917,55,0,27
917,59,0,47
917,62,0,39
917,64,0,15
917,65,0,30
917,72,0,6
917,73,0,28
917,74,0,3
917,75,0,9
917,76,0,31
917,79,0,49
917,80,0,2
917,81,0,4
917,82,0,2
917,84,0,23
917,86,0,18
917,87,0,47
917,88,0,38
917,89,0,11
917,91,0,4
917,92,0,34
917,93,0,16
917,94,0,31
917,97,0,47
917,99,0,3
917,61,0,49
917,5,0,44
917,66,0,42
917,11,0,32
917,32,0,28
917,1,0,10
918,4,0,25
918,7,0,22
918,8,0,3
918,12,0,26
918,14,0,20
918,17,0,19
918,19,0,27
918,20,0,40
918,22,0,10
918,26,0,3
918,28,0,11
918,30,0,45
918,31,0,27
918,36,0,18
918,38,0,45
918,41,0,24
918,42,0,39
918,43,0,31
918,48,0,27
918,49,0,24
918,50,0,44
918,51,0,44
918,52,0,11
918,53,0,25
918,54,0,22
918,55,0,27
918,59,0,47
918,62,0,39
918,64,0,15
918,65,0,30
918,72,0,6
918,73,0,28
918,74,0,3
918,75,0,9
918,76,0,31
918,79,0,49
918,80,0,2
918,81,0,4
918,82,0,2
918,84,0,23
918,86,0,18
918,87,0,47
918,88,0,38
918,89,0,11
918,91,0,4
918,92,0,34
918,93,0,16
918,94,0,31
918,97,0,47
918,99,0,3
918,61,0,49
918,5,0,44
918,66,0,42
918,11,0,32
918,32,0,28
918,1,0,10
919,4,0,25
919,7,0,22
919,8,0,3
919,12,0,26
919,14,0,20
919,17,0,19
919,19,0,27
919,20,0,40
919,22,0,10
919,26,0,3
919,28,0,11
919,30,0,45
919,31,0,27
919,36,0,18
919,38,0,45
919,41,0,24
919,42,0,39
919,43,0,31
919,48,0,27
919,49,0,24
919,50,0,44
919,51,0,44
919,52,0,11
919,53,0,25
919,54,0,22
919,55,0,27
919,59,0,47
919,62,0,39
919,64,0,15
919,65,0,30
919,72,0,6
919,73,0,28
919,74,0,3
919,75,0,9
919,76,0,31
919,79,0,49
919,80,0,2
919,81,0,4
919,82,0,2
919,84,0,23
919,86,0,18
919,87,0,47
919,88,0,38
919,89,0,11
919,91,0,4
919,92,0,34
919,93,0,16
919,94,0,31
919,97,0,47
919,99,0,3
919,61,0,49
919,5,0,44
919,66,0,42
919,11,0,32
919,32,0,28
919,1,0,10
920,4,0,25
920,7,0,22
920,8,0,3
920,12,0,26
920,14,0,20
920,17,0,19
920,19,0,27
920,20,0,40
920,22,0,10
920,26,0,3
920,28,0,11
920,30,0,45
920,31,0,27
920,36,0,18
920,38,0,45
920,41,0,24
920,42,0,39
920,43,0,31
920,48,0,27
920,49,0,24
920,50,0,44
920,51,0,44
920,52,0,11
920,53,0,25
920,54,0,22
920,55,0,27
920,59,0,47
920,62,0,39
920,64,0,15
920,65,0,30
920,72,0,6
920,73,0,28
920,74,0,3
920,75,0,9
920,76,0,31
920,79,0,49
920,80,0,2
920,81,0,4
920,82,0,2
920,84,0,23
920,86,0,18
920,87,0,47
920,88,0,38
920,89,0,11
920,91,0,4
920,92,0,34
920,93,0,16
920,94,0,31
920,97,0,47
920,99,0,3
920,61,0,49
920,5,0,44
920,66,0,42
920,11,0,32
920,32,0,28
920,1,0,10
921,4,0,25
921,7,0,22
921,8,0,3
921,12,0,26
921,14,0,20
921,17,0,19
921,19,0,27
921,20,0,40
921,22,0,10
921,26,0,3
921,28,0,11
921,30,0,45
921,31,0,27
921,36,0,18
921,38,0,45
921,41,0,24
921,42,0,39
921,43,0,31
921,48,0,27
921,49,0,24
921,50,0,44
921,51,0,44
921,52,0,11
921,53,0,25
921,54,0,22
921,55,0,27
921,59,0,47
921,62,0,39
921,64,0,15
921,65,0,30
921,72,0,6
921,73,0,28
921,74,0,3
921,75,0,9
921,76,0,31
921,79,0,49
921,80,0,2
921,81,0,4
921,82,0,2
921,84,0,23
921,86,0,18
921,87,0,47
921,88,0,38
921,89,0,11
921,91,0,4
921,92,0,34
921,93,0,16
921,94,0,31
921,97,0,47
921,99,0,3
921,61,0,49
921,5,0,44
921,66,0,42
921,11,0,32
921,32,0,28
921,1,0,10
922,4,0,25
922,7,0,22
922,8,0,3
922,12,0,26
922,14,0,20
922,17,0,19
922,19,0,27
922,20,0,40
922,22,0,10
922,26,0,3
922,28,0,11
922,30,0,45
922,31,0,27
922,36,0,18
922,38,0,45
922,41,0,24
922,42,0,39
922,43,0,31
922,48,0,27
922,49,0,24
922,50,0,44
922,51,0,44
922,52,0,11
922,53,0,25
922,54,0,22
922,55,0,27
922,59,0,47
922,62,0,39
922,64,0,15
922,65,0,30
922,72,0,6
922,73,0,28
922,74,0,3
922,75,0,9
922,76,0,31
922,79,0,49
922,80,0,2
922,81,0,4
922,82,0,2
922,84,0,23
922,86,0,18
922,87,0,47
922,88,0,38
922,89,0,11
922,91,0,4
922,92,0,34
922,93,0,16
922,94,0,31
922,97,0,47
922,99,0,3
922,61,0,49
922,5,0,44
922,66,0,42
922,11,0,32
922,32,0,28
922,1,0,10
923,4,0,25
923,7,0,22
923,8,0,3
923,12,0,26
923,14,0,20
923,17,0,19
923,19,0,27
923,20,0,40
923,22,0,10
923,26,0,3
923,28,0,11
923,30,0,45
923,31,0,27
923,36,0,18
923,38,0,45
923,41,0,24
923,42,0,39
923,43,0,31
923,48,0,27
923,49,0,24
923,50,0,44
923,51,0,44
923,52,0,11
923,53,0,25
923,54,0,22
923,55,0,27
923,59,0,47
923,62,0,39
923,64,0,15
923,65,0,30
923,72,0,6
923,73,0,28
923,74,0,3
923,75,0,9
923,76,0,31
923,79,0,49
923,80,0,2
923,81,0,4
923,82,0,2
923,84,0,23
923,86,0,18
923,87,0,47
923,88,0,38
923,89,0,11
923,91,0,4
923,92,0,34
923,93,0,16
923,94,0,31
923,97,0,47
923,99,0,3
923,61,0,49
923,5,0,44
923,66,0,42
923,11,0,32
923,32,0,28
923,1,0,10
924,4,0,25
924,7,0,22
924,8,0,3
924,12,0,26
924,14,0,20
924,17,0,19
924,19,0,27
924,20,0,40
924,22,0,10
924,26,0,3
924,28,0,11
924,30,0,45
924,31,0,27
924,36,0,18
924,38,0,45
924,41,0,24
924,42,0,39
924,43,0,31
924,48,0,27
924,49,0,24
924,50,0,44
924,51,0,44
924,52,0,11
924,53,0,25
924,54,0,22
924,55,0,27
924,59,0,47
924,62,0,39
924,64,0,15
924,65,0,30
924,72,0,6
924,73,0,28
924,74,0,3
924,75,0,9
924,76,0,31
924,79,0,49
924,80,0,2
924,81,0,4
924,82,0,2
924,84,0,23
924,86,0,18
924,87,0,47
924,88,0,38
924,89,0,11
924,91,0,4
924,92,0,34
924,93,0,16
924,94,0,31
924,97,0,47
924,99,0,3
924,61,0,49
924,5,0,44
924,66,0,42
924,11,0,32
924,32,0,28
924,1,0,10
925,4,0,25
925,7,0,22
925,8,0,3
925,12,0,26
925,14,0,20
925,17,0,19
925,19,0,27
925,20,0,40
925,22,0,10
925,26,0,3
925,28,0,11
925,30,0,45
925,31,0,27
925,36,0,18
925,38,0,45
925,41,0,24
925,42,0,39
925,43,0,31
925,48,0,27
925,49,0,24
925,50,0,44
925,51,0,44
925,52,0,11
925,53,0,25
925,54,0,22
925,55,0,27
925,59,0,47
925,62,0,39
925,64,0,15
925,65,0,30
925,72,0,6
925,73,0,28
925,74,0,3
925,75,0,9
925,76,0,31
925,79,0,49
925,80,0,2
925,81,0,4
925,82,0,2
925,84,0,23
925,86,0,18
925,87,0,47
925,88,0,38
925,89,0,11
925,91,0,4
925,92,0,34
925,93,0,16
925,94,0,31
925,97,0,47
925,99,0,3
925,61,0,49
925,5,0,44
925,66,0,42
925,11,0,32
925,32,0,28
925,1,0,10
926,4,0,25
926,7,0,22
926,8,0,3
926,12,0,26
926,14,0,20
926,17,0,19
926,19,0,27
926,20,0,40
926,22,0,10
926,26,0,3
926,28,0,11
926,30,0,45
926,31,0,27
926,36,0,18
926,38,0,45
926,41,0,24
926,42,0,39
926,43,0,31
926,48,0,27
926,49,0,24
926,50,0,44
926,51,0,44
926,52,0,11
926,53,0,25
926,54,0,22
926,55,0,27
926,59,0,47
926,62,0,39
926,64,0,15
926,65,0,30
926,72,0,6
926,73,0,28
926,74,0,3
926,75,0,9
926,76,0,31
926,79,0,49
926,80,0,2
926,81,0,4
926,82,0,2
926,84,0,23
926,86,0,18
926,87,0,47
926,88,0,38
926,89,0,11
926,91,0,4
926,92,0,34
926,93,0,16
926,94,0,31
926,97,0,47
926,99,0,3
926,61,0,49
926,5,0,44
926,66,0,42
926,11,0,32
926,32,0,28
926,1,0,10
927,4,0,25
927,7,0,22
927,8,0,3
927,12,0,26
927,14,0,20
927,17,0,19
927,19,0,27
927,20,0,40
927,22,0,10
927,26,0,3
927,28,0,11
927,30,0,45
927,31,0,27
927,36,0,18
927,38,0,45
927,41,0,24
927,42,0,39
927,43,0,31
927,48,0,27
927,49,0,24
927,50,0,44
927,51,0,44
927,52,0,11
927,53,0,25
927,54,0,22
927,55,0,27
927,59,0,47
927,62,0,39
927,64,0,15
927,65,0,30
927,72,0,6
927,73,0,28
927,74,0,3
927,75,0,9
927,76,0,31
927,79,0,49
927,80,0,2
927,81,0,4
927,82,0,2
927,84,0,23
927,86,0,18
927,87,0,47
927,88,0,38
927,89,0,11
927,91,0,4
927,92,0,34
927,93,0,16
927,94,0,31
927,97,0,47
927,99,0,3
927,61,0,49
927,5,0,44
927,66,0,42
927,11,0,32
927,32,0,28
927,1,0,10
928,4,0,25
928,7,0,22
928,8,0,3
928,12,0,26
928,14,0,20
928,17,0,19
928,19,0,27
928,20,0,40
928,22,0,10
928,26,0,3
928,28,0,11
928,30,0,45
928,31,0,27
928,36,0,18
928,38,0,45
928,41,0,24
928,42,0,39
928,43,0,31
928,48,0,27
928,49,0,24
928,50,0,44
928,51,0,44
928,52,0,11
928,53,0,25
928,54,0,22
928,55,0,27
928,59,0,47
928,62,0,39
928,64,0,15
928,65,0,30
928,72,0,6
928,73,0,28
928,74,0,3
928,75,0,9
928,76,0,31
928,79,0,49
928,80,0,2
928,81,0,4
928,82,0,2
928,84,0,23
928,86,0,18
928,87,0,47
928,88,0,38
928,89,0,11
928,91,0,4
928,92,0,34
928,93,0,16
928,94,0,31
928,97,0,47
928,99,0,3
928,61,0,49
928,5,0,44
928,66,0,42
928,11,0,32
928,32,0,28
928,1,0,10
929,4,0,25
929,7,0,22
929,8,0,3
929,12,0,26
929,14,0,20
929,17,0,19
929,19,0,27
929,20,0,40
929,22,0,10
929,26,0,3
929,28,0,11
929,30,0,45
929,31,0,27
929,36,0,18
929,38,0,45
929,41,0,24
929,42,0,39
929,43,0,31
929,48,0,27
929,49,0,24
929,50,0,44
929,51,0,44
929,52,0,11
929,53,0,25
929,54,0,22
929,55,0,27
929,59,0,47
929,62,0,39
929,64,0,15
929,65,0,30
929,72,0,6
929,73,0,28
929,74,0,3
929,75,0,9
929,76,0,31
929,79,0,49
929,80,0,2
929,81,0,4
929,82,0,2
929,84,0,23
929,86,0,18
929,87,0,47
929,88,0,38
929,89,0,11
929,91,0,4
929,92,0,34
929,93,0,16
929,94,0,31
929,97,0,47
929,99,0,3
929,61,0,49
929,5,0,44
929,66,0,42
929,11,0,32
929,32,0,28
929,1,0,10
930,4,0,25
930,7,0,22
930,8,0,3
930,12,0,26
930,14,0,20
930,17,0,19
930,19,0,27
930,20,0,40
930,22,0,10
930,26,0,3
930,28,0,11
930,30,0,45
930,31,0,27
930,36,0,18
930,38,0,45
930,41,0,24
930,42,0,39
930,43,0,31
930,48,0,27
930,49,0,24
930,50,0,44
930,51,0,44
930,52,0,11
930,53,0,25
930,54,0,22
930,55,0,27
930,59,0,47
930,62,0,39
930,64,0,15
930,65,0,30
930,72,0,6
930,73,0,28
930,74,0,3
930,75,0,9
930,76,0,31
930,79,0,49
930,80,0,2
930,81,0,4
930,82,0,2
930,84,0,23
930,86,0,18
930,87,0,47
930,88,0,38
930,89,0,11
930,91,0,4
930,92,0,34
930,93,0,16
930,94,0,31
930,97,0,47
930,99,0,3
930,61,0,49
930,5,0,44
930,66,0,42
930,11,0,32
930,32,0,28
930,1,0,10
931,4,0,25
931,7,0,22
931,8,0,3
931,12,0,26
931,14,0,20
931,17,0,19
931,19,0,27
931,20,0,40
931,22,0,10
931,26,0,3
931,28,0,11
931,30,0,45
931,31,0,27
931,36,0,18
931,38,0,45
931,41,0,24
931,42,0,39
931,43,0,31
931,48,0,27
931,49,0,24
931,50,0,44
931,51,0,44
931,52,0,11
931,53,0,25
931,54,0,22
931,55,0,27
931,59,0,47
931,62,0,39
931,64,0,15
931,65,0,30
931,72,0,6
931,73,0,28
931,74,0,3
931,75,0,9
931,76,0,31
931,79,0,49
931,80,0,2
931,81,0,4
931,82,0,2
931,84,0,23
931,86,0,18
931,87,0,47
931,88,0,38
931,89,0,11
931,91,0,4
931,92,0,34
931,93,0,16
931,94,0,31
931,97,0,47
931,99,0,3
931,61,0,49
931,5,0,44
931,66,0,42
931,11,0,32
931,32,0,28
931,1,0,10
932,4,0,25
932,7,0,22
932,8,0,3
932,12,0,26
932,14,0,20
932,17,0,19
932,19,0,27
932,20,0,40
932,22,0,10
932,26,0,3
932,28,0,11
932,30,0,45
932,31,0,27
932,36,0,18
932,38,0,45
932,41,0,24
932,42,0,39
932,43,0,31
932,48,0,27
932,49,0,24
932,50,0,44
932,51,0,44
932,52,0,11
932,53,0,25
932,54,0,22
932,55,0,27
932,59,0,47
932,62,0,39
932,64,0,15
932,65,0,30
932,72,0,6
932,73,0,28
932,74,0,3
932,75,0,9
932,76,0,31
932,79,0,49
932,80,0,2
932,81,0,4
932,82,0,2
932,84,0,23
932,86,0,18
932,87,0,47
932,88,0,38
932,89,0,11
932,91,0,4
932,92,0,34
932,93,0,16
932,94,0,31
932,97,0,47
932,99,0,3
932,61,0,49
932,5,0,44
932,66,0,42
932,11,0,32
932,32,0,28
932,1,0,10
933,4,0,25
933,7,0,22
933,8,0,3
933,12,0,26
933,14,0,20
933,17,0,19
933,19,0,27
933,20,0,40
933,22,0,10
933,26,0,3
933,28,0,11
933,30,0,45
933,31,0,27
933,36,0,18
933,38,0,45
933,41,0,24
933,42,0,39
933,43,0,31
933,48,0,27
933,49,0,24
933,50,0,44
933,51,0,44
933,52,0,11
933,53,0,25
933,54,0,22
933,55,0,27
933,59,0,47
933,62,0,39
933,64,0,15
933,65,0,30
933,72,0,6
933,73,0,28
933,74,0,3
933,75,0,9
933,76,0,31
933,79,0,49
933,80,0,2
933,81,0,4
933,82,0,2
933,84,0,23
933,86,0,18
933,87,0,47
933,88,0,38
933,89,0,11
933,91,0,4
933,92,0,34
933,93,0,16
933,94,0,31
933,97,0,47
933,99,0,3
933,61,0,49
933,5,0,44
933,66,0,42
933,11,0,32
933,32,0,28
933,1,0,10
934,4,0,25
934,7,0,22
934,8,0,3
934,12,0,26
934,14,0,20
934,17,0,19
934,19,0,27
934,20,0,40
934,22,0,10
934,26,0,3
934,28,0,11
934,30,0,45
934,31,0,27
934,36,0,18
934,38,0,45
934,41,0,24
934,42,0,39
934,43,0,31
934,48,0,27
934,49,0,24
934,50,0,44
934,51,0,44
934,52,0,11
934,53,0,25
934,54,0,22
934,55,0,27
934,59,0,47
934,62,0,39
934,64,0,15
934,65,0,30
934,72,0,6
934,73,0,28
934,74,0,3
934,75,0,9
934,76,0,31
934,79,0,49
934,80,0,2
934,81,0,4
934,82,0,2
934,84,0,23
934,86,0,18
934,87,0,47
934,88,0,38
934,89,0,11
934,91,0,4
934,92,0,34
934,93,0,16
934,94,0,31
934,97,0,47
934,99,0,3
934,61,0,49
934,5,0,44
934,66,0,42
934,11,0,32
934,32,0,28
934,1,0,10
935,4,0,25
935,7,0,22
935,8,0,3
935,12,0,26
935,14,0,20
935,17,0,19
935,19,0,27
935,20,0,40
935,22,0,10
935,26,0,3
935,28,0,11
935,30,0,45
935,31,0,27
935,36,0,18
935,38,0,45
935,41,0,24
935,42,0,39
935,43,0,31
935,48,0,27
935,49,0,24
935,50,0,44
935,51,0,44
935,52,0,11
935,53,0,25
935,54,0,22
935,55,0,27
935,59,0,47
935,62,0,39
935,64,0,15
935,65,0,30
935,72,0,6
935,73,0,28
935,74,0,3
935,75,0,9
935,76,0,31
935,79,0,49
935,80,0,2
935,81,0,4
935,82,0,2
935,84,0,23
935,86,0,18
935,87,0,47
935,88,0,38
935,89,0,11
935,91,0,4
935,92,0,34
935,93,0,16
935,94,0,31
935,97,0,47
935,99,0,3
935,61,0,49
935,5,0,44
935,66,0,42
935,11,0,32
935,32,0,28
935,1,0,10
936,4,0,25
936,7,0,22
936,8,0,3
936,12,0,26
936,14,0,20
936,17,0,19
936,19,0,27
936,20,0,40
936,22,0,10
936,26,0,3
936,28,0,11
936,30,0,45
936,31,0,27
936,36,0,18
936,38,0,45
936,41,0,24
936,42,0,39
936,43,0,31
936,48,0,27
936,49,0,24
936,50,0,44
936,51,0,44
936,52,0,11
936,53,0,25
936,54,0,22
936,55,0,27
936,59,0,47
936,62,0,39
936,64,0,15
936,65,0,30
936,72,0,6
936,73,0,28
936,74,0,3
936,75,0,9
936,76,0,31
936,79,0,49
936,80,0,2
936,81,0,4
936,82,0,2
936,84,0,23
936,86,0,18
936,87,0,47
936,88,0,38
936,89,0,11
936,91,0,4
936,92,0,34
936,93,0,16
936,94,0,31
936,97,0,47
936,99,0,3
936,61,0,49
936,5,0,44
936,66,0,42
936,11,0,32
936,32,0,28
936,1,0,10
937,4,0,25
937,7,0,22
937,8,0,3
937,12,0,26
937,14,0,20
937,17,0,19
937,19,0,27
937,20,0,40
937,22,0,10
937,26,0,3
937,28,0,11
937,30,0,45
937,31,0,27
937,36,0,18
937,38,0,45
937,41,0,24
937,42,0,39
937,43,0,31
937,48,0,27
937,49,0,24
937,50,0,44
937,51,0,44
937,52,0,11
937,53,0,25
937,54,0,22
937,55,0,27
937,59,0,47
937,62,0,39
937,64,0,15
937,65,0,30
937,72,0,6
937,73,0,28
937,74,0,3
937,75,0,9
937,76,0,31
937,79,0,49
937,80,0,2
937,81,0,4
937,82,0,2
937,84,0,23
937,86,0,18
937,87,0,47
937,88,0,38
937,89,0,11
937,91,0,4
937,92,0,34
937,93,0,16
937,94,0,31
937,97,0,47
937,99,0,3
937,61,0,49
937,5,0,44
937,66,0,42
937,11,0,32
937,32,0,28
937,1,0,10
938,4,0,25
938,7,0,22
938,8,0,3
938,12,0,26
938,14,0,20
938,17,0,19
938,19,0,27
938,20,0,40
938,22,0,10
938,26,0,3
938,28,0,11
938,30,0,45
938,31,0,27
938,36,0,18
938,38,0,45
938,41,0,24
938,42,0,39
938,43,0,31
938,48,0,27
938,49,0,24
938,50,0,44
938,51,0,44
938,52,0,11
938,53,0,25
938,54,0,22
938,55,0,27
938,59,0,47
938,62,0,39
938,64,0,15
938,65,0,30
938,72,0,6
938,73,0,28
938,74,0,3
938,75,0,9
938,76,0,31
938,79,0,49
938,80,0,2
938,81,0,4
938,82,0,2
938,84,0,23
938,86,0,18
938,87,0,47
938,88,0,38
938,89,0,11
938,91,0,4
938,92,0,34
938,93,0,16
938,94,0,31
938,97,0,47
938,99,0,3
938,61,0,49
938,5,0,44
938,66,0,42
938,11,0,32
938,32,0,28
938,1,0,10
939,4,0,25
939,7,0,22
939,8,0,3
939,12,0,26
939,14,0,20
939,17,0,19
939,19,0,27
939,20,0,40
939,22,0,10
939,26,0,3
939,28,0,11
939,30,0,45
939,31,0,27
939,36,0,18
939,38,0,45
939,41,0,24
939,42,0,39
939,43,0,31
939,48,0,27
939,49,0,24
939,50,0,44
939,51,0,44
939,52,0,11
939,53,0,25
939,54,0,22
939,55,0,27
939,59,0,47
939,62,0,39
939,64,0,15
939,65,0,30
939,72,0,6
939,73,0,28
939,74,0,3
939,75,0,9
939,76,0,31
939,79,0,49
939,80,0,2
939,81,0,4
939,82,0,2
939,84,0,23
939,86,0,18
939,87,0,47
939,88,0,38
939,89,0,11
939,91,0,4
939,92,0,34
939,93,0,16
939,94,0,31
939,97,0,47
939,99,0,3
939,61,0,49
939,5,0,44
939,66,0,42
939,11,0,32
939,32,0,28
939,1,0,10
940,4,0,25
940,7,0,22
940,8,0,3
940,12,0,26
940,14,0,20
940,17,0,19
940,19,0,27
940,20,0,40
940,22,0,10
940,26,0,3
940,28,0,11
940,30,0,45
940,31,0,27
940,36,0,18
940,38,0,45
940,41,0,24
940,42,0,39
940,43,0,31
940,48,0,27
940,49,0,24
940,50,0,44
940,51,0,44
940,52,0,11
940,53,0,25
940,54,0,22
940,55,0,27
940,59,0,47
940,62,0,39
940,64,0,15
940,65,0,30
940,72,0,6
940,73,0,28
940,74,0,3
940,75,0,9
940,76,0,31
940,79,0,49
940,80,0,2
940,81,0,4
940,82,0,2
940,84,0,23
940,86,0,18
940,87,0,47
940,88,0,38
940,89,0,11
940,91,0,4
940,92,0,34
940,93,0,16
940,94,0,31
940,97,0,47
940,99,0,3
940,61,0,49
940,5,0,44
940,66,0,42
940,11,0,32
940,32,0,28
940,1,0,10
941,4,0,25
941,7,0,22
941,8,0,3
941,12,0,26
941,14,0,20
941,17,0,19
941,19,0,27
941,20,0,40
941,22,0,10
941,26,0,3
941,28,0,11
941,30,0,45
941,31,0,27
941,36,0,18
941,38,0,45
941,41,0,24
941,42,0,39
941,43,0,31
941,48,0,27
941,49,0,24
941,50,0,44
941,51,0,44
941,52,0,11
941,53,0,25
941,54,0,22
941,55,0,27
941,59,0,47
941,62,0,39
941,64,0,15
941,65,0,30
941,72,0,6
941,73,0,28
941,74,0,3
941,75,0,9
941,76,0,31
941,79,0,49
941,80,0,2
941,81,0,4
941,82,0,2
941,84,0,23
941,86,0,18
941,87,0,47
941,88,0,38
941,89,0,11
941,91,0,4
941,92,0,34
941,93,0,16
941,94,0,31
941,97,0,47
941,99,0,3
941,61,0,49
941,5,0,44
941,66,0,42
941,11,0,32
941,32,0,28
941,1,0,10
942,4,0,25
942,7,0,22
942,8,0,3
942,12,0,26
942,14,0,20
942,17,0,19
942,19,0,27
942,20,0,40
942,22,0,10
942,26,0,3
942,28,0,11
942,30,0,45
942,31,0,27
942,36,0,18
942,38,0,45
942,41,0,24
942,42,0,39
942,43,0,31
942,48,0,27
942,49,0,24
942,50,0,44
942,51,0,44
942,52,0,11
942,53,0,25
942,54,0,22
942,55,0,27
942,59,0,47
942,62,0,39
942,64,0,15
942,65,0,30
942,72,0,6
942,73,0,28
942,74,0,3
942,75,0,9
942,76,0,31
942,79,0,49
942,80,0,2
942,81,0,4
942,82,0,2
942,84,0,23
942,86,0,18
942,87,0,47
942,88,0,38
942,89,0,11
942,91,0,4
942,92,0,34
942,93,0,16
942,94,0,31
942,97,0,47
942,99,0,3
942,61,0,49
942,5,0,44
942,66,0,42
942,11,0,32
942,32,0,28
942,1,0,10
943,4,0,25
943,7,0,22
943,8,0,3
943,12,0,26
943,14,0,20
943,17,0,19
943,19,0,27
943,20,0,40
943,22,0,10
943,26,0,3
943,28,0,11
943,30,0,45
943,31,0,27
943,36,0,18
943,38,0,45
943,41,0,24
943,42,0,39
943,43,0,31
943,48,0,27
943,49,0,24
943,50,0,44
943,51,0,44
943,52,0,11
943,53,0,25
943,54,0,22
943,55,0,27
943,59,0,47
943,62,0,39
943,64,0,15
943,65,0,30
943,72,0,6
943,73,0,28
943,74,0,3
943,75,0,9
943,76,0,31
943,79,0,49
943,80,0,2
943,81,0,4
943,82,0,2
943,84,0,23
943,86,0,18
943,87,0,47
943,88,0,38
943,89,0,11
943,91,0,4
943,92,0,34
943,93,0,16
943,94,0,31
943,97,0,47
943,99,0,3
943,61,0,49
943,5,0,44
943,66,0,42
943,11,0,32
943,32,0,28
943,1,0,10
944,4,0,25
944,7,0,22
944,8,0,3
944,12,0,26
944,14,0,20
944,17,0,19
944,19,0,27
944,20,0,40
944,22,0,10
944,26,0,3
944,28,0,11
944,30,0,45
944,31,0,27
944,36,0,18
944,38,0,45
944,41,0,24
944,42,0,39
944,43,0,31
944,48,0,27
944,49,0,24
944,50,0,44
944,51,0,44
944,52,0,11
944,53,0,25
944,54,0,22
944,55,0,27
944,59,0,47
944,62,0,39
944,64,0,15
944,65,0,30
944,72,0,6
944,73,0,28
944,74,0,3
944,75,0,9
944,76,0,31
944,79,0,49
944,80,0,2
944,81,0,4
944,82,0,2
944,84,0,23
944,86,0,18
944,87,0,47
944,88,0,38
944,89,0,11
944,91,0,4
944,92,0,34
944,93,0,16
944,94,0,31
944,97,0,47
944,99,0,3
944,61,0,49
944,5,0,44
944,66,0,42
944,11,0,32
944,32,0,28
944,1,0,10
945,4,0,25
945,7,0,22
945,8,0,3
945,12,0,26
945,14,0,20
945,17,0,19
945,19,0,27
945,20,0,40
945,22,0,10
945,26,0,3
945,28,0,11
945,30,0,45
945,31,0,27
945,36,0,18
945,38,0,45
945,41,0,24
945,42,0,39
945,43,0,31
945,48,0,27
945,49,0,24
945,50,0,44
945,51,0,44
945,52,0,11
945,53,0,25
945,54,0,22
945,55,0,27
945,59,0,47
945,62,0,39
945,64,0,15
945,65,0,30
945,72,0,6
945,73,0,28
945,74,0,3
945,75,0,9
945,76,0,31
945,79,0,49
945,80,0,2
945,81,0,4
945,82,0,2
945,84,0,23
945,86,0,18
945,87,0,47
945,88,0,38
945,89,0,11
945,91,0,4
945,92,0,34
945,93,0,16
945,94,0,31
945,97,0,47
945,99,0,3
945,61,0,49
945,5,0,44
945,66,0,42
945,11,0,32
945,32,0,28
945,1,0,10
946,4,0,25
946,7,0,22
946,8,0,3
946,12,0,26
946,14,0,20
946,17,0,19
946,19,0,27
946,20,0,40
946,22,0,10
946,26,0,3
946,28,0,11
946,30,0,45
946,31,0,27
946,36,0,18
946,38,0,45
946,41,0,24
946,42,0,39
946,43,0,31
946,48,0,27
946,49,0,24
946,50,0,44
946,51,0,44
946,52,0,11
946,53,0,25
946,54,0,22
946,55,0,27
946,59,0,47
946,62,0,39
946,64,0,15
946,65,0,30
946,72,0,6
946,73,0,28
946,74,0,3
946,75,0,9
946,76,0,31
946,79,0,49
946,80,0,2
946,81,0,4
946,82,0,2
946,84,0,23
946,86,0,18
946,87,0,47
946,88,0,38
946,89,0,11
946,91,0,4
946,92,0,34
946,93,0,16
946,94,0,31
946,97,0,47
946,99,0,3
946,61,0,49
946,5,0,44
946,66,0,42
946,11,0,32
946,32,0,28
946,1,0,10
947,4,0,25
947,7,0,22
947,8,0,3
947,12,0,26
947,14,0,20
947,17,0,19
947,19,0,27
947,20,0,40
947,22,0,10
947,26,0,3
947,28,0,11
947,30,0,45
947,31,0,27
947,36,0,18
947,38,0,45
947,41,0,24
947,42,0,39
947,43,0,31
947,48,0,27
947,49,0,24
947,50,0,44
947,51,0,44
947,52,0,11
947,53,0,25
947,54,0,22
947,55,0,27
947,59,0,47
947,62,0,39
947,64,0,15
947,65,0,30
947,72,0,6
947,73,0,28
947,74,0,3
947,75,0,9
947,76,0,31
947,79,0,49
947,80,0,2
947,81,0,4
947,82,0,2
947,84,0,23
947,86,0,18
947,87,0,47
947,88,0,38
947,89,0,11
947,91,0,4
947,92,0,34
947,93,0,16
947,94,0,31
947,97,0,47
947,99,0,3
947,61,0,49
947,5,0,44
947,66,0,42
947,11,0,32
947,32,0,28
947,1,0,10
948,4,0,25
948,7,0,22
948,8,0,3
948,12,0,26
948,14,0,20
948,17,0,19
948,19,0,27
948,20,0,40
948,22,0,10
948,26,0,3
948,28,0,11
948,30,0,45
948,31,0,27
948,36,0,18
948,38,0,45
948,41,0,24
948,42,0,39
948,43,0,31
948,48,0,27
948,49,0,24
948,50,0,44
948,51,0,44
948,52,0,11
948,53,0,25
948,54,0,22
948,55,0,27
948,59,0,47
948,62,0,39
948,64,0,15
948,65,0,30
948,72,0,6
948,73,0,28
948,74,0,3
948,75,0,9
948,76,0,31
948,79,0,49
948,80,0,2
948,81,0,4
948,82,0,2
948,84,0,23
948,86,0,18
948,87,0,47
948,88,0,38
948,89,0,11
948,91,0,4
948,92,0,34
948,93,0,16
948,94,0,31
948,97,0,47
948,99,0,3
948,61,0,49
948,5,0,44
948,66,0,42
948,11,0,32
948,32,0,28
948,1,0,10
949,4,0,25
949,7,0,22
949,8,0,3
949,12,0,26
949,14,0,20
949,17,0,19
949,19,0,27
949,20,0,40
949,22,0,10
949,26,0,3
949,28,0,11
949,30,0,45
949,31,0,27
949,36,0,18
949,38,0,45
949,41,0,24
949,42,0,39
949,43,0,31
949,48,0,27
949,49,0,24
949,50,0,44
949,51,0,44
949,52,0,11
949,53,0,25
949,54,0,22
949,55,0,27
949,59,0,47
949,62,0,39
949,64,0,15
949,65,0,30
949,72,0,6
949,73,0,28
949,74,0,3
949,75,0,9
949,76,0,31
949,79,0,49
949,80,0,2
949,81,0,4
949,82,0,2
949,84,0,23
949,86,0,18
949,87,0,47
949,88,0,38
949,89,0,11
949,91,0,4
949,92,0,34
949,93,0,16
949,94,0,31
949,97,0,47
949,99,0,3
949,61,0,49
949,5,0,44
949,66,0,42
949,11,0,32
949,32,0,28
949,1,0,10
950,4,0,25
950,7,0,22
950,8,0,3
950,12,0,26
950,14,0,20
950,17,0,19
950,19,0,27
950,20,0,40
950,22,0,10
950,26,0,3
950,28,0,11
950,30,0,45
950,31,0,27
950,36,0,18
950,38,0,45
950,41,0,24
950,42,0,39
950,43,0,31
950,48,0,27
950,49,0,24
950,50,0,44
950,51,0,44
950,52,0,11
950,53,0,25
950,54,0,22
950,55,0,27
950,59,0,47
950,62,0,39
950,64,0,15
950,65,0,30
950,72,0,6
950,73,0,28
950,74,0,3
950,75,0,9
950,76,0,31
950,79,0,49
950,80,0,2
950,81,0,4
950,82,0,2
950,84,0,23
950,86,0,18
950,87,0,47
950,88,0,38
950,89,0,11
950,91,0,4
950,92,0,34
950,93,0,16
950,94,0,31
950,97,0,47
950,99,0,3
950,61,0,49
950,5,0,44
950,66,0,42
950,11,0,32
950,32,0,28
950,1,0,10
951,4,0,25
951,7,0,22
951,8,0,3
951,12,0,26
951,14,0,20
951,17,0,19
951,19,0,27
951,20,0,40
951,22,0,10
951,26,0,3
951,28,0,11
951,30,0,45
951,31,0,27
951,36,0,18
951,38,0,45
951,41,0,24
951,42,0,39
951,43,0,31
951,48,0,27
951,49,0,24
951,50,0,44
951,51,0,44
951,52,0,11
951,53,0,25
951,54,0,22
951,55,0,27
951,59,0,47
951,62,0,39
951,64,0,15
951,65,0,30
951,72,0,6
951,73,0,28
951,74,0,3
951,75,0,9
951,76,0,31
951,79,0,49
951,80,0,2
951,81,0,4
951,82,0,2
951,84,0,23
951,86,0,18
951,87,0,47
951,88,0,38
951,89,0,11
951,91,0,4
951,92,0,34
951,93,0,16
951,94,0,31
951,97,0,47
951,99,0,3
951,61,0,49
951,5,0,44
951,66,0,42
951,11,0,32
951,32,0,28
951,1,0,10
952,4,0,25
952,7,0,22
952,8,0,3
952,12,0,26
952,14,0,20
952,17,0,19
952,19,0,27
952,20,0,40
952,22,0,10
952,26,0,3
952,28,0,11
952,30,0,45
952,31,0,27
952,36,0,18
952,38,0,45
952,41,0,24
952,42,0,39
952,43,0,31
952,48,0,27
952,49,0,24
952,50,0,44
952,51,0,44
952,52,0,11
952,53,0,25
952,54,0,22
952,55,0,27
952,59,0,47
952,62,0,39
952,64,0,15
952,65,0,30
952,72,0,6
952,73,0,28
952,74,0,3
952,75,0,9
952,76,0,31
952,79,0,49
952,80,0,2
952,81,0,4
952,82,0,2
952,84,0,23
952,86,0,18
952,87,0,47
952,88,0,38
952,89,0,11
952,91,0,4
952,92,0,34
952,93,0,16
952,94,0,31
952,97,0,47
952,99,0,3
952,61,0,49
952,5,0,44
952,66,0,42
952,11,0,32
952,32,0,28
952,1,0,10
953,4,0,25
953,7,0,22
953,8,0,3
953,12,0,26
953,14,0,20
953,17,0,19
953,19,0,27
953,20,0,40
953,22,0,10
953,26,0,3
953,28,0,11
953,30,0,45
953,31,0,27
953,36,0,18
953,38,0,45
953,41,0,24
953,42,0,39
953,43,0,31
953,48,0,27
953,49,0,24
953,50,0,44
953,51,0,44
953,52,0,11
953,53,0,25
953,54,0,22
953,55,0,27
953,59,0,47
953,62,0,39
953,64,0,15
953,65,0,30
953,72,0,6
953,73,0,28
953,74,0,3
953,75,0,9
953,76,0,31
953,79,0,49
953,80,0,2
953,81,0,4
953,82,0,2
953,84,0,23
953,86,0,18
953,87,0,47
953,88,0,38
953,89,0,11
953,91,0,4
953,92,0,34
953,93,0,16
953,94,0,31
953,97,0,47
953,99,0,3
953,61,0,49
953,5,0,44
953,66,0,42
953,11,0,32
953,32,0,28
953,1,0,10
954,4,0,25
954,7,0,22
954,8,0,3
954,12,0,26
954,14,0,20
954,17,0,19
954,19,0,27
954,20,0,40
954,22,0,10
954,26,0,3
954,28,0,11
954,30,0,45
954,31,0,27
954,36,0,18
954,38,0,45
954,41,0,24
954,42,0,39
954,43,0,31
954,48,0,27
954,49,0,24
954,50,0,44
954,51,0,44
954,52,0,11
954,53,0,25
954,54,0,22
954,55,0,27
954,59,0,47
954,62,0,39
954,64,0,15
954,65,0,30
954,72,0,6
954,73,0,28
954,74,0,3
954,75,0,9
954,76,0,31
954,79,0,49
954,80,0,2
954,81,0,4
954,82,0,2
954,84,0,23
954,86,0,18
954,87,0,47
954,88,0,38
954,89,0,11
954,91,0,4
954,92,0,34
954,93,0,16
954,94,0,31
954,97,0,47
954,99,0,3
954,61,0,49
954,5,0,44
954,66,0,42
954,11,0,32
954,32,0,28
954,1,0,10
955,4,0,25
955,7,0,22
955,8,0,3
955,12,0,26
955,14,0,20
955,17,0,19
955,19,0,27
955,20,0,40
955,22,0,10
955,26,0,3
955,28,0,11
955,30,0,45
955,31,0,27
955,36,0,18
955,38,0,45
955,41,0,24
955,42,0,39
955,43,0,31
955,48,0,27
955,49,0,24
955,50,0,44
955,51,0,44
955,52,0,11
955,53,0,25
955,54,0,22
955,55,0,27
955,59,0,47
955,62,0,39
955,64,0,15
955,65,0,30
955,72,0,6
955,73,0,28
955,74,0,3
955,75,0,9
955,76,0,31
955,79,0,49
955,80,0,2
955,81,0,4
955,82,0,2
955,84,0,23
955,86,0,18
955,87,0,47
955,88,0,38
955,89,0,11
955,91,0,4
955,92,0,34
955,93,0,16
955,94,0,31
955,97,0,47
955,99,0,3
955,61,0,49
955,5,0,44
955,66,0,42
955,11,0,32
955,32,0,28
955,1,0,10
956,4,0,25
956,7,0,22
956,8,0,3
956,12,0,26
956,14,0,20
956,17,0,19
956,19,0,27
956,20,0,40
956,22,0,10
956,26,0,3
956,28,0,11
956,30,0,45
956,31,0,27
956,36,0,18
956,38,0,45
956,41,0,24
956,42,0,39
956,43,0,31
956,48,0,27
956,49,0,24
956,50,0,44
956,51,0,44
956,52,0,11
956,53,0,25
956,54,0,22
956,55,0,27
956,59,0,47
956,62,0,39
956,64,0,15
956,65,0,30
956,72,0,6
956,73,0,28
956,74,0,3
956,75,0,9
956,76,0,31
956,79,0,49
956,80,0,2
956,81,0,4
956,82,0,2
956,84,0,23
956,86,0,18
956,87,0,47
956,88,0,38
956,89,0,11
956,91,0,4
956,92,0,34
956,93,0,16
956,94,0,31
956,97,0,47
956,99,0,3
956,61,0,49
956,5,0,44
956,66,0,42
956,11,0,32
956,32,0,28
956,1,0,10
957,4,0,25
957,7,0,22
957,8,0,3
957,12,0,26
957,14,0,20
957,17,0,19
957,19,0,27
957,20,0,40
957,22,0,10
957,26,0,3
957,28,0,11
957,30,0,45
957,31,0,27
957,36,0,18
957,38,0,45
957,41,0,24
957,42,0,39
957,43,0,31
957,48,0,27
957,49,0,24
957,50,0,44
957,51,0,44
957,52,0,11
957,53,0,25
957,54,0,22
957,55,0,27
957,59,0,47
957,62,0,39
957,64,0,15
957,65,0,30
957,72,0,6
957,73,0,28
957,74,0,3
957,75,0,9
957,76,0,31
957,79,0,49
957,80,0,2
957,81,0,4
957,82,0,2
957,84,0,23
957,86,0,18
957,87,0,47
957,88,0,38
957,89,0,11
957,91,0,4
957,92,0,34
957,93,0,16
957,94,0,31
957,97,0,47
957,99,0,3
957,61,0,49
957,5,0,44
957,66,0,42
957,11,0,32
957,32,0,28
957,1,0,10
958,4,0,25
958,7,0,22
958,8,0,3
958,12,0,26
958,14,0,20
958,17,0,19
958,19,0,27
958,20,0,40
958,22,0,10
958,26,0,3
958,28,0,11
958,30,0,45
958,31,0,27
958,36,0,18
958,38,0,45
958,41,0,24
958,42,0,39
958,43,0,31
958,48,0,27
958,49,0,24
958,50,0,44
958,51,0,44
958,52,0,11
958,53,0,25
958,54,0,22
958,55,0,27
958,59,0,47
958,62,0,39
958,64,0,15
958,65,0,30
958,72,0,6
958,73,0,28
958,74,0,3
958,75,0,9
958,76,0,31
958,79,0,49
958,80,0,2
958,81,0,4
958,82,0,2
958,84,0,23
958,86,0,18
958,87,0,47
958,88,0,38
958,89,0,11
958,91,0,4
958,92,0,34
958,93,0,16
958,94,0,31
958,97,0,47
958,99,0,3
958,61,0,49
958,5,0,44
958,66,0,42
958,11,0,32
958,32,0,28
958,1,0,10
959,4,0,25
959,7,0,22
959,8,0,3
959,12,0,26
959,14,0,20
959,17,0,19
959,19,0,27
959,20,0,40
959,22,0,10
959,26,0,3
959,28,0,11
959,30,0,45
959,31,0,27
959,36,0,18
959,38,0,45
959,41,0,24
959,42,0,39
959,43,0,31
959,48,0,27
959,49,0,24
959,50,0,44
959,51,0,44
959,52,0,11
959,53,0,25
959,54,0,22
959,55,0,27
959,59,0,47
959,62,0,39
959,64,0,15
959,65,0,30
959,72,0,6
959,73,0,28
959,74,0,3
959,75,0,9
959,76,0,31
959,79,0,49
959,80,0,2
959,81,0,4
959,82,0,2
959,84,0,23
959,86,0,18
959,87,0,47
959,88,0,38
959,89,0,11
959,91,0,4
959,92,0,34
959,93,0,16
959,94,0,31
959,97,0,47
959,99,0,3
959,61,0,49
959,5,0,44
959,66,0,42
959,11,0,32
959,32,0,28
959,1,0,10
960,4,0,25
960,7,0,22
960,8,0,3
960,12,0,26
960,14,0,20
960,17,0,19
960,19,0,27
960,20,0,40
960,22,0,10
960,26,0,3
960,28,0,11
960,30,0,45
960,31,0,27
960,36,0,18
960,38,0,45
960,41,0,24
960,42,0,39
960,43,0,31
960,48,0,27
960,49,0,24
960,50,0,44
960,51,0,44
960,52,0,11
960,53,0,25
960,54,0,22
960,55,0,27
960,59,0,47
960,62,0,39
960,64,0,15
960,65,0,30
960,72,0,6
960,73,0,28
960,74,0,3
960,75,0,9
960,76,0,31
960,79,0,49
960,80,0,2
960,81,0,4
960,82,0,2
960,84,0,23
960,86,0,18
960,87,0,47
960,88,0,38
960,89,0,11
960,91,0,4
960,92,0,34
960,93,0,16
960,94,0,31
960,97,0,47
960,99,0,3
960,61,0,49
960,5,0,44
960,66,0,42
960,11,0,32
960,32,0,28
960,1,0,10
961,4,0,25
961,7,0,22
961,8,0,3
961,12,0,26
961,14,0,20
961,17,0,19
961,19,0,27
961,20,0,40
961,22,0,10
961,26,0,3
961,28,0,11
961,30,0,45
961,31,0,27
961,36,0,18
961,38,0,45
961,41,0,24
961,42,0,39
961,43,0,31
961,48,0,27
961,49,0,24
961,50,0,44
961,51,0,44
961,52,0,11
961,53,0,25
961,54,0,22
961,55,0,27
961,59,0,47
961,62,0,39
961,64,0,15
961,65,0,30
961,72,0,6
961,73,0,28
961,74,0,3
961,75,0,9
961,76,0,31
961,79,0,49
961,80,0,2
961,81,0,4
961,82,0,2
961,84,0,23
961,86,0,18
961,87,0,47
961,88,0,38
961,89,0,11
961,91,0,4
961,92,0,34
961,93,0,16
961,94,0,31
961,97,0,47
961,99,0,3
961,61,0,49
961,5,0,44
961,66,0,42
961,11,0,32
961,32,0,28
961,1,0,10
962,4,0,25
962,7,0,22
962,8,0,3
962,12,0,26
962,14,0,20
962,17,0,19
962,19,0,27
962,20,0,40
962,22,0,10
962,26,0,3
962,28,0,11
962,30,0,45
962,31,0,27
962,36,0,18
962,38,0,45
962,41,0,24
962,42,0,39
962,43,0,31
962,48,0,27
962,49,0,24
962,50,0,44
962,51,0,44
962,52,0,11
962,53,0,25
962,54,0,22
962,55,0,27
962,59,0,47
962,62,0,39
962,64,0,15
962,65,0,30
962,72,0,6
962,73,0,28
962,74,0,3
962,75,0,9
962,76,0,31
962,79,0,49
962,80,0,2
962,81,0,4
962,82,0,2
962,84,0,23
962,86,0,18
962,87,0,47
962,88,0,38
962,89,0,11
962,91,0,4
962,92,0,34
962,93,0,16
962,94,0,31
962,97,0,47
962,99,0,3
962,61,0,49
962,5,0,44
962,66,0,42
962,11,0,32
962,32,0,28
962,1,0,10
963,4,0,25
963,7,0,22
963,8,0,3
963,12,0,26
963,14,0,20
963,17,0,19
963,19,0,27
963,20,0,40
963,22,0,10
963,26,0,3
963,28,0,11
963,30,0,45
963,31,0,27
963,36,0,18
963,38,0,45
963,41,0,24
963,42,0,39
963,43,0,31
963,48,0,27
963,49,0,24
963,50,0,44
963,51,0,44
963,52,0,11
963,53,0,25
963,54,0,22
963,55,0,27
963,59,0,47
963,62,0,39
963,64,0,15
963,65,0,30
963,72,0,6
963,73,0,28
963,74,0,3
963,75,0,9
963,76,0,31
963,79,0,49
963,80,0,2
963,81,0,4
963,82,0,2
963,84,0,23
963,86,0,18
963,87,0,47
963,88,0,38
963,89,0,11
963,91,0,4
963,92,0,34
963,93,0,16
963,94,0,31
963,97,0,47
963,99,0,3
963,61,0,49
963,5,0,44
963,66,0,42
963,11,0,32
963,32,0,28
963,1,0,10
964,4,0,25
964,7,0,22
964,8,0,3
964,12,0,26
964,14,0,20
964,17,0,19
964,19,0,27
964,20,0,40
964,22,0,10
964,26,0,3
964,28,0,11
964,30,0,45
964,31,0,27
964,36,0,18
964,38,0,45
964,41,0,24
964,42,0,39
964,43,0,31
964,48,0,27
964,49,0,24
964,50,0,44
964,51,0,44
964,52,0,11
964,53,0,25
964,54,0,22
964,55,0,27
964,59,0,47
964,62,0,39
964,64,0,15
964,65,0,30
964,72,0,6
964,73,0,28
964,74,0,3
964,75,0,9
964,76,0,31
964,79,0,49
964,80,0,2
964,81,0,4
964,82,0,2
964,84,0,23
964,86,0,18
964,87,0,47
964,88,0,38
964,89,0,11
964,91,0,4
964,92,0,34
964,93,0,16
964,94,0,31
964,97,0,47
964,99,0,3
964,61,0,49
964,5,0,44
964,66,0,42
964,11,0,32
964,32,0,28
964,1,0,10
965,4,0,25
965,7,0,22
965,8,0,3
965,12,0,26
965,14,0,20
965,17,0,19
965,19,0,27
965,20,0,40
965,22,0,10
965,26,0,3
965,28,0,11
965,30,0,45
965,31,0,27
965,36,0,18
965,38,0,45
965,41,0,24
965,42,0,39
965,43,0,31
965,48,0,27
965,49,0,24
965,50,0,44
965,51,0,44
965,52,0,11
965,53,0,25
965,54,0,22
965,55,0,27
965,59,0,47
965,62,0,39
965,64,0,15
965,65,0,30
965,72,0,6
965,73,0,28
965,74,0,3
965,75,0,9
965,76,0,31
965,79,0,49
965,80,0,2
965,81,0,4
965,82,0,2
965,84,0,23
965,86,0,18
965,87,0,47
965,88,0,38
965,89,0,11
965,91,0,4
965,92,0,34
965,93,0,16
965,94,0,31
965,97,0,47
965,99,0,3
965,61,0,49
965,5,0,44
965,66,0,42
965,11,0,32
965,32,0,28
965,1,0,10
966,4,0,25
966,7,0,22
966,8,0,3
966,12,0,26
966,14,0,20
966,17,0,19
966,19,0,27
966,20,0,40
966,22,0,10
966,26,0,3
966,28,0,11
966,30,0,45
966,31,0,27
966,36,0,18
966,38,0,45
966,41,0,24
966,42,0,39
966,43,0,31
966,48,0,27
966,49,0,24
966,50,0,44
966,51,0,44
966,52,0,11
966,53,0,25
966,54,0,22
966,55,0,27
966,59,0,47
966,62,0,39
966,64,0,15
966,65,0,30
966,72,0,6
966,73,0,28
966,74,0,3
966,75,0,9
966,76,0,31
966,79,0,49
966,80,0,2
966,81,0,4
966,82,0,2
966,84,0,23
966,86,0,18
966,87,0,47
966,88,0,38
966,89,0,11
966,91,0,4
966,92,0,34
966,93,0,16
966,94,0,31
966,97,0,47
966,99,0,3
966,61,0,49
966,5,0,44
966,66,0,42
966,11,0,32
966,32,0,28
966,1,0,10
967,4,0,25
967,7,0,22
967,8,0,3
967,12,0,26
967,14,0,20
967,17,0,19
967,19,0,27
967,20,0,40
967,22,0,10
967,26,0,3
967,28,0,11
967,30,0,45
967,31,0,27
967,36,0,18
967,38,0,45
967,41,0,24
967,42,0,39
967,43,0,31
967,48,0,27
967,49,0,24
967,50,0,44
967,51,0,44
967,52,0,11
967,53,0,25
967,54,0,22
967,55,0,27
967,59,0,47
967,62,0,39
967,64,0,15
967,65,0,30
967,72,0,6
967,73,0,28
967,74,0,3
967,75,0,9
967,76,0,31
967,79,0,49
967,80,0,2
967,81,0,4
967,82,0,2
967,84,0,23
967,86,0,18
967,87,0,47
967,88,0,38
967,89,0,11
967,91,0,4
967,92,0,34
967,93,0,16
967,94,0,31
967,97,0,47
967,99,0,3
967,61,0,49
967,5,0,44
967,66,0,42
967,11,0,32
967,32,0,28
967,1,0,10
968,4,0,25
968,7,0,22
968,8,0,3
968,12,0,26
968,14,0,20
968,17,0,19
968,19,0,27
968,20,0,40
968,22,0,10
968,26,0,3
968,28,0,11
968,30,0,45
968,31,0,27
968,36,0,18
968,38,0,45
968,41,0,24
968,42,0,39
968,43,0,31
968,48,0,27
968,49,0,24
968,50,0,44
968,51,0,44
968,52,0,11
968,53,0,25
968,54,0,22
968,55,0,27
968,59,0,47
968,62,0,39
968,64,0,15
968,65,0,30
968,72,0,6
968,73,0,28
968,74,0,3
968,75,0,9
968,76,0,31
968,79,0,49
968,80,0,2
968,81,0,4
968,82,0,2
968,84,0,23
968,86,0,18
968,87,0,47
968,88,0,38
968,89,0,11
968,91,0,4
968,92,0,34
968,93,0,16
968,94,0,31
968,97,0,47
968,99,0,3
968,61,0,49
968,5,0,44
968,66,0,42
968,11,0,32
968,32,0,28
968,1,0,10
969,4,0,25
969,7,0,22
969,8,0,3
969,12,0,26
969,14,0,20
969,17,0,19
969,19,0,27
969,20,0,40
969,22,0,10
969,26,0,3
969,28,0,11
969,30,0,45
969,31,0,27
969,36,0,18
969,38,0,45
969,41,0,24
969,42,0,39
969,43,0,31
969,48,0,27
969,49,0,24
969,50,0,44
969,51,0,44
969,52,0,11
969,53,0,25
969,54,0,22
969,55,0,27
969,59,0,47
969,62,0,39
969,64,0,15
969,65,0,30
969,72,0,6
969,73,0,28
969,74,0,3
969,75,0,9
969,76,0,31
969,79,0,49
969,80,0,2
969,81,0,4
969,82,0,2
969,84,0,23
969,86,0,18
969,87,0,47
969,88,0,38
969,89,0,11
969,91,0,4
969,92,0,34
969,93,0,16
969,94,0,31
969,97,0,47
969,99,0,3
969,61,0,49
969,5,0,44
969,66,0,42
969,11,0,32
969,32,0,28
969,1,0,10
970,4,0,25
970,7,0,22
970,8,0,3
970,12,0,26
970,14,0,20
970,17,0,19
970,19,0,27
970,20,0,40
970,22,0,10
970,26,0,3
970,28,0,11
970,30,0,45
970,31,0,27
970,36,0,18
970,38,0,45
970,41,0,24
970,42,0,39
970,43,0,31
970,48,0,27
970,49,0,24
970,50,0,44
970,51,0,44
970,52,0,11
970,53,0,25
970,54,0,22
970,55,0,27
970,59,0,47
970,62,0,39
970,64,0,15
970,65,0,30
970,72,0,6
970,73,0,28
970,74,0,3
970,75,0,9
970,76,0,31
970,79,0,49
970,80,0,2
970,81,0,4
970,82,0,2
970,84,0,23
970,86,0,18
970,87,0,47
970,88,0,38
970,89,0,11
970,91,0,4
970,92,0,34
970,93,0,16
970,94,0,31
970,97,0,47
970,99,0,3
970,61,0,49
970,5,0,44
970,66,0,42
970,11,0,32
970,32,0,28
970,1,0,10
971,4,0,25
971,7,0,22
971,8,0,3
971,12,0,26
971,14,0,20
971,17,0,19
971,19,0,27
971,20,0,40
971,22,0,10
971,26,0,3
971,28,0,11
971,30,0,45
971,31,0,27
971,36,0,18
971,38,0,45
971,41,0,24
971,42,0,39
971,43,0,31
971,48,0,27
971,49,0,24
971,50,0,44
971,51,0,44
971,52,0,11
971,53,0,25
971,54,0,22
971,55,0,27
971,59,0,47
971,62,0,39
971,64,0,15
971,65,0,30
971,72,0,6
971,73,0,28
971,74,0,3
971,75,0,9
971,76,0,31
971,79,0,49
971,80,0,2
971,81,0,4
971,82,0,2
971,84,0,23
971,86,0,18
971,87,0,47
971,88,0,38
971,89,0,11
971,91,0,4
971,92,0,34
971,93,0,16
971,94,0,31
971,97,0,47
971,99,0,3
971,61,0,49
971,5,0,44
971,66,0,42
971,11,0,32
971,32,0,28
971,1,0,10
972,4,0,25
972,7,0,22
972,8,0,3
972,12,0,26
972,14,0,20
972,17,0,19
972,19,0,27
972,20,0,40
972,22,0,10
972,26,0,3
972,28,0,11
972,30,0,45
972,31,0,27
972,36,0,18
972,38,0,45
972,41,0,24
972,42,0,39
972,43,0,31
972,48,0,27
972,49,0,24
972,50,0,44
972,51,0,44
972,52,0,11
972,53,0,25
972,54,0,22
972,55,0,27
972,59,0,47
972,62,0,39
972,64,0,15
972,65,0,30
972,72,0,6
972,73,0,28
972,74,0,3
972,75,0,9
972,76,0,31
972,79,0,49
972,80,0,2
972,81,0,4
972,82,0,2
972,84,0,23
972,86,0,18
972,87,0,47
972,88,0,38
972,89,0,11
972,91,0,4
972,92,0,34
972,93,0,16
972,94,0,31
972,97,0,47
972,99,0,3
972,61,0,49
972,5,0,44
972,66,0,42
972,11,0,32
972,32,0,28
972,1,0,10
973,4,0,25
973,7,0,22
973,8,0,3
973,12,0,26
973,14,0,20
973,17,0,19
973,19,0,27
973,20,0,40
973,22,0,10
973,26,0,3
973,28,0,11
973,30,0,45
973,31,0,27
973,36,0,18
973,38,0,45
973,41,0,24
973,42,0,39
973,43,0,31
973,48,0,27
973,49,0,24
973,50,0,44
973,51,0,44
973,52,0,11
973,53,0,25
973,54,0,22
973,55,0,27
973,59,0,47
973,62,0,39
973,64,0,15
973,65,0,30
973,72,0,6
973,73,0,28
973,74,0,3
973,75,0,9
973,76,0,31
973,79,0,49
973,80,0,2
973,81,0,4
973,82,0,2
973,84,0,23
973,86,0,18
973,87,0,47
973,88,0,38
973,89,0,11
973,91,0,4
973,92,0,34
973,93,0,16
973,94,0,31
973,97,0,47
973,99,0,3
973,61,0,49
973,5,0,44
973,66,0,42
973,11,0,32
973,32,0,28
973,1,0,10
974,4,0,25
974,7,0,22
974,8,0,3
974,12,0,26
974,14,0,20
974,17,0,19
974,19,0,27
974,20,0,40
974,22,0,10
974,26,0,3
974,28,0,11
974,30,0,45
974,31,0,27
974,36,0,18
974,38,0,45
974,41,0,24
974,42,0,39
974,43,0,31
974,48,0,27
974,49,0,24
974,50,0,44
974,51,0,44
974,52,0,11
974,53,0,25
974,54,0,22
974,55,0,27
974,59,0,47
974,62,0,39
974,64,0,15
974,65,0,30
974,72,0,6
974,73,0,28
974,74,0,3
974,75,0,9
974,76,0,31
974,79,0,49
974,80,0,2
974,81,0,4
974,82,0,2
974,84,0,23
974,86,0,18
974,87,0,47
974,88,0,38
974,89,0,11
974,91,0,4
974,92,0,34
974,93,0,16
974,94,0,31
974,97,0,47
974,99,0,3
974,61,0,49
974,5,0,44
974,66,0,42
974,11,0,32
974,32,0,28
974,1,0,10
975,4,0,25
975,7,0,22
975,8,0,3
975,12,0,26
975,14,0,20
975,17,0,19
975,19,0,27
975,20,0,40
975,22,0,10
975,26,0,3
975,28,0,11
975,30,0,45
975,31,0,27
975,36,0,18
975,38,0,45
975,41,0,24
975,42,0,39
975,43,0,31
975,48,0,27
975,49,0,24
975,50,0,44
975,51,0,44
975,52,0,11
975,53,0,25
975,54,0,22
975,55,0,27
975,59,0,47
975,62,0,39
975,64,0,15
975,65,0,30
975,72,0,6
975,73,0,28
975,74,0,3
975,75,0,9
975,76,0,31
975,79,0,49
975,80,0,2
975,81,0,4
975,82,0,2
975,84,0,23
975,86,0,18
975,87,0,47
975,88,0,38
975,89,0,11
975,91,0,4
975,92,0,34
975,93,0,16
975,94,0,31
975,97,0,47
975,99,0,3
975,61,0,49
975,5,0,44
975,66,0,42
975,11,0,32
975,32,0,28
975,1,0,10
976,4,0,25
976,7,0,22
976,8,0,3
976,12,0,26
976,14,0,20
976,17,0,19
976,19,0,27
976,20,0,40
976,22,0,10
976,26,0,3
976,28,0,11
976,30,0,45
976,31,0,27
976,36,0,18
976,38,0,45
976,41,0,24
976,42,0,39
976,43,0,31
976,48,0,27
976,49,0,24
976,50,0,44
976,51,0,44
976,52,0,11
976,53,0,25
976,54,0,22
976,55,0,27
976,59,0,47
976,62,0,39
976,64,0,15
976,65,0,30
976,72,0,6
976,73,0,28
976,74,0,3
976,75,0,9
976,76,0,31
976,79,0,49
976,80,0,2
976,81,0,4
976,82,0,2
976,84,0,23
976,86,0,18
976,87,0,47
976,88,0,38
976,89,0,11
976,91,0,4
976,92,0,34
976,93,0,16
976,94,0,31
976,97,0,47
976,99,0,3
976,61,0,49
976,5,0,44
976,66,0,42
976,11,0,32
976,32,0,28
976,1,0,10
977,4,0,25
977,7,0,22
977,8,0,3
977,12,0,26
977,14,0,20
977,17,0,19
977,19,0,27
977,20,0,40
977,22,0,10
977,26,0,3
977,28,0,11
977,30,0,45
977,31,0,27
977,36,0,18
977,38,0,45
977,41,0,24
977,42,0,39
977,43,0,31
977,48,0,27
977,49,0,24
977,50,0,44
977,51,0,44
977,52,0,11
977,53,0,25
977,54,0,22
977,55,0,27
977,59,0,47
977,62,0,39
977,64,0,15
977,65,0,30
977,72,0,6
977,73,0,28
977,74,0,3
977,75,0,9
977,76,0,31
977,79,0,49
977,80,0,2
977,81,0,4
977,82,0,2
977,84,0,23
977,86,0,18
977,87,0,47
977,88,0,38
977,89,0,11
977,91,0,4
977,92,0,34
977,93,0,16
977,94,0,31
977,97,0,47
977,99,0,3
977,61,0,49
977,5,0,44
977,66,0,42
977,11,0,32
977,32,0,28
977,1,0,10
978,4,0,25
978,7,0,22
978,8,0,3
978,12,0,26
978,14,0,20
978,17,0,19
978,19,0,27
978,20,0,40
978,22,0,10
978,26,0,3
978,28,0,11
978,30,0,45
978,31,0,27
978,36,0,18
978,38,0,45
978,41,0,24
978,42,0,39
978,43,0,31
978,48,0,27
978,49,0,24
978,50,0,44
978,51,0,44
978,52,0,11
978,53,0,25
978,54,0,22
978,55,0,27
978,59,0,47
978,62,0,39
978,64,0,15
978,65,0,30
978,72,0,6
978,73,0,28
978,74,0,3
978,75,0,9
978,76,0,31
978,79,0,49
978,80,0,2
978,81,0,4
978,82,0,2
978,84,0,23
978,86,0,18
978,87,0,47
978,88,0,38
978,89,0,11
978,91,0,4
978,92,0,34
978,93,0,16
978,94,0,31
978,97,0,47
978,99,0,3
978,61,0,49
978,5,0,44
978,66,0,42
978,11,0,32
978,32,0,28
978,1,0,10
979,4,0,25
979,7,0,22
979,8,0,3
979,12,0,26
979,14,0,20
979,17,0,19
979,19,0,27
979,20,0,40
979,22,0,10
979,26,0,3
979,28,0,11
979,30,0,45
979,31,0,27
979,36,0,18
979,38,0,45
979,41,0,24
979,42,0,39
979,43,0,31
979,48,0,27
979,49,0,24
979,50,0,44
979,51,0,44
979,52,0,11
979,53,0,25
979,54,0,22
979,55,0,27
979,59,0,47
979,62,0,39
979,64,0,15
979,65,0,30
979,72,0,6
979,73,0,28
979,74,0,3
979,75,0,9
979,76,0,31
979,79,0,49
979,80,0,2
979,81,0,4
979,82,0,2
979,84,0,23
979,86,0,18
979,87,0,47
979,88,0,38
979,89,0,11
979,91,0,4
979,92,0,34
979,93,0,16
979,94,0,31
979,97,0,47
979,99,0,3
979,61,0,49
979,5,0,44
979,66,0,42
979,11,0,32
979,32,0,28
979,1,0,10
980,4,0,25
980,7,0,22
980,8,0,3
980,12,0,26
980,14,0,20
980,17,0,19
980,19,0,27
980,20,0,40
980,22,0,10
980,26,0,3
980,28,0,11
980,30,0,45
980,31,0,27
980,36,0,18
980,38,0,45
980,41,0,24
980,42,0,39
980,43,0,31
980,48,0,27
980,49,0,24
980,50,0,44
980,51,0,44
980,52,0,11
980,53,0,25
980,54,0,22
980,55,0,27
980,59,0,47
980,62,0,39
980,64,0,15
980,65,0,30
980,72,0,6
980,73,0,28
980,74,0,3
980,75,0,9
980,76,0,31
980,79,0,49
980,80,0,2
980,81,0,4
980,82,0,2
980,84,0,23
980,86,0,18
980,87,0,47
980,88,0,38
980,89,0,11
980,91,0,4
980,92,0,34
980,93,0,16
980,94,0,31
980,97,0,47
980,99,0,3
980,61,0,49
980,5,0,44
980,66,0,42
980,11,0,32
980,32,0,28
980,1,0,10
981,4,0,25
981,7,0,22
981,8,0,3
981,12,0,26
981,14,0,20
981,17,0,19
981,19,0,27
981,20,0,40
981,22,0,10
981,26,0,3
981,28,0,11
981,30,0,45
981,31,0,27
981,36,0,18
981,38,0,45
981,41,0,24
981,42,0,39
981,43,0,31
981,48,0,27
981,49,0,24
981,50,0,44
981,51,0,44
981,52,0,11
981,53,0,25
981,54,0,22
981,55,0,27
981,59,0,47
981,62,0,39
981,64,0,15
981,65,0,30
981,72,0,6
981,73,0,28
981,74,0,3
981,75,0,9
981,76,0,31
981,79,0,49
981,80,0,2
981,81,0,4
981,82,0,2
981,84,0,23
981,86,0,18
981,87,0,47
981,88,0,38
981,89,0,11
981,91,0,4
981,92,0,34
981,93,0,16
981,94,0,31
981,97,0,47
981,99,0,3
981,61,0,49
981,5,0,44
981,66,0,42
981,11,0,32
981,32,0,28
981,1,0,10
982,4,0,25
982,7,0,22
982,8,0,3
982,12,0,26
982,14,0,20
982,17,0,19
982,19,0,27
982,20,0,40
982,22,0,10
982,26,0,3
982,28,0,11
982,30,0,45
982,31,0,27
982,36,0,18
982,38,0,45
982,41,0,24
982,42,0,39
982,43,0,31
982,48,0,27
982,49,0,24
982,50,0,44
982,51,0,44
982,52,0,11
982,53,0,25
982,54,0,22
982,55,0,27
982,59,0,47
982,62,0,39
982,64,0,15
982,65,0,30
982,72,0,6
982,73,0,28
982,74,0,3
982,75,0,9
982,76,0,31
982,79,0,49
982,80,0,2
982,81,0,4
982,82,0,2
982,84,0,23
982,86,0,18
982,87,0,47
982,88,0,38
982,89,0,11
982,91,0,4
982,92,0,34
982,93,0,16
982,94,0,31
982,97,0,47
982,99,0,3
982,61,0,49
982,5,0,44
982,66,0,42
982,11,0,32
982,32,0,28
982,1,0,10
983,4,0,25
983,7,0,22
983,8,0,3
983,12,0,26
983,14,0,20
983,17,0,19
983,19,0,27
983,20,0,40
983,22,0,10
983,26,0,3
983,28,0,11
983,30,0,45
983,31,0,27
983,36,0,18
983,38,0,45
983,41,0,24
983,42,0,39
983,43,0,31
983,48,0,27
983,49,0,24
983,50,0,44
983,51,0,44
983,52,0,11
983,53,0,25
983,54,0,22
983,55,0,27
983,59,0,47
983,62,0,39
983,64,0,15
983,65,0,30
983,72,0,6
983,73,0,28
983,74,0,3
983,75,0,9
983,76,0,31
983,79,0,49
983,80,0,2
983,81,0,4
983,82,0,2
983,84,0,23
983,86,0,18
983,87,0,47
983,88,0,38
983,89,0,11
983,91,0,4
983,92,0,34
983,93,0,16
983,94,0,31
983,97,0,47
983,99,0,3
983,61,0,49
983,5,0,44
983,66,0,42
983,11,0,32
983,32,0,28
983,1,0,10
984,4,0,25
984,7,0,22
984,8,0,3
984,12,0,26
984,14,0,20
984,17,0,19
984,19,0,27
984,20,0,40
984,22,0,10
984,26,0,3
984,28,0,11
984,30,0,45
984,31,0,27
984,36,0,18
984,38,0,45
984,41,0,24
984,42,0,39
984,43,0,31
984,48,0,27
984,49,0,24
984,50,0,44
984,51,0,44
984,52,0,11
984,53,0,25
984,54,0,22
984,55,0,27
984,59,0,47
984,62,0,39
984,64,0,15
984,65,0,30
984,72,0,6
984,73,0,28
984,74,0,3
984,75,0,9
984,76,0,31
984,79,0,49
984,80,0,2
984,81,0,4
984,82,0,2
984,84,0,23
984,86,0,18
984,87,0,47
984,88,0,38
984,89,0,11
984,91,0,4
984,92,0,34
984,93,0,16
984,94,0,31
984,97,0,47
984,99,0,3
984,61,0,49
984,5,0,44
984,66,0,42
984,11,0,32
984,32,0,28
984,1,0,10
985,4,0,25
985,7,0,22
985,8,0,3
985,12,0,26
985,14,0,20
985,17,0,19
985,19,0,27
985,20,0,40
985,22,0,10
985,26,0,3
985,28,0,11
985,30,0,45
985,31,0,27
985,36,0,18
985,38,0,45
985,41,0,24
985,42,0,39
985,43,0,31
985,48,0,27
985,49,0,24
985,50,0,44
985,51,0,44
985,52,0,11
985,53,0,25
985,54,0,22
985,55,0,27
985,59,0,47
985,62,0,39
985,64,0,15
985,65,0,30
985,72,0,6
985,73,0,28
985,74,0,3
985,75,0,9
985,76,0,31
985,79,0,49
985,80,0,2
985,81,0,4
985,82,0,2
985,84,0,23
985,86,0,18
985,87,0,47
985,88,0,38
985,89,0,11
985,91,0,4
985,92,0,34
985,93,0,16
985,94,0,31
985,97,0,47
985,99,0,3
985,61,0,49
985,5,0,44
985,66,0,42
985,11,0,32
985,32,0,28
985,1,0,10
986,4,0,25
986,7,0,22
986,8,0,3
986,12,0,26
986,14,0,20
986,17,0,19
986,19,0,27
986,20,0,40
986,22,0,10
986,26,0,3
986,28,0,11
986,30,0,45
986,31,0,27
986,36,0,18
986,38,0,45
986,41,0,24
986,42,0,39
986,43,0,31
986,48,0,27
986,49,0,24
986,50,0,44
986,51,0,44
986,52,0,11
986,53,0,25
986,54,0,22
986,55,0,27
986,59,0,47
986,62,0,39
986,64,0,15
986,65,0,30
986,72,0,6
986,73,0,28
986,74,0,3
986,75,0,9
986,76,0,31
986,79,0,49
986,80,0,2
986,81,0,4
986,82,0,2
986,84,0,23
986,86,0,18
986,87,0,47
986,88,0,38
986,89,0,11
986,91,0,4
986,92,0,34
986,93,0,16
986,94,0,31
986,97,0,47
986,99,0,3
986,61,0,49
986,5,0,44
986,66,0,42
986,11,0,32
986,32,0,28
986,1,0,10
987,4,0,25
987,7,0,22
987,8,0,3
987,12,0,26
987,14,0,20
987,17,0,19
987,19,0,27
987,20,0,40
987,22,0,10
987,26,0,3
987,28,0,11
987,30,0,45
987,31,0,27
987,36,0,18
987,38,0,45
987,41,0,24
987,42,0,39
987,43,0,31
987,48,0,27
987,49,0,24
987,50,0,44
987,51,0,44
987,52,0,11
987,53,0,25
987,54,0,22
987,55,0,27
987,59,0,47
987,62,0,39
987,64,0,15
987,65,0,30
987,72,0,6
987,73,0,28
987,74,0,3
987,75,0,9
987,76,0,31
987,79,0,49
987,80,0,2
987,81,0,4
987,82,0,2
987,84,0,23
987,86,0,18
987,87,0,47
987,88,0,38
987,89,0,11
987,91,0,4
987,92,0,34
987,93,0,16
987,94,0,31
987,97,0,47
987,99,0,3
987,61,0,49
987,5,0,44
987,66,0,42
987,11,0,32
987,32,0,28
987,1,0,10
988,4,0,25
988,7,0,22
988,8,0,3
988,12,0,26
988,14,0,20
988,17,0,19
988,19,0,27
988,20,0,40
988,22,0,10
988,26,0,3
988,28,0,11
988,30,0,45
988,31,0,27
988,36,0,18
988,38,0,45
988,41,0,24
988,42,0,39
988,43,0,31
988,48,0,27
988,49,0,24
988,50,0,44
988,51,0,44
988,52,0,11
988,53,0,25
988,54,0,22
988,55,0,27
988,59,0,47
988,62,0,39
988,64,0,15
988,65,0,30
988,72,0,6
988,73,0,28
988,74,0,3
988,75,0,9
988,76,0,31
988,79,0,49
988,80,0,2
988,81,0,4
988,82,0,2
988,84,0,23
988,86,0,18
988,87,0,47
988,88,0,38
988,89,0,11
988,91,0,4
988,92,0,34
988,93,0,16
988,94,0,31
988,97,0,47
988,99,0,3
988,61,0,49
988,5,0,44
988,66,0,42
988,11,0,32
988,32,0,28
988,1,0,10
989,4,0,25
989,7,0,22
989,8,0,3
989,12,0,26
989,14,0,20
989,17,0,19
989,19,0,27
989,20,0,40
989,22,0,10
989,26,0,3
989,28,0,11
989,30,0,45
989,31,0,27
989,36,0,18
989,38,0,45
989,41,0,24
989,42,0,39
989,43,0,31
989,48,0,27
989,49,0,24
989,50,0,44
989,51,0,44
989,52,0,11
989,53,0,25
989,54,0,22
989,55,0,27
989,59,0,47
989,62,0,39
989,64,0,15
989,65,0,30
989,72,0,6
989,73,0,28
989,74,0,3
989,75,0,9
989,76,0,31
989,79,0,49
989,80,0,2
989,81,0,4
989,82,0,2
989,84,0,23
989,86,0,18
989,87,0,47
989,88,0,38
989,89,0,11
989,91,0,4
989,92,0,34
989,93,0,16
989,94,0,31
989,97,0,47
989,99,0,3
989,61,0,49
989,5,0,44
989,66,0,42
989,11,0,32
989,32,0,28
989,1,0,10
990,4,0,25
990,7,0,22
990,8,0,3
990,12,0,26
990,14,0,20
990,17,0,19
990,19,0,27
990,20,0,40
990,22,0,10
990,26,0,3
990,28,0,11
990,30,0,45
990,31,0,27
990,36,0,18
990,38,0,45
990,41,0,24
990,42,0,39
990,43,0,31
990,48,0,27
990,49,0,24
990,50,0,44
990,51,0,44
990,52,0,11
990,53,0,25
990,54,0,22
990,55,0,27
990,59,0,47
990,62,0,39
990,64,0,15
990,65,0,30
990,72,0,6
990,73,0,28
990,74,0,3
990,75,0,9
990,76,0,31
990,79,0,49
990,80,0,2
990,81,0,4
990,82,0,2
990,84,0,23
990,86,0,18
990,87,0,47
990,88,0,38
990,89,0,11
990,91,0,4
990,92,0,34
990,93,0,16
990,94,0,31
990,97,0,47
990,99,0,3
990,61,0,49
990,5,0,44
990,66,0,42
990,11,0,32
990,32,0,28
990,1,0,10
991,4,0,25
991,7,0,22
991,8,0,3
991,12,0,26
991,14,0,20
991,17,0,19
991,19,0,27
991,20,0,40
991,22,0,10
991,26,0,3
991,28,0,11
991,30,0,45
991,31,0,27
991,36,0,18
991,38,0,45
991,41,0,24
991,42,0,39
991,43,0,31
991,48,0,27
991,49,0,24
991,50,0,44
991,51,0,44
991,52,0,11
991,53,0,25
991,54,0,22
991,55,0,27
991,59,0,47
991,62,0,39
991,64,0,15
991,65,0,30
991,72,0,6
991,73,0,28
991,74,0,3
991,75,0,9
991,76,0,31
991,79,0,49
991,80,0,2
991,81,0,4
991,82,0,2
991,84,0,23
991,86,0,18
991,87,0,47
991,88,0,38
991,89,0,11
991,91,0,4
991,92,0,34
991,93,0,16
991,94,0,31
991,97,0,47
991,99,0,3
991,61,0,49
991,5,0,44
991,66,0,42
991,11,0,32
991,32,0,28
991,1,0,10
992,4,0,25
992,7,0,22
992,8,0,3
992,12,0,26
992,14,0,20
992,17,0,19
992,19,0,27
992,20,0,40
992,22,0,10
992,26,0,3
992,28,0,11
992,30,0,45
992,31,0,27
992,36,0,18
992,38,0,45
992,41,0,24
992,42,0,39
992,43,0,31
992,48,0,27
992,49,0,24
992,50,0,44
992,51,0,44
992,52,0,11
992,53,0,25
992,54,0,22
992,55,0,27
992,59,0,47
992,62,0,39
992,64,0,15
992,65,0,30
992,72,0,6
992,73,0,28
992,74,0,3
992,75,0,9
992,76,0,31
992,79,0,49
992,80,0,2
992,81,0,4
992,82,0,2
992,84,0,23
992,86,0,18
992,87,0,47
992,88,0,38
992,89,0,11
992,91,0,4
992,92,0,34
992,93,0,16
992,94,0,31
992,97,0,47
992,99,0,3
992,61,0,49
992,5,0,44
992,66,0,42
992,11,0,32
992,32,0,28
992,1,0,10
993,4,0,25
993,7,0,22
993,8,0,3
993,12,0,26
993,14,0,20
993,17,0,19
993,19,0,27
993,20,0,40
993,22,0,10
993,26,0,3
993,28,0,11
993,30,0,45
993,31,0,27
993,36,0,18
993,38,0,45
993,41,0,24
993,42,0,39
993,43,0,31
993,48,0,27
993,49,0,24
993,50,0,44
993,51,0,44
993,52,0,11
993,53,0,25
993,54,0,22
993,55,0,27
993,59,0,47
993,62,0,39
993,64,0,15
993,65,0,30
993,72,0,6
993,73,0,28
993,74,0,3
993,75,0,9
993,76,0,31
993,79,0,49
993,80,0,2
993,81,0,4
993,82,0,2
993,84,0,23
993,86,0,18
993,87,0,47
993,88,0,38
993,89,0,11
993,91,0,4
993,92,0,34
993,93,0,16
993,94,0,31
993,97,0,47
993,99,0,3
993,61,0,49
993,5,0,44
993,66,0,42
993,11,0,32
993,32,0,28
993,1,0,10
994,4,0,25
994,7,0,22
994,8,0,3
994,12,0,26
994,14,0,20
994,17,0,19
994,19,0,27
994,20,0,40
994,22,0,10
994,26,0,3
994,28,0,11
994,30,0,45
994,31,0,27
994,36,0,18
994,38,0,45
994,41,0,24
994,42,0,39
994,43,0,31
994,48,0,27
994,49,0,24
994,50,0,44
994,51,0,44
994,52,0,11
994,53,0,25
994,54,0,22
994,55,0,27
994,59,0,47
994,62,0,39
994,64,0,15
994,65,0,30
994,72,0,6
994,73,0,28
994,74,0,3
994,75,0,9
994,76,0,31
994,79,0,49
994,80,0,2
994,81,0,4
994,82,0,2
994,84,0,23
994,86,0,18
994,87,0,47
994,88,0,38
994,89,0,11
994,91,0,4
994,92,0,34
994,93,0,16
994,94,0,31
994,97,0,47
994,99,0,3
994,61,0,49
994,5,0,44
994,66,0,42
994,11,0,32
994,32,0,28
994,1,0,10
995,4,0,25
995,7,0,22
995,8,0,3
995,12,0,26
995,14,0,20
995,17,0,19
995,19,0,27
995,20,0,40
995,22,0,10
995,26,0,3
995,28,0,11
995,30,0,45
995,31,0,27
995,36,0,18
995,38,0,45
995,41,0,24
995,42,0,39
995,43,0,31
995,48,0,27
995,49,0,24
995,50,0,44
995,51,0,44
995,52,0,11
995,53,0,25
995,54,0,22
995,55,0,27
995,59,0,47
995,62,0,39
995,64,0,15
995,65,0,30
995,72,0,6
995,73,0,28
995,74,0,3
995,75,0,9
995,76,0,31
995,79,0,49
995,80,0,2
995,81,0,4
995,82,0,2
995,84,0,23
995,86,0,18
995,87,0,47
995,88,0,38
995,89,0,11
995,91,0,4
995,92,0,34
995,93,0,16
995,94,0,31
995,97,0,47
995,99,0,3
995,61,0,49
995,5,0,44
995,66,0,42
995,11,0,32
995,32,0,28
995,1,0,10
996,4,0,25
996,7,0,22
996,8,0,3
996,12,0,26
996,14,0,20
996,17,0,19
996,19,0,27
996,20,0,40
996,22,0,10
996,26,0,3
996,28,0,11
996,30,0,45
996,31,0,27
996,36,0,18
996,38,0,45
996,41,0,24
996,42,0,39
996,43,0,31
996,48,0,27
996,49,0,24
996,50,0,44
996,51,0,44
996,52,0,11
996,53,0,25
996,54,0,22
996,55,0,27
996,59,0,47
996,62,0,39
996,64,0,15
996,65,0,30
996,72,0,6
996,73,0,28
996,74,0,3
996,75,0,9
996,76,0,31
996,79,0,49
996,80,0,2
996,81,0,4
996,82,0,2
996,84,0,23
996,86,0,18
996,87,0,47
996,88,0,38
996,89,0,11
996,91,0,4
996,92,0,34
996,93,0,16
996,94,0,31
996,97,0,47
996,99,0,3
996,61,0,49
996,5,0,44
996,66,0,42
996,11,0,32
996,32,0,28
996,1,0,10
997,4,0,25
997,7,0,22
997,8,0,3
997,12,0,26
997,14,0,20
997,17,0,19
997,19,0,27
997,20,0,40
997,22,0,10
997,26,0,3
997,28,0,11
997,30,0,45
997,31,0,27
997,36,0,18
997,38,0,45
997,41,0,24
997,42,0,39
997,43,0,31
997,48,0,27
997,49,0,24
997,50,0,44
997,51,0,44
997,52,0,11
997,53,0,25
997,54,0,22
997,55,0,27
997,59,0,47
997,62,0,39
997,64,0,15
997,65,0,30
997,72,0,6
997,73,0,28
997,74,0,3
997,75,0,9
997,76,0,31
997,79,0,49
997,80,0,2
997,81,0,4
997,82,0,2
997,84,0,23
997,86,0,18
997,87,0,47
997,88,0,38
997,89,0,11
997,91,0,4
997,92,0,34
997,93,0,16
997,94,0,31
997,97,0,47
997,99,0,3
997,61,0,49
997,5,0,44
997,66,0,42
997,11,0,32
997,32,0,28
997,1,0,10
998,4,0,25
998,7,0,22
998,8,0,3
998,12,0,26
998,14,0,20
998,17,0,19
998,19,0,27
998,20,0,40
998,22,0,10
998,26,0,3
998,28,0,11
998,30,0,45
998,31,0,27
998,36,0,18
998,38,0,45
998,41,0,24
998,42,0,39
998,43,0,31
998,48,0,27
998,49,0,24
998,50,0,44
998,51,0,44
998,52,0,11
998,53,0,25
998,54,0,22
998,55,0,27
998,59,0,47
998,62,0,39
998,64,0,15
998,65,0,30
998,72,0,6
998,73,0,28
998,74,0,3
998,75,0,9
998,76,0,31
998,79,0,49
998,80,0,2
998,81,0,4
998,82,0,2
998,84,0,23
998,86,0,18
998,87,0,47
998,88,0,38
998,89,0,11
998,91,0,4
998,92,0,34
998,93,0,16
998,94,0,31
998,97,0,47
998,99,0,3
998,61,0,49
998,5,0,44
998,66,0,42
998,11,0,32
998,32,0,28
998,1,0,10
999,4,0,25
999,7,0,22
999,8,0,3
999,12,0,26
999,14,0,20
999,17,0,19
999,19,0,27
999,20,0,40
999,22,0,10
999,26,0,3
999,28,0,11
999,30,0,45
999,31,0,27
999,36,0,18
999,38,0,45
999,41,0,24
999,42,0,39
999,43,0,31
999,48,0,27
999,49,0,24
999,50,0,44
999,51,0,44
999,52,0,11
999,53,0,25
999,54,0,22
999,55,0,27
999,59,0,47
999,62,0,39
999,64,0,15
999,65,0,30
999,72,0,6
999,73,0,28
999,74,0,3
999,75,0,9
999,76,0,31
999,79,0,49
999,80,0,2
999,81,0,4
999,82,0,2
999,84,0,23
999,86,0,18
999,87,0,47
999,88,0,38
999,89,0,11
999,91,0,4
999,92,0,34
999,93,0,16
999,94,0,31
999,97,0,47
999,99,0,3
999,61,0,49
999,5,0,44
999,66,0,42
999,11,0,32
999,32,0,28
999,1,0,10
